{"type":"FeatureCollection","features":[{"type":"Feature","id":"OSM-way-84730819","properties":{"id":"OSM-way-84730819","tag":"industrial","facilityId":"OSM-way-84730819","name":"Paradip Port","cpcbCategory":null,"source":"OpenStreetMap via Overpass bulk load (© OpenStreetMap contributors, ODbL)","refreshedAt":"2026-09-29T11:06:04.248Z","mappedSince":null,"osmTags":{"landuse":"industrial","name":"Paradip Port"}},"geometry":{"type":"Polygon","coordinates":[[[86.655983,20.288467],[86.654826,20.287427],[86.653134,20.287273],[86.652323,20.284106],[86.654982,20.282884],[86.655722,20.281025],[86.665118,20.263559],[86.667158,20.260656],[86.667461,20.260838],[86.667548,20.261104],[86.667621,20.261462],[86.667658,20.261901],[86.6677,20.26246],[86.667704,20.262657],[86.667681,20.262781],[86.667607,20.262915],[86.667532,20.263142],[86.66743,20.263399],[86.667425,20.263461],[86.667435,20.263515],[86.667483,20.263621],[86.66755,20.263979],[86.667576,20.26405],[86.667745,20.264379],[86.66795,20.264281],[86.667975,20.264284],[86.669873,20.267917],[86.669681,20.268012],[86.6697,20.268073],[86.669685,20.268112],[86.669617,20.268165],[86.669542,20.268378],[86.669548,20.268452],[86.669546,20.268548],[86.669425,20.268623],[86.66927,20.268768],[86.669238,20.268834],[86.666912,20.267842],[86.666603,20.268489],[86.668516,20.269303],[86.668315,20.269705],[86.668713,20.269873],[86.667963,20.27143],[86.666469,20.271315],[86.666463,20.271282],[86.666361,20.271284],[86.666311,20.271311],[86.666281,20.271333],[86.666229,20.271461],[86.666199,20.271553],[86.666149,20.271705],[86.666053,20.271997],[86.66605,20.272018],[86.666066,20.272036],[86.667432,20.272135],[86.667456,20.272145],[86.667461,20.272165],[86.6674,20.272325],[86.667373,20.272369],[86.667327,20.27238],[86.666685,20.272357],[86.666553,20.272502],[86.666473,20.272589],[86.666339,20.272618],[86.666226,20.272637],[86.666123,20.272722],[86.666024,20.272886],[86.665804,20.273414],[86.665683,20.273717],[86.66562,20.273857],[86.665599,20.274051],[86.665668,20.274589],[86.665977,20.275282],[86.666572,20.275988],[86.667203,20.27672],[86.667248,20.276747],[86.66729,20.276753],[86.667861,20.276466],[86.667885,20.276466],[86.667902,20.276484],[86.670905,20.282347],[86.670947,20.282398],[86.671006,20.282416],[86.672892,20.281523],[86.672922,20.281492],[86.672928,20.281458],[86.669799,20.275427],[86.669784,20.275371],[86.669809,20.275341],[86.672066,20.27431],[86.672096,20.274309],[86.67212,20.274326],[86.674952,20.279846],[86.674974,20.279872],[86.675012,20.279881],[86.675963,20.279443],[86.675996,20.279439],[86.676017,20.279447],[86.676127,20.279694],[86.676152,20.279715],[86.676188,20.279716],[86.677047,20.279299],[86.67718,20.279236],[86.677202,20.279228],[86.677209,20.279213],[86.677202,20.27919],[86.677147,20.279091],[86.677366,20.278979],[86.677426,20.278878],[86.677424,20.278753],[86.677189,20.278171],[86.677162,20.278105],[86.675572,20.274535],[86.675545,20.274474],[86.674959,20.273376],[86.674936,20.273296],[86.674789,20.272859],[86.674756,20.272783],[86.674499,20.272275],[86.674463,20.272201],[86.674247,20.271733],[86.674221,20.271677],[86.673993,20.271184],[86.673973,20.271083],[86.673989,20.270994],[86.674028,20.270884],[86.675097,20.269867],[86.675617,20.269611],[86.675636,20.269618],[86.679116,20.276029],[86.681927,20.274586],[86.680249,20.27173],[86.680048,20.271246],[86.679744,20.270762],[86.680149,20.270201],[86.688509,20.274456],[86.692893,20.277251],[86.687481,20.282679],[86.685634,20.2829],[86.68476,20.283212],[86.683855,20.283908],[86.683039,20.284773],[86.680206,20.288217],[86.679176,20.289806],[86.678762,20.290273],[86.678111,20.290765],[86.677391,20.291125],[86.676711,20.29136],[86.676225,20.291483],[86.67545,20.291548],[86.671628,20.291467],[86.668037,20.291177],[86.65737,20.290345],[86.656995,20.290241],[86.656578,20.289956],[86.656129,20.289245],[86.655983,20.288467]]]}},{"type":"Feature","id":"OSM-way-166334648","properties":{"id":"OSM-way-166334648","tag":"industrial","facilityId":"OSM-way-166334648","name":"IOCL Paradip Refinery Tankfarm","cpcbCategory":"Red","source":"OpenStreetMap via Overpass bulk load (© OpenStreetMap contributors, ODbL)","refreshedAt":"2026-09-29T11:06:04.248Z","mappedSince":null,"osmTags":{"industrial":"refinery","landuse":"industrial","name":"IOCL Paradip Refinery Tankfarm"}},"geometry":{"type":"Polygon","coordinates":[[[86.58007,20.266011],[86.579617,20.263887],[86.581252,20.26084],[86.581254,20.259725],[86.581226,20.259533],[86.580108,20.258906],[86.580052,20.258444],[86.581292,20.257828],[86.581543,20.25754],[86.581605,20.257655],[86.582068,20.25754],[86.582547,20.25814],[86.583141,20.257683],[86.583239,20.257779],[86.583961,20.257031],[86.584555,20.256876],[86.586353,20.255599],[86.586444,20.254791],[86.587154,20.252301],[86.588172,20.250813],[86.588312,20.250375],[86.589229,20.248952],[86.590947,20.246799],[86.591105,20.24636],[86.59134,20.246333],[86.59132,20.244308],[86.591323,20.242686],[86.591082,20.242691],[86.591409,20.239162],[86.591778,20.239018],[86.592111,20.238369],[86.593182,20.234946],[86.593165,20.233023],[86.593616,20.233017],[86.594232,20.231394],[86.599835,20.233783],[86.599954,20.234585],[86.600388,20.234647],[86.602936,20.235944],[86.603309,20.235768],[86.603374,20.236207],[86.604079,20.236172],[86.60444,20.236365],[86.611449,20.239195],[86.612614,20.240149],[86.611867,20.240696],[86.611949,20.240688],[86.612703,20.241303],[86.613801,20.242954],[86.61536,20.242206],[86.616055,20.242324],[86.616187,20.242682],[86.616487,20.243246],[86.616671,20.243151],[86.616707,20.243208],[86.617741,20.242668],[86.618016,20.242564],[86.618275,20.242389],[86.619458,20.245159],[86.618479,20.245275],[86.618484,20.245467],[86.615142,20.244991],[86.614652,20.244705],[86.612801,20.244697],[86.61208,20.244607],[86.611993,20.244529],[86.611628,20.244421],[86.609508,20.245134],[86.606629,20.246511],[86.603588,20.248434],[86.6033,20.248617],[86.601928,20.249485],[86.599093,20.251939],[86.597512,20.253952],[86.596228,20.255588],[86.593386,20.257387],[86.589537,20.259255],[86.588618,20.259236],[86.586761,20.260809],[86.586502,20.261113],[86.58007,20.266011]]]}},{"type":"Feature","id":"OSM-way-166334650","properties":{"id":"OSM-way-166334650","tag":"industrial","facilityId":"OSM-way-166334650","name":"Paradeep Phosphates Limited Township","cpcbCategory":null,"source":"OpenStreetMap via Overpass bulk load (© OpenStreetMap contributors, ODbL)","refreshedAt":"2026-09-29T11:06:04.248Z","mappedSince":null,"osmTags":{"landuse":"industrial","name":"Paradeep Phosphates Limited Township"}},"geometry":{"type":"Polygon","coordinates":[[[86.632666,20.271663],[86.633644,20.265826],[86.633367,20.265324],[86.632069,20.263017],[86.632673,20.2591],[86.63107,20.257095],[86.630501,20.255561],[86.631101,20.254203],[86.631406,20.253353],[86.632785,20.251617],[86.632591,20.250755],[86.632939,20.24972],[86.633974,20.249203],[86.637105,20.250051],[86.638218,20.249931],[86.638236,20.249784],[86.637806,20.249532],[86.634064,20.248442],[86.633433,20.248452],[86.633137,20.248412],[86.632493,20.248313],[86.630051,20.248656],[86.625538,20.249348],[86.624223,20.249581],[86.624253,20.253255],[86.61452,20.253779],[86.61387,20.260142],[86.609395,20.260113],[86.607551,20.272904],[86.608141,20.273692],[86.610142,20.276387],[86.610932,20.277361],[86.610671,20.277668],[86.610823,20.277966],[86.610709,20.278115],[86.610721,20.278875],[86.617388,20.27977],[86.619301,20.277666],[86.628281,20.279145],[86.628485,20.279005],[86.629917,20.27122],[86.632666,20.271663]]]}},{"type":"Feature","id":"OSM-way-201486015","properties":{"id":"OSM-way-201486015","tag":"industrial","facilityId":"OSM-way-201486015","name":"Essar Steel Odisha Limited","cpcbCategory":"Red","source":"OpenStreetMap via Overpass bulk load (© OpenStreetMap contributors, ODbL)","refreshedAt":"2026-09-29T11:06:04.248Z","mappedSince":null,"osmTags":{"landuse":"industrial","name":"Essar Steel Odisha Limited"}},"geometry":{"type":"Polygon","coordinates":[[[86.649043,20.312026],[86.649692,20.312255],[86.649611,20.312947],[86.649465,20.314199],[86.649407,20.314913],[86.649296,20.316285],[86.649191,20.316551],[86.648981,20.316841],[86.648783,20.316934],[86.647702,20.317438],[86.647614,20.317605],[86.647618,20.317804],[86.647722,20.317945],[86.649692,20.319037],[86.652722,20.322907],[86.649888,20.324675],[86.643723,20.322102],[86.645499,20.318255],[86.647446,20.314863],[86.649043,20.312026]]]}},{"type":"Feature","id":"OSM-way-201486017","properties":{"id":"OSM-way-201486017","tag":"industrial","facilityId":"OSM-way-201486017","name":"IFFCO Plant","cpcbCategory":null,"source":"OpenStreetMap via Overpass bulk load (© OpenStreetMap contributors, ODbL)","refreshedAt":"2026-09-29T11:06:04.248Z","mappedSince":null,"osmTags":{"landuse":"industrial","name":"IFFCO Plant"}},"geometry":{"type":"Polygon","coordinates":[[[86.657672,20.300877],[86.659968,20.298752],[86.660189,20.298651],[86.660809,20.299279],[86.660956,20.29928],[86.662218,20.298537],[86.664448,20.297123],[86.668353,20.295111],[86.669887,20.294891],[86.670755,20.294926],[86.669344,20.301077],[86.666581,20.302502],[86.666629,20.307742],[86.673275,20.307299],[86.673178,20.309344],[86.673203,20.310787],[86.668739,20.315372],[86.665784,20.31763],[86.662471,20.319339],[86.656996,20.322338],[86.654574,20.32202],[86.654637,20.315361],[86.651335,20.312331],[86.652488,20.31041],[86.653634,20.30842],[86.657672,20.300877]]]}},{"type":"Feature","id":"OSM-way-201486018","properties":{"id":"OSM-way-201486018","tag":"industrial","facilityId":null,"name":null,"cpcbCategory":null,"source":"OpenStreetMap via Overpass bulk load (© OpenStreetMap contributors, ODbL)","refreshedAt":"2026-09-29T11:06:04.248Z","mappedSince":null,"osmTags":{"landuse":"industrial"}},"geometry":{"type":"Polygon","coordinates":[[[86.614081,20.302127],[86.619671,20.302105],[86.620094,20.305915],[86.618685,20.308052],[86.618638,20.310475],[86.617778,20.310597],[86.614081,20.302127]]]}},{"type":"Feature","id":"OSM-way-475763757","properties":{"id":"OSM-way-475763757","tag":"industrial","facilityId":"OSM-way-475763757","name":"Cargill Foods Industry","cpcbCategory":null,"source":"OpenStreetMap via Overpass bulk load (© OpenStreetMap contributors, ODbL)","refreshedAt":"2026-09-29T11:06:04.248Z","mappedSince":null,"osmTags":{"landuse":"industrial","name":"Cargill Foods Industry"}},"geometry":{"type":"Polygon","coordinates":[[[86.637625,20.286946],[86.638157,20.284784],[86.640955,20.285384],[86.641765,20.28622],[86.639232,20.287286],[86.637625,20.286946]]]}},{"type":"Feature","id":"OSM-way-476615816","properties":{"id":"OSM-way-476615816","tag":"industrial","facilityId":"OSM-way-476615816","name":"IOCL Oil Refinery / Petrochemical Plant","cpcbCategory":"Red","source":"OpenStreetMap via Overpass bulk load (© OpenStreetMap contributors, ODbL)","refreshedAt":"2026-09-29T11:06:04.248Z","mappedSince":null,"osmTags":{"landuse":"industrial","name":"IOCL Oil Refinery / Petrochemical Plant"}},"geometry":{"type":"Polygon","coordinates":[[[86.596279,20.273943],[86.596218,20.274289],[86.595863,20.273948],[86.594658,20.273702],[86.594593,20.273124],[86.593028,20.273058],[86.593155,20.27104],[86.591449,20.270323],[86.590855,20.270277],[86.59031,20.268603],[86.58837,20.266558],[86.58837,20.266399],[86.588427,20.266193],[86.589333,20.264699],[86.588589,20.264314],[86.589665,20.26349],[86.591619,20.262534],[86.593049,20.261706],[86.596017,20.259718],[86.596248,20.259567],[86.596956,20.259229],[86.599306,20.257468],[86.600137,20.256844],[86.602025,20.255223],[86.602884,20.254479],[86.603281,20.254192],[86.604327,20.253502],[86.606172,20.252294],[86.606167,20.25158],[86.6033,20.248617],[86.603588,20.248434],[86.606934,20.251786],[86.609734,20.249979],[86.612663,20.248057],[86.612883,20.247926],[86.613108,20.247891],[86.614584,20.247921],[86.616864,20.248684],[86.617203,20.248754],[86.617578,20.249216],[86.619316,20.249476],[86.619772,20.249459],[86.620228,20.250569],[86.621165,20.250552],[86.621183,20.252621],[86.616673,20.252777],[86.613672,20.252968],[86.612976,20.259068],[86.608306,20.258972],[86.606854,20.269017],[86.605797,20.269505],[86.604789,20.273037],[86.603976,20.275027],[86.601301,20.275043],[86.601097,20.275134],[86.599781,20.272309],[86.599151,20.272545],[86.599029,20.272605],[86.596279,20.273943]]]}},{"type":"Feature","id":"OSM-way-476855038","properties":{"id":"OSM-way-476855038","tag":"industrial","facilityId":"OSM-way-476855038","name":"Hindustan Petroleum Corporation Limited","cpcbCategory":"Red","source":"OpenStreetMap via Overpass bulk load (© OpenStreetMap contributors, ODbL)","refreshedAt":"2026-09-29T11:06:04.248Z","mappedSince":null,"osmTags":{"industrial":"refinery","landuse":"industrial","name":"Hindustan Petroleum Corporation Limited"}},"geometry":{"type":"Polygon","coordinates":[[[86.618883,20.281651],[86.621774,20.282096],[86.625243,20.282631],[86.625095,20.283499],[86.62472,20.285592],[86.622493,20.285376],[86.622079,20.285528],[86.621911,20.285327],[86.621801,20.285318],[86.621431,20.284888],[86.621485,20.284853],[86.620927,20.284153],[86.620133,20.283192],[86.618883,20.281651]]]}},{"type":"Feature","id":"OSM-way-476855039","properties":{"id":"OSM-way-476855039","tag":"industrial","facilityId":"OSM-way-476855039","name":"IOCL Terminal","cpcbCategory":"Red","source":"OpenStreetMap via Overpass bulk load (© OpenStreetMap contributors, ODbL)","refreshedAt":"2026-09-29T11:06:04.248Z","mappedSince":null,"osmTags":{"industrial":"refinery","landuse":"industrial","name":"IOCL Terminal"}},"geometry":{"type":"Polygon","coordinates":[[[86.622079,20.285528],[86.622278,20.285779],[86.622993,20.286509],[86.623987,20.287496],[86.623963,20.287583],[86.624345,20.288071],[86.624406,20.28806],[86.625121,20.288971],[86.625495,20.288693],[86.625597,20.288777],[86.625851,20.287765],[86.626412,20.28793],[86.628959,20.288681],[86.630853,20.288055],[86.631189,20.287944],[86.631075,20.287326],[86.631026,20.286789],[86.631146,20.286217],[86.631444,20.285434],[86.631805,20.28473],[86.631896,20.284292],[86.631996,20.283714],[86.625243,20.282631],[86.625095,20.283499],[86.62472,20.285592],[86.622493,20.285376],[86.622079,20.285528]]]}},{"type":"Feature","id":"OSM-way-499105807","properties":{"id":"OSM-way-499105807","tag":"industrial","facilityId":"OSM-way-499105807","name":"Paradip Essar Power Plant","cpcbCategory":"Red","source":"OpenStreetMap via Overpass bulk load (© OpenStreetMap contributors, ODbL)","refreshedAt":"2026-09-29T11:06:04.248Z","mappedSince":null,"osmTags":{"landuse":"industrial","name:en":"Paradip Essar Power Plant","plant:method":"combustion","plant:output:electricity":"yes","plant:source":"coal","power":"plant","source":"https://www.gem.wiki/Paradip_power_station"}},"geometry":{"type":"Polygon","coordinates":[[[86.641292,20.309965],[86.641268,20.309862],[86.641829,20.309206],[86.642486,20.309767],[86.642768,20.309616],[86.643679,20.308579],[86.64373,20.308252],[86.644302,20.307636],[86.649175,20.311628],[86.649043,20.312026],[86.647446,20.314863],[86.641292,20.309965]]]}},{"type":"Feature","id":"OSM-way-566728606","properties":{"id":"OSM-way-566728606","tag":"farmland","facilityId":null,"name":null,"cpcbCategory":null,"source":"OpenStreetMap via Overpass bulk load (© OpenStreetMap contributors, ODbL)","refreshedAt":"2026-09-29T11:06:04.248Z","mappedSince":null,"osmTags":{"landuse":"farmland"}},"geometry":{"type":"Polygon","coordinates":[[[86.585323,20.255481],[86.586269,20.255257],[86.586516,20.254299],[86.58702,20.252489],[86.587122,20.25221],[86.58761,20.251498],[86.587897,20.25107],[86.588093,20.250851],[86.588235,20.250315],[86.588541,20.249877],[86.589013,20.249115],[86.589389,20.248629],[86.590054,20.247801],[86.590692,20.246978],[86.590904,20.246659],[86.591025,20.246291],[86.591253,20.246226],[86.591245,20.244726],[86.591253,20.242831],[86.591256,20.24273],[86.590996,20.242738],[86.591154,20.241092],[86.59136,20.239114],[86.591752,20.238971],[86.592028,20.238445],[86.592111,20.238191],[86.592465,20.237015],[86.592999,20.235342],[86.593112,20.234949],[86.593112,20.233628],[86.593026,20.232898],[86.593581,20.23291],[86.594185,20.231317],[86.595724,20.231989],[86.597685,20.232815],[86.598755,20.233278],[86.599039,20.233306],[86.598921,20.232853],[86.599302,20.232908],[86.599568,20.232933],[86.599707,20.233162],[86.599831,20.23328],[86.600088,20.233323],[86.600139,20.233155],[86.599868,20.233152],[86.59967,20.232777],[86.599168,20.23252],[86.598624,20.232598],[86.598479,20.232664],[86.598275,20.232561],[86.598119,20.232619],[86.597612,20.231567],[86.59746,20.231499],[86.597358,20.231234],[86.597173,20.231237],[86.597036,20.231131],[86.59643,20.231323],[86.596245,20.230983],[86.595671,20.231302],[86.595249,20.230849],[86.595207,20.2306],[86.594721,20.230039],[86.594557,20.229898],[86.593514,20.231056],[86.592734,20.2325],[86.59209,20.233859],[86.591781,20.235123],[86.591473,20.236512],[86.591012,20.237992],[86.590692,20.238515],[86.590545,20.238777],[86.589979,20.238898],[86.590097,20.240234],[86.589957,20.241233],[86.590282,20.241434],[86.590108,20.241757],[86.589735,20.242519],[86.589998,20.242957],[86.590306,20.242984],[86.590427,20.243264],[86.590502,20.244185],[86.59055,20.24454],[86.590658,20.244605],[86.590743,20.244411],[86.591111,20.244089],[86.591108,20.24456],[86.590851,20.244882],[86.590456,20.24541],[86.590282,20.245785],[86.590218,20.246082],[86.590172,20.246249],[86.590019,20.246508],[86.589821,20.24685],[86.589563,20.247215],[86.589571,20.247416],[86.589096,20.247763],[86.588901,20.248164],[86.589091,20.248405],[86.589051,20.248516],[86.588954,20.248579],[86.588724,20.248531],[86.588651,20.248569],[86.588614,20.248652],[86.588568,20.24878],[86.588203,20.249205],[86.588201,20.249278],[86.588075,20.249336],[86.587812,20.249641],[86.587573,20.24988],[86.58694,20.250524],[86.586599,20.250911],[86.586417,20.251188],[86.586382,20.251551],[86.586277,20.251963],[86.586151,20.252346],[86.586141,20.252602],[86.585856,20.25342],[86.585773,20.253803],[86.585752,20.253903],[86.585433,20.254784],[86.585344,20.255094],[86.585323,20.255481]]]}},{"type":"Feature","id":"OSM-way-566728608","properties":{"id":"OSM-way-566728608","tag":"industrial","facilityId":null,"name":null,"cpcbCategory":null,"source":"OpenStreetMap via Overpass bulk load (© OpenStreetMap contributors, ODbL)","refreshedAt":"2026-09-29T11:06:04.248Z","mappedSince":null,"osmTags":{"barrier":"fence","landuse":"industrial"}},"geometry":{"type":"Polygon","coordinates":[[[86.583905,20.254727],[86.584013,20.254826],[86.584128,20.254715],[86.58402,20.254616],[86.583905,20.254727]]]}},{"type":"Feature","id":"OSM-way-566728609","properties":{"id":"OSM-way-566728609","tag":"industrial","facilityId":null,"name":null,"cpcbCategory":null,"source":"OpenStreetMap via Overpass bulk load (© OpenStreetMap contributors, ODbL)","refreshedAt":"2026-09-29T11:06:04.248Z","mappedSince":null,"osmTags":{"barrier":"fence","landuse":"industrial"}},"geometry":{"type":"Polygon","coordinates":[[[86.583796,20.254588],[86.583905,20.254687],[86.58402,20.254576],[86.583912,20.254477],[86.583796,20.254588]]]}},{"type":"Feature","id":"OSM-way-594314243","properties":{"id":"OSM-way-594314243","tag":"industrial","facilityId":null,"name":null,"cpcbCategory":null,"source":"OpenStreetMap via Overpass bulk load (© OpenStreetMap contributors, ODbL)","refreshedAt":"2026-09-29T11:06:04.248Z","mappedSince":null,"osmTags":{"landuse":"industrial"}},"geometry":{"type":"Polygon","coordinates":[[[86.671523,20.259052],[86.672893,20.261694],[86.671447,20.26259],[86.671335,20.262659],[86.671216,20.262669],[86.671164,20.262589],[86.671192,20.262496],[86.670669,20.261651],[86.67049,20.261366],[86.670347,20.261084],[86.670235,20.26079],[86.670118,20.260465],[86.669878,20.259819],[86.671523,20.259052]]]}},{"type":"Feature","id":"OSM-way-831800032","properties":{"id":"OSM-way-831800032","tag":"forest","facilityId":null,"name":null,"cpcbCategory":null,"source":"OpenStreetMap via Overpass bulk load (© OpenStreetMap contributors, ODbL)","refreshedAt":"2026-09-29T11:06:04.248Z","mappedSince":null,"osmTags":{"natural":"wood"}},"geometry":{"type":"Polygon","coordinates":[[[86.584601,20.232873],[86.584555,20.232588],[86.584365,20.232312],[86.584317,20.232047],[86.584199,20.231866],[86.584266,20.231634],[86.584438,20.231453],[86.584743,20.231209],[86.584934,20.231697],[86.585127,20.232047],[86.585441,20.232249],[86.585636,20.232593],[86.585382,20.232641],[86.585358,20.23282],[86.585419,20.233009],[86.585052,20.233034],[86.584926,20.232906],[86.584657,20.232961],[86.584601,20.232873]]]}},{"type":"Feature","id":"OSM-way-831800033","properties":{"id":"OSM-way-831800033","tag":"forest","facilityId":null,"name":null,"cpcbCategory":null,"source":"OpenStreetMap via Overpass bulk load (© OpenStreetMap contributors, ODbL)","refreshedAt":"2026-09-29T11:06:04.248Z","mappedSince":null,"osmTags":{"natural":"wood"}},"geometry":{"type":"Polygon","coordinates":[[[86.587388,20.23095],[86.587066,20.230844],[86.586886,20.230766],[86.586983,20.23059],[86.587299,20.230718],[86.587077,20.230424],[86.587203,20.230203],[86.58749,20.230137],[86.5876,20.230454],[86.587495,20.230608],[86.587635,20.230789],[86.587568,20.230887],[86.587388,20.23095]]]}},{"type":"Feature","id":"OSM-way-1108634540","properties":{"id":"OSM-way-1108634540","tag":"industrial","facilityId":"OSM-way-1108634540","name":"Paradip Refinery Captive Power Plant","cpcbCategory":"Red","source":"OpenStreetMap via Overpass bulk load (© OpenStreetMap contributors, ODbL)","refreshedAt":"2026-09-29T11:06:04.248Z","mappedSince":null,"osmTags":{"landuse":"industrial","name":"Paradip Refinery Captive Power Plant","plant:output:electricity":"366 MW","power":"plant","source":"https://www.nsenergybusiness.com/projects/iocl-paradip-refinery/"}},"geometry":{"type":"Polygon","coordinates":[[[86.590256,20.258159],[86.590219,20.25511],[86.594512,20.255079],[86.594533,20.256375],[86.593274,20.257197],[86.592194,20.25774],[86.591215,20.25816],[86.590256,20.258159]]]}},{"type":"Feature","id":"OSM-way-1201236217","properties":{"id":"OSM-way-1201236217","tag":"industrial","facilityId":"OSM-way-1201236217","name":"Paradeep Phosphates Limited","cpcbCategory":null,"source":"OpenStreetMap via Overpass bulk load (© OpenStreetMap contributors, ODbL)","refreshedAt":"2026-09-29T11:06:04.248Z","mappedSince":null,"osmTags":{"landuse":"industrial","name":"Paradeep Phosphates Limited"}},"geometry":{"type":"Polygon","coordinates":[[[86.631746,20.279649],[86.631562,20.280725],[86.650532,20.283746],[86.649524,20.2813],[86.649074,20.279639],[86.648633,20.279329],[86.646791,20.278863],[86.646457,20.278273],[86.647044,20.27621],[86.64673,20.274992],[86.646109,20.274633],[86.644953,20.274535],[86.644387,20.27434],[86.643923,20.273709],[86.644319,20.271495],[86.642977,20.271395],[86.642738,20.271255],[86.641361,20.27023],[86.639787,20.269609],[86.63811,20.268718],[86.637505,20.268239],[86.635864,20.267495],[86.633989,20.266453],[86.632959,20.27193],[86.637851,20.272775],[86.637754,20.27354],[86.638656,20.273711],[86.63828,20.275824],[86.637486,20.275714],[86.637175,20.277535],[86.636027,20.277535],[86.635823,20.27834],[86.632057,20.277807],[86.631746,20.279649]]]}},{"type":"Feature","id":"OSM-way-1201236222","properties":{"id":"OSM-way-1201236222","tag":"industrial","facilityId":null,"name":null,"cpcbCategory":null,"source":"OpenStreetMap via Overpass bulk load (© OpenStreetMap contributors, ODbL)","refreshedAt":"2026-09-29T11:06:04.248Z","mappedSince":null,"osmTags":{"landuse":"industrial"}},"geometry":{"type":"Polygon","coordinates":[[[86.653333,20.281032],[86.653901,20.280424],[86.654051,20.280393],[86.655468,20.280881],[86.654765,20.282089],[86.654631,20.282089],[86.654406,20.282004],[86.653333,20.281032]]]}},{"type":"Feature","id":"OSM-way-1201236226","properties":{"id":"OSM-way-1201236226","tag":"industrial","facilityId":null,"name":null,"cpcbCategory":null,"source":"OpenStreetMap via Overpass bulk load (© OpenStreetMap contributors, ODbL)","refreshedAt":"2026-09-29T11:06:04.248Z","mappedSince":null,"osmTags":{"landuse":"industrial"}},"geometry":{"type":"Polygon","coordinates":[[[86.630853,20.288055],[86.631038,20.28853],[86.631103,20.288952],[86.631163,20.289048],[86.631296,20.289259],[86.629155,20.291076],[86.627482,20.291901],[86.625749,20.289783],[86.626412,20.28793],[86.628959,20.288681],[86.630853,20.288055]]]}},{"type":"Feature","id":"OSM-way-1216134832","properties":{"id":"OSM-way-1216134832","tag":"industrial","facilityId":"OSM-way-1216134832","name":"IFFCO (Oswal) Power Station","cpcbCategory":"Red","source":"OpenStreetMap via Overpass bulk load (© OpenStreetMap contributors, ODbL)","refreshedAt":"2026-09-29T11:06:04.248Z","mappedSince":null,"osmTags":{"landuse":"industrial","name:en":"IFFCO (Oswal) Power Station","plant:method":"combustion","plant:output:electricity":"yes","plant:source":"coal","power":"plant","source":"http://www.sulphuric-acid.com/sulphuric-acid-on-the-web/acid%20plants/IFFCO%20-%20Paradeep.htm;https://www.gem.wiki/Paradip_Oswal_power_station"}},"geometry":{"type":"Polygon","coordinates":[[[86.658512,20.312991],[86.658511,20.312433],[86.655369,20.312436],[86.654939,20.31144],[86.656783,20.310741],[86.657715,20.310614],[86.657882,20.311688],[86.658361,20.311919],[86.661366,20.311915],[86.661367,20.312988],[86.658512,20.312991]]]}},{"type":"Feature","id":"OSM-way-1388832265","properties":{"id":"OSM-way-1388832265","tag":"farmland","facilityId":null,"name":null,"cpcbCategory":null,"source":"OpenStreetMap via Overpass bulk load (© OpenStreetMap contributors, ODbL)","refreshedAt":"2026-09-29T11:06:04.248Z","mappedSince":null,"osmTags":{"landuse":"farmland"}},"geometry":{"type":"Polygon","coordinates":[[[86.586919,20.240199],[86.586819,20.240011],[86.587259,20.239838],[86.587331,20.240031],[86.586919,20.240199]]]}},{"type":"Feature","id":"OSM-way-1388832266","properties":{"id":"OSM-way-1388832266","tag":"farmland","facilityId":null,"name":null,"cpcbCategory":null,"source":"OpenStreetMap via Overpass bulk load (© OpenStreetMap contributors, ODbL)","refreshedAt":"2026-09-29T11:06:04.248Z","mappedSince":null,"osmTags":{"landuse":"farmland"}},"geometry":{"type":"Polygon","coordinates":[[[86.586819,20.240011],[86.586704,20.239839],[86.587109,20.239628],[86.587259,20.239838],[86.586819,20.240011]]]}},{"type":"Feature","id":"OSM-way-1388832267","properties":{"id":"OSM-way-1388832267","tag":"farmland","facilityId":null,"name":null,"cpcbCategory":null,"source":"OpenStreetMap via Overpass bulk load (© OpenStreetMap contributors, ODbL)","refreshedAt":"2026-09-29T11:06:04.248Z","mappedSince":null,"osmTags":{"landuse":"farmland"}},"geometry":{"type":"Polygon","coordinates":[[[86.586704,20.239839],[86.586396,20.239391],[86.586549,20.239313],[86.586707,20.239536],[86.587007,20.239415],[86.587109,20.239628],[86.586704,20.239839]]]}},{"type":"Feature","id":"OSM-way-1388832268","properties":{"id":"OSM-way-1388832268","tag":"farmland","facilityId":null,"name":null,"cpcbCategory":null,"source":"OpenStreetMap via Overpass bulk load (© OpenStreetMap contributors, ODbL)","refreshedAt":"2026-09-29T11:06:04.248Z","mappedSince":null,"osmTags":{"landuse":"farmland"}},"geometry":{"type":"Polygon","coordinates":[[[86.586707,20.239536],[86.586549,20.239313],[86.586882,20.239105],[86.587007,20.239415],[86.586707,20.239536]]]}},{"type":"Feature","id":"OSM-way-1388832269","properties":{"id":"OSM-way-1388832269","tag":"forest","facilityId":null,"name":null,"cpcbCategory":null,"source":"OpenStreetMap via Overpass bulk load (© OpenStreetMap contributors, ODbL)","refreshedAt":"2026-09-29T11:06:04.248Z","mappedSince":null,"osmTags":{"landuse":"forest"}},"geometry":{"type":"Polygon","coordinates":[[[86.586156,20.239972],[86.586137,20.239838],[86.586153,20.2396],[86.586429,20.239514],[86.586681,20.239865],[86.586156,20.239972]]]}},{"type":"Feature","id":"OSM-way-1388832270","properties":{"id":"OSM-way-1388832270","tag":"farmland","facilityId":null,"name":null,"cpcbCategory":null,"source":"OpenStreetMap via Overpass bulk load (© OpenStreetMap contributors, ODbL)","refreshedAt":"2026-09-29T11:06:04.248Z","mappedSince":null,"osmTags":{"landuse":"farmland"}},"geometry":{"type":"Polygon","coordinates":[[[86.587294,20.239803],[86.587095,20.239469],[86.587323,20.239332],[86.587468,20.239645],[86.587294,20.239803]]]}},{"type":"Feature","id":"OSM-way-1388832271","properties":{"id":"OSM-way-1388832271","tag":"farmland","facilityId":null,"name":null,"cpcbCategory":null,"source":"OpenStreetMap via Overpass bulk load (© OpenStreetMap contributors, ODbL)","refreshedAt":"2026-09-29T11:06:04.248Z","mappedSince":null,"osmTags":{"landuse":"farmland"}},"geometry":{"type":"Polygon","coordinates":[[[86.586085,20.239179],[86.58596,20.238879],[86.586297,20.238713],[86.586443,20.238978],[86.586085,20.239179]]]}},{"type":"Feature","id":"OSM-way-353817827","properties":{"id":"OSM-way-353817827","tag":"forest","facilityId":null,"name":"Sir Peter Scott Nature Park","cpcbCategory":null,"source":"OpenStreetMap via Overpass bulk load (© OpenStreetMap contributors, ODbL)","refreshedAt":"2026-09-29T11:06:04.248Z","mappedSince":null,"osmTags":{"landuse":"forest","leaf_cycle":"semi_evergreen","leaf_type":"mixed","name":"Sir Peter Scott Nature Park","name:etymology:wikidata":"Q731311"}},"geometry":{"type":"Polygon","coordinates":[[[70.05185,22.475274],[70.055032,22.47527],[70.055271,22.475115],[70.055337,22.47516],[70.055342,22.475278],[70.057108,22.47527],[70.057232,22.475151],[70.057408,22.475151],[70.057426,22.473738],[70.057247,22.473738],[70.057238,22.473847],[70.056408,22.473851],[70.056406,22.473789],[70.056008,22.473779],[70.055939,22.47372],[70.055877,22.473348],[70.055873,22.473025],[70.05593,22.472485],[70.056045,22.472424],[70.057355,22.472452],[70.057404,22.471434],[70.057391,22.471066],[70.05702,22.470889],[70.054906,22.470938],[70.053319,22.471074],[70.052965,22.471188],[70.052699,22.471483],[70.052593,22.471794],[70.052385,22.472822],[70.05185,22.475274]]]}},{"type":"Feature","id":"OSM-way-427382216","properties":{"id":"OSM-way-427382216","tag":"industrial","facilityId":"OSM-way-427382216","name":"GIDC Phase 2","cpcbCategory":null,"source":"OpenStreetMap via Overpass bulk load (© OpenStreetMap contributors, ODbL)","refreshedAt":"2026-09-29T11:06:04.248Z","mappedSince":null,"osmTags":{"landuse":"industrial","name":"GIDC Phase 2"}},"geometry":{"type":"Polygon","coordinates":[[[70.059691,22.410428],[70.06281,22.412294],[70.063496,22.417193],[70.063836,22.419771],[70.062657,22.419835],[70.056736,22.420558],[70.056889,22.419574],[70.056937,22.419377],[70.056383,22.419213],[70.055774,22.419107],[70.055762,22.419039],[70.05535,22.419085],[70.053723,22.41894],[70.053543,22.416816],[70.053537,22.416736],[70.052659,22.415768],[70.05324,22.411999],[70.048964,22.411397],[70.04929,22.409015],[70.050663,22.409303],[70.051332,22.406936],[70.05358,22.406878],[70.05353,22.407639],[70.054432,22.407722],[70.054684,22.407436],[70.056309,22.40791],[70.05634,22.407692],[70.056684,22.407984],[70.056867,22.407789],[70.058926,22.409698],[70.059691,22.410428]]]}},{"type":"Feature","id":"OSM-way-427385354","properties":{"id":"OSM-way-427385354","tag":"industrial","facilityId":"OSM-way-427385354","name":"GIDC Phase 3","cpcbCategory":null,"source":"OpenStreetMap via Overpass bulk load (© OpenStreetMap contributors, ODbL)","refreshedAt":"2026-09-29T11:06:04.248Z","mappedSince":null,"osmTags":{"landuse":"industrial","name":"GIDC Phase 3"}},"geometry":{"type":"Polygon","coordinates":[[[70.053723,22.41894],[70.053543,22.416816],[70.052659,22.415768],[70.05324,22.411999],[70.048964,22.411397],[70.04929,22.409015],[70.046603,22.408231],[70.046374,22.408602],[70.045355,22.409495],[70.04414,22.410302],[70.043253,22.410991],[70.042693,22.411276],[70.04196,22.411558],[70.041158,22.411963],[70.040701,22.412583],[70.040111,22.414206],[70.039811,22.415267],[70.039729,22.416228],[70.039777,22.416881],[70.039706,22.41691],[70.03978,22.417694],[70.040093,22.417737],[70.040324,22.419215],[70.040412,22.419341],[70.040685,22.420867],[70.042137,22.420753],[70.042334,22.420738],[70.043618,22.420636],[70.044106,22.420574],[70.044575,22.420541],[70.044899,22.420504],[70.046416,22.420456],[70.047217,22.420482],[70.048238,22.420628],[70.047929,22.421868],[70.04934,22.422154],[70.049356,22.42211],[70.05017,22.421773],[70.050518,22.422404],[70.052916,22.421432],[70.053071,22.420097],[70.053723,22.41894]]]}},{"type":"Feature","id":"OSM-way-427766479","properties":{"id":"OSM-way-427766479","tag":"industrial","facilityId":"OSM-way-427766479","name":"Digjam Textiles LTD","cpcbCategory":null,"source":"OpenStreetMap via Overpass bulk load (© OpenStreetMap contributors, ODbL)","refreshedAt":"2026-09-29T11:06:04.248Z","mappedSince":null,"osmTags":{"addr:city":"Jamnagar","addr:street":"Air Force Road","landuse":"industrial","name":"Digjam Textiles LTD"}},"geometry":{"type":"Polygon","coordinates":[[[70.033737,22.471061],[70.033737,22.471746],[70.033769,22.473817],[70.033791,22.47464],[70.033791,22.475077],[70.032922,22.475086],[70.032192,22.475096],[70.031484,22.475176],[70.030776,22.475176],[70.030808,22.474393],[70.030787,22.47355],[70.030744,22.472499],[70.03075,22.471351],[70.031964,22.471299],[70.033402,22.471024],[70.033737,22.471061]]]}},{"type":"Feature","id":"OSM-way-984259053","properties":{"id":"OSM-way-984259053","tag":"industrial","facilityId":null,"name":null,"cpcbCategory":null,"source":"OpenStreetMap via Overpass bulk load (© OpenStreetMap contributors, ODbL)","refreshedAt":"2026-09-29T11:06:04.248Z","mappedSince":null,"osmTags":{"landuse":"industrial"}},"geometry":{"type":"Polygon","coordinates":[[[70.047231,22.423069],[70.047499,22.421998],[70.048412,22.422199],[70.047888,22.423876],[70.047496,22.424113],[70.047455,22.424074],[70.047692,22.423164],[70.047231,22.423069]]]}},{"type":"Feature","id":"OSM-way-984259054","properties":{"id":"OSM-way-984259054","tag":"industrial","facilityId":null,"name":null,"cpcbCategory":null,"source":"OpenStreetMap via Overpass bulk load (© OpenStreetMap contributors, ODbL)","refreshedAt":"2026-09-29T11:06:04.248Z","mappedSince":null,"osmTags":{"landuse":"industrial"}},"geometry":{"type":"Polygon","coordinates":[[[70.04472,22.422564],[70.046069,22.422822],[70.045904,22.423567],[70.044968,22.423419],[70.044894,22.423345],[70.044595,22.423284],[70.04472,22.422564]]]}},{"type":"Feature","id":"OSM-way-984259055","properties":{"id":"OSM-way-984259055","tag":"industrial","facilityId":null,"name":null,"cpcbCategory":null,"source":"OpenStreetMap via Overpass bulk load (© OpenStreetMap contributors, ODbL)","refreshedAt":"2026-09-29T11:06:04.248Z","mappedSince":null,"osmTags":{"landuse":"industrial"}},"geometry":{"type":"Polygon","coordinates":[[[70.036033,22.424597],[70.036055,22.424352],[70.036087,22.423546],[70.034738,22.424424],[70.034909,22.426179],[70.035071,22.42633],[70.035844,22.425103],[70.036033,22.424597]]]}},{"type":"Feature","id":"OSM-way-984259056","properties":{"id":"OSM-way-984259056","tag":"industrial","facilityId":null,"name":null,"cpcbCategory":null,"source":"OpenStreetMap via Overpass bulk load (© OpenStreetMap contributors, ODbL)","refreshedAt":"2026-09-29T11:06:04.248Z","mappedSince":null,"osmTags":{"landuse":"industrial"}},"geometry":{"type":"Polygon","coordinates":[[[70.037334,22.432297],[70.037536,22.431302],[70.039518,22.431151],[70.038736,22.432212],[70.038681,22.432317],[70.037334,22.432297]]]}},{"type":"Feature","id":"OSM-way-984259057","properties":{"id":"OSM-way-984259057","tag":"industrial","facilityId":null,"name":null,"cpcbCategory":null,"source":"OpenStreetMap via Overpass bulk load (© OpenStreetMap contributors, ODbL)","refreshedAt":"2026-09-29T11:06:04.248Z","mappedSince":null,"osmTags":{"landuse":"industrial"}},"geometry":{"type":"Polygon","coordinates":[[[70.03166,22.434338],[70.032231,22.434434],[70.032514,22.433004],[70.031943,22.432907],[70.03166,22.434338]]]}},{"type":"Feature","id":"OSM-way-984259058","properties":{"id":"OSM-way-984259058","tag":"industrial","facilityId":null,"name":null,"cpcbCategory":null,"source":"OpenStreetMap via Overpass bulk load (© OpenStreetMap contributors, ODbL)","refreshedAt":"2026-09-29T11:06:04.248Z","mappedSince":null,"osmTags":{"landuse":"industrial"}},"geometry":{"type":"Polygon","coordinates":[[[70.031005,22.435871],[70.030603,22.435437],[70.030973,22.434187],[70.031473,22.434296],[70.03166,22.434338],[70.031638,22.434465],[70.03217,22.434527],[70.031945,22.435812],[70.031599,22.435779],[70.031562,22.436089],[70.031085,22.43605],[70.030951,22.436001],[70.031005,22.435871]]]}},{"type":"Feature","id":"OSM-way-984259059","properties":{"id":"OSM-way-984259059","tag":"industrial","facilityId":null,"name":null,"cpcbCategory":null,"source":"OpenStreetMap via Overpass bulk load (© OpenStreetMap contributors, ODbL)","refreshedAt":"2026-09-29T11:06:04.248Z","mappedSince":null,"osmTags":{"landuse":"industrial"}},"geometry":{"type":"Polygon","coordinates":[[[69.999177,22.429434],[69.999713,22.429416],[69.999743,22.4296],[70.002224,22.429434],[70.002323,22.429881],[70.002122,22.430003],[70.001691,22.430248],[70.001504,22.430233],[70.000171,22.43169],[69.997035,22.431297],[69.997002,22.430832],[69.997714,22.430899],[69.998454,22.431006],[69.998487,22.43073],[69.999012,22.430797],[69.999254,22.429689],[69.99921,22.429618],[69.999177,22.429434]]]}},{"type":"Feature","id":"OSM-way-984259060","properties":{"id":"OSM-way-984259060","tag":"industrial","facilityId":null,"name":null,"cpcbCategory":null,"source":"OpenStreetMap via Overpass bulk load (© OpenStreetMap contributors, ODbL)","refreshedAt":"2026-09-29T11:06:04.248Z","mappedSince":null,"osmTags":{"landuse":"industrial"}},"geometry":{"type":"Polygon","coordinates":[[[70.005803,22.43048],[70.006011,22.429136],[70.007884,22.42924],[70.007865,22.429792],[70.008014,22.429952],[70.008028,22.430325],[70.006485,22.430235],[70.006463,22.430519],[70.005803,22.43048]]]}},{"type":"Feature","id":"OSM-way-984259062","properties":{"id":"OSM-way-984259062","tag":"industrial","facilityId":null,"name":null,"cpcbCategory":null,"source":"OpenStreetMap via Overpass bulk load (© OpenStreetMap contributors, ODbL)","refreshedAt":"2026-09-29T11:06:04.248Z","mappedSince":null,"osmTags":{"landuse":"industrial"}},"geometry":{"type":"Polygon","coordinates":[[[69.946321,22.433003],[69.946716,22.431623],[69.94798,22.431894],[69.947679,22.433659],[69.947621,22.433684],[69.946321,22.433003]]]}},{"type":"Feature","id":"OSM-way-984366233","properties":{"id":"OSM-way-984366233","tag":"industrial","facilityId":null,"name":null,"cpcbCategory":null,"source":"OpenStreetMap via Overpass bulk load (© OpenStreetMap contributors, ODbL)","refreshedAt":"2026-09-29T11:06:04.248Z","mappedSince":null,"osmTags":{"landuse":"industrial"}},"geometry":{"type":"Polygon","coordinates":[[[70.048904,22.398383],[70.049237,22.396977],[70.048205,22.396779],[70.048009,22.397628],[70.048904,22.398383]]]}},{"type":"Feature","id":"OSM-way-984366236","properties":{"id":"OSM-way-984366236","tag":"industrial","facilityId":null,"name":null,"cpcbCategory":null,"source":"OpenStreetMap via Overpass bulk load (© OpenStreetMap contributors, ODbL)","refreshedAt":"2026-09-29T11:06:04.248Z","mappedSince":null,"osmTags":{"man_made":"works"}},"geometry":{"type":"Polygon","coordinates":[[[70.043618,22.420636],[70.043725,22.419898],[70.044652,22.420013],[70.044575,22.420541],[70.044106,22.420574],[70.043618,22.420636]]]}},{"type":"Feature","id":"OSM-way-984366237","properties":{"id":"OSM-way-984366237","tag":"industrial","facilityId":null,"name":null,"cpcbCategory":null,"source":"OpenStreetMap via Overpass bulk load (© OpenStreetMap contributors, ODbL)","refreshedAt":"2026-09-29T11:06:04.248Z","mappedSince":null,"osmTags":{"man_made":"works"}},"geometry":{"type":"Polygon","coordinates":[[[70.042334,22.420738],[70.042471,22.419742],[70.043725,22.419898],[70.043618,22.420636],[70.042334,22.420738]]]}},{"type":"Feature","id":"OSM-way-984366238","properties":{"id":"OSM-way-984366238","tag":"industrial","facilityId":null,"name":null,"cpcbCategory":null,"source":"OpenStreetMap via Overpass bulk load (© OpenStreetMap contributors, ODbL)","refreshedAt":"2026-09-29T11:06:04.248Z","mappedSince":null,"osmTags":{"man_made":"works"}},"geometry":{"type":"Polygon","coordinates":[[[70.045106,22.419012],[70.044967,22.419916],[70.043756,22.419757],[70.043826,22.419305],[70.043193,22.419222],[70.043262,22.418772],[70.044041,22.418863],[70.045106,22.419012]]]}},{"type":"Feature","id":"OSM-way-984366239","properties":{"id":"OSM-way-984366239","tag":"industrial","facilityId":null,"name":null,"cpcbCategory":null,"source":"OpenStreetMap via Overpass bulk load (© OpenStreetMap contributors, ODbL)","refreshedAt":"2026-09-29T11:06:04.248Z","mappedSince":null,"osmTags":{"man_made":"works"}},"geometry":{"type":"Polygon","coordinates":[[[70.049355,22.413673],[70.049226,22.414527],[70.048739,22.414464],[70.048868,22.41361],[70.049355,22.413673]]]}},{"type":"Feature","id":"OSM-way-984366240","properties":{"id":"OSM-way-984366240","tag":"industrial","facilityId":null,"name":null,"cpcbCategory":null,"source":"OpenStreetMap via Overpass bulk load (© OpenStreetMap contributors, ODbL)","refreshedAt":"2026-09-29T11:06:04.248Z","mappedSince":null,"osmTags":{"man_made":"works"}},"geometry":{"type":"Polygon","coordinates":[[[70.043371,22.412534],[70.042556,22.412427],[70.04239,22.413505],[70.043206,22.413612],[70.043371,22.412534]]]}},{"type":"Feature","id":"OSM-way-984366241","properties":{"id":"OSM-way-984366241","tag":"industrial","facilityId":null,"name":null,"cpcbCategory":null,"source":"OpenStreetMap via Overpass bulk load (© OpenStreetMap contributors, ODbL)","refreshedAt":"2026-09-29T11:06:04.248Z","mappedSince":null,"osmTags":{"man_made":"works"}},"geometry":{"type":"Polygon","coordinates":[[[70.047901,22.41267],[70.048005,22.411973],[70.04896,22.412095],[70.048856,22.412792],[70.047901,22.41267]]]}},{"type":"Feature","id":"OSM-way-984366242","properties":{"id":"OSM-way-984366242","tag":"industrial","facilityId":null,"name":null,"cpcbCategory":null,"source":"OpenStreetMap via Overpass bulk load (© OpenStreetMap contributors, ODbL)","refreshedAt":"2026-09-29T11:06:04.248Z","mappedSince":null,"osmTags":{"man_made":"works"}},"geometry":{"type":"Polygon","coordinates":[[[70.049659,22.411604],[70.049521,22.412519],[70.049994,22.412581],[70.049819,22.413733],[70.049355,22.413673],[70.048868,22.41361],[70.049182,22.411542],[70.049659,22.411604]]]}},{"type":"Feature","id":"OSM-way-1159186265","properties":{"id":"OSM-way-1159186265","tag":"industrial","facilityId":null,"name":null,"cpcbCategory":null,"source":"OpenStreetMap via Overpass bulk load (© OpenStreetMap contributors, ODbL)","refreshedAt":"2026-09-29T11:06:04.248Z","mappedSince":null,"osmTags":{"landuse":"industrial"}},"geometry":{"type":"Polygon","coordinates":[[[69.928681,22.33981],[69.924325,22.340177],[69.923472,22.337066],[69.921348,22.332779],[69.919996,22.331509],[69.918352,22.331953],[69.918116,22.331717],[69.917732,22.329732],[69.918022,22.329038],[69.928681,22.33981]]]}},{"type":"Feature","id":"OSM-way-1159186269","properties":{"id":"OSM-way-1159186269","tag":"industrial","facilityId":null,"name":null,"cpcbCategory":null,"source":"OpenStreetMap via Overpass bulk load (© OpenStreetMap contributors, ODbL)","refreshedAt":"2026-09-29T11:06:04.248Z","mappedSince":null,"osmTags":{"landuse":"industrial"}},"geometry":{"type":"Polygon","coordinates":[[[69.927689,22.324711],[69.919476,22.324795],[69.919485,22.318688],[69.910676,22.318659],[69.910877,22.313545],[69.917035,22.312384],[69.923483,22.312116],[69.926112,22.317922],[69.927249,22.321823],[69.927689,22.324711]]]}},{"type":"Feature","id":"OSM-way-136512814","properties":{"id":"OSM-way-136512814","tag":"industrial","facilityId":"OSM-way-136512814","name":"Bharat Aluminium","cpcbCategory":null,"source":"OpenStreetMap via Overpass bulk load (© OpenStreetMap contributors, ODbL)","refreshedAt":"2026-09-29T11:06:04.248Z","mappedSince":null,"osmTags":{"industrial":"aluminium_smelting","landuse":"industrial","name":"Bharat Aluminium","name:ur":"بھارت ایلومینیم"}},"geometry":{"type":"Polygon","coordinates":[[[82.724283,22.398055],[82.723961,22.393184],[82.723698,22.392787],[82.723478,22.392514],[82.723124,22.392385],[82.723001,22.392227],[82.723006,22.391736],[82.72311,22.390299],[82.724387,22.382946],[82.726584,22.383478],[82.728183,22.384188],[82.730403,22.385502],[82.730728,22.387908],[82.73834,22.389403],[82.741288,22.388173],[82.745973,22.389226],[82.747924,22.392007],[82.74067,22.402675],[82.737487,22.403141],[82.736857,22.403262],[82.736465,22.40325],[82.735856,22.403136],[82.733931,22.402687],[82.729717,22.401536],[82.725975,22.40046],[82.725412,22.400105],[82.724838,22.399408],[82.724621,22.398848],[82.724283,22.398055]]]}},{"type":"Feature","id":"OSM-way-136512819","properties":{"id":"OSM-way-136512819","tag":"quarry","facilityId":"OSM-way-136512819","name":"Kusmunda Open Cast Mine","cpcbCategory":"Red","source":"OpenStreetMap via Overpass bulk load (© OpenStreetMap contributors, ODbL)","refreshedAt":"2026-09-29T11:06:04.248Z","mappedSince":null,"osmTags":{"imagery_used":"MaxarPremium, retreived 08/2021","landuse":"quarry","name":"Kusmunda Open Cast Mine","resource":"coal","source":"https://www.gem.wiki/Kusmunda_coal_mine"}},"geometry":{"type":"Polygon","coordinates":[[[82.651955,22.328657],[82.655481,22.32709],[82.658815,22.323133],[82.661122,22.321594],[82.663703,22.321347],[82.666615,22.320373],[82.671089,22.322527],[82.675466,22.322249],[82.675595,22.32479],[82.685605,22.324492],[82.68817,22.327023],[82.68726,22.328541],[82.687143,22.330702],[82.684472,22.333475],[82.679501,22.33402],[82.676958,22.33653],[82.676926,22.338654],[82.67729,22.339498],[82.672226,22.339815],[82.671218,22.340927],[82.664652,22.342018],[82.660682,22.341066],[82.659352,22.338247],[82.653236,22.336977],[82.650758,22.336878],[82.648913,22.33664],[82.648365,22.333811],[82.64755,22.332293],[82.650071,22.329971],[82.651022,22.329307],[82.651955,22.328657]]]}},{"type":"Feature","id":"OSM-way-136512828","properties":{"id":"OSM-way-136512828","tag":"industrial","facilityId":null,"name":null,"cpcbCategory":null,"source":"OpenStreetMap via Overpass bulk load (© OpenStreetMap contributors, ODbL)","refreshedAt":"2026-09-29T11:06:04.248Z","mappedSince":null,"osmTags":{"landuse":"industrial"}},"geometry":{"type":"Polygon","coordinates":[[[82.712681,22.341552],[82.718171,22.347083],[82.720485,22.345129],[82.719292,22.344358],[82.71636,22.341273],[82.714506,22.341433],[82.712681,22.341552]]]}},{"type":"Feature","id":"OSM-way-203167965","properties":{"id":"OSM-way-203167965","tag":"industrial","facilityId":"OSM-way-203167965","name":"Hasdeo Thermal Power Station Korba West","cpcbCategory":"Red","source":"OpenStreetMap via Overpass bulk load (© OpenStreetMap contributors, ODbL)","refreshedAt":"2026-09-29T11:06:04.248Z","mappedSince":null,"osmTags":{"alt_name":"Korba West Thermal Power Station","landuse":"industrial","name":"Hasdeo Thermal Power Station Korba West","plant:method":"combustion","plant:output:electricity":"1340 MW","plant:source":"coal","power":"plant","wikidata":"Q15223227"}},"geometry":{"type":"Polygon","coordinates":[[[82.667134,22.417097],[82.66945,22.41866],[82.670542,22.417202],[82.674408,22.417273],[82.677733,22.417373],[82.678578,22.417381],[82.679112,22.417453],[82.681122,22.417559],[82.682631,22.417496],[82.68338,22.417752],[82.683123,22.418684],[82.683222,22.418928],[82.683506,22.419243],[82.684161,22.419803],[82.684563,22.420111],[82.684659,22.420334],[82.684487,22.420738],[82.684628,22.421231],[82.68469,22.421854],[82.685165,22.421808],[82.68628,22.418875],[82.686755,22.417657],[82.68733,22.417604],[82.687437,22.417841],[82.687874,22.417621],[82.688035,22.417427],[82.688123,22.417168],[82.688093,22.416771],[82.688055,22.416587],[82.688342,22.416491],[82.689342,22.416495],[82.689522,22.416424],[82.689852,22.416118],[82.691772,22.415509],[82.692764,22.413465],[82.693125,22.41359],[82.693669,22.412364],[82.692849,22.411996],[82.692435,22.410065],[82.692543,22.408347],[82.692033,22.408301],[82.691439,22.407607],[82.691309,22.406785],[82.689838,22.406774],[82.689351,22.407344],[82.688991,22.407631],[82.687508,22.407876],[82.686665,22.40868],[82.686121,22.409165],[82.685289,22.409678],[82.684849,22.409739],[82.684596,22.409707],[82.684094,22.409526],[82.681178,22.410039],[82.678794,22.410486],[82.678526,22.409533],[82.675568,22.410205],[82.672729,22.410864],[82.67243,22.410988],[82.672154,22.411179],[82.670261,22.41283],[82.669985,22.413163],[82.669786,22.413563],[82.669483,22.414704],[82.669211,22.415231],[82.668862,22.415589],[82.667617,22.416783],[82.667134,22.417097]]]}},{"type":"Feature","id":"OSM-way-203167967","properties":{"id":"OSM-way-203167967","tag":"industrial","facilityId":"OSM-way-203167967","name":"Korba East Thermal Power Station","cpcbCategory":"Red","source":"OpenStreetMap via Overpass bulk load (© OpenStreetMap contributors, ODbL)","refreshedAt":"2026-09-29T11:06:04.248Z","mappedSince":null,"osmTags":{"disused:power":"plant","end_date":"2021","landuse":"industrial","name":"Korba East Thermal Power Station","operator":"Chhattisgarh State Power Generation Company","plant:method":"combustion","plant:output:electricity":"240 MW","plant:source":"coal","wikidata":"Q16947069"}},"geometry":{"type":"Polygon","coordinates":[[[82.718789,22.379568],[82.718301,22.379743],[82.716849,22.38059],[82.715662,22.384333],[82.716274,22.385209],[82.716252,22.386257],[82.716935,22.386427],[82.71636,22.388406],[82.716458,22.388947],[82.716685,22.389403],[82.71959,22.391187],[82.721508,22.39225],[82.722104,22.392776],[82.72244,22.392746],[82.722608,22.39246],[82.722478,22.392315],[82.722825,22.386929],[82.723373,22.38495],[82.721964,22.385355],[82.721834,22.384128],[82.722647,22.383923],[82.722333,22.38277],[82.721514,22.383031],[82.721211,22.381076],[82.721677,22.379082],[82.721721,22.377865],[82.720946,22.378992],[82.720025,22.379433],[82.718789,22.379568]]]}},{"type":"Feature","id":"OSM-way-203167968","properties":{"id":"OSM-way-203167968","tag":"industrial","facilityId":"OSM-way-203167968","name":"Dr. Shyama Prasad Mukherjee Thermal Power Station","cpcbCategory":"Red","source":"OpenStreetMap via Overpass bulk load (© OpenStreetMap contributors, ODbL)","refreshedAt":"2026-09-29T11:06:04.248Z","mappedSince":null,"osmTags":{"landuse":"industrial","name":"Dr. Shyama Prasad Mukherjee Thermal Power Station","name:etymology:wikidata":"Q3344992","operator":"Chhattisgarh State Power Generation Company","plant:method":"combustion","plant:output:electricity":"500 MW","plant:source":"coal","power":"plant","wikidata":"Q15215012"}},"geometry":{"type":"Polygon","coordinates":[[[82.714686,22.366187],[82.71595,22.366468],[82.715925,22.366546],[82.716918,22.366794],[82.717156,22.36601],[82.720866,22.36697],[82.724179,22.367853],[82.724358,22.367919],[82.724155,22.368626],[82.724117,22.369007],[82.723924,22.369358],[82.724108,22.369418],[82.724992,22.369519],[82.724984,22.369621],[82.72538,22.369691],[82.725071,22.370524],[82.724724,22.370785],[82.724729,22.371101],[82.725022,22.371665],[82.725629,22.372096],[82.725779,22.371835],[82.726475,22.372141],[82.725792,22.373144],[82.725369,22.373372],[82.724978,22.373864],[82.724666,22.374014],[82.724346,22.374147],[82.724037,22.374461],[82.723734,22.374669],[82.723647,22.374696],[82.723441,22.374506],[82.723118,22.374919],[82.722679,22.375142],[82.72234,22.375007],[82.722318,22.374806],[82.722242,22.374693],[82.721855,22.374616],[82.721689,22.374345],[82.721361,22.374007],[82.720523,22.373357],[82.720095,22.373126],[82.718175,22.371707],[82.716928,22.370771],[82.716576,22.370428],[82.716321,22.370127],[82.716107,22.369796],[82.714944,22.367933],[82.714827,22.367742],[82.714827,22.367639],[82.713954,22.366325],[82.714681,22.366531],[82.714721,22.366413],[82.714618,22.366345],[82.714686,22.366187]]]}},{"type":"Feature","id":"OSM-way-203167969","properties":{"id":"OSM-way-203167969","tag":"industrial","facilityId":"OSM-way-203167969","name":"Korba Super Thermal Power Plant","cpcbCategory":"Red","source":"OpenStreetMap via Overpass bulk load (© OpenStreetMap contributors, ODbL)","refreshedAt":"2026-09-29T11:06:04.248Z","mappedSince":null,"osmTags":{"landuse":"industrial","name":"Korba Super Thermal Power Plant","operator":"NTPC","operator:wikidata":"Q1967805","plant:method":"combustion","plant:output:electricity":"2600 MW","plant:source":"coal","power":"plant","wikidata":"Q6431466"}},"geometry":{"type":"Polygon","coordinates":[[[82.675308,22.384494],[82.675333,22.384979],[82.675486,22.385824],[82.675291,22.385834],[82.675489,22.3879],[82.675572,22.389072],[82.675424,22.389113],[82.6756,22.389734],[82.675801,22.390176],[82.676071,22.3906],[82.676519,22.391089],[82.676856,22.391368],[82.677471,22.391733],[82.677752,22.391889],[82.678095,22.391934],[82.678673,22.392122],[82.680542,22.392166],[82.68055,22.392243],[82.681749,22.392214],[82.683668,22.392121],[82.684633,22.392034],[82.685043,22.392089],[82.686871,22.392804],[82.687063,22.392798],[82.688638,22.393459],[82.689149,22.393666],[82.689635,22.394022],[82.690161,22.394531],[82.690584,22.395231],[82.690628,22.395322],[82.692541,22.39525],[82.692399,22.392483],[82.692334,22.390616],[82.692362,22.390503],[82.692344,22.388739],[82.692296,22.387001],[82.692268,22.386188],[82.692098,22.385423],[82.691803,22.384639],[82.691587,22.384177],[82.691368,22.383932],[82.69084,22.38284],[82.690333,22.38202],[82.689363,22.380783],[82.688898,22.380198],[82.688432,22.379735],[82.687466,22.379247],[82.687334,22.379742],[82.686166,22.379809],[82.686201,22.380886],[82.68201,22.381052],[82.679136,22.381181],[82.679129,22.381049],[82.676714,22.381161],[82.676742,22.382492],[82.675567,22.38261],[82.675643,22.38441],[82.675308,22.384494]]]}},{"type":"Feature","id":"OSM-way-370329211","properties":{"id":"OSM-way-370329211","tag":"forest","facilityId":null,"name":null,"cpcbCategory":null,"source":"OpenStreetMap via Overpass bulk load (© OpenStreetMap contributors, ODbL)","refreshedAt":"2026-09-29T11:06:04.248Z","mappedSince":null,"osmTags":{"natural":"wood"}},"geometry":{"type":"Polygon","coordinates":[[[82.773097,22.437867],[82.772803,22.438123],[82.772803,22.438665],[82.773459,22.440262],[82.773752,22.442688],[82.773925,22.443215],[82.774339,22.443949],[82.775151,22.444827],[82.776912,22.445881],[82.778208,22.447445],[82.778087,22.450063],[82.778656,22.45019],[82.779399,22.450797],[82.7804,22.452234],[82.781592,22.453128],[82.782179,22.454117],[82.784131,22.456128],[82.784424,22.456607],[82.785322,22.456974],[82.785512,22.457501],[82.785961,22.457852],[82.786703,22.459001],[82.787308,22.460629],[82.788257,22.461779],[82.789984,22.461843],[82.791107,22.460023],[82.792385,22.458635],[82.791522,22.458284],[82.791332,22.45806],[82.791677,22.457023],[82.791798,22.456193],[82.790987,22.455778],[82.790693,22.455315],[82.789778,22.455187],[82.789864,22.454932],[82.790106,22.454756],[82.790106,22.454485],[82.789726,22.454022],[82.788776,22.453687],[82.788621,22.453431],[82.788707,22.451771],[82.787723,22.450542],[82.786877,22.45],[82.786255,22.449824],[82.785944,22.449872],[82.785547,22.450367],[82.782214,22.450015],[82.78268,22.449632],[82.783078,22.448898],[82.783285,22.447509],[82.783458,22.446967],[82.784062,22.446105],[82.784149,22.445578],[82.784978,22.444876],[82.785151,22.444381],[82.784926,22.443886],[82.783959,22.443774],[82.783199,22.443311],[82.782612,22.442338],[82.782578,22.44205],[82.782716,22.441827],[82.782975,22.441715],[82.783562,22.441859],[82.783821,22.442003],[82.78427,22.442721],[82.784805,22.442976],[82.785721,22.443072],[82.786256,22.442865],[82.78686,22.442849],[82.78743,22.443024],[82.788017,22.443024],[82.788812,22.443376],[82.789399,22.444126],[82.790781,22.445243],[82.791074,22.445228],[82.792041,22.444653],[82.792093,22.44411],[82.791869,22.44352],[82.790297,22.440774],[82.789952,22.435953],[82.789037,22.433814],[82.788986,22.433271],[82.789193,22.432793],[82.789176,22.432505],[82.788312,22.432026],[82.787829,22.432345],[82.788036,22.433814],[82.787863,22.434373],[82.787587,22.434261],[82.787345,22.432824],[82.786585,22.430478],[82.786482,22.429648],[82.785964,22.428993],[82.78567,22.428865],[82.784789,22.429057],[82.783926,22.429424],[82.783287,22.429424],[82.781681,22.429264],[82.780886,22.428881],[82.780247,22.428833],[82.77928,22.429136],[82.7789,22.429519],[82.778797,22.430381],[82.778987,22.430924],[82.779176,22.431131],[82.781145,22.43177],[82.781698,22.432409],[82.782544,22.432696],[82.782423,22.433558],[82.783027,22.434181],[82.7832,22.434755],[82.784063,22.435921],[82.785169,22.436687],[82.785704,22.437374],[82.785894,22.437932],[82.785738,22.439369],[82.786014,22.440502],[82.785945,22.440885],[82.785617,22.440885],[82.785013,22.438794],[82.784927,22.437629],[82.784564,22.436879],[82.783494,22.436288],[82.781732,22.433702],[82.779781,22.432824],[82.778002,22.431786],[82.777536,22.431786],[82.777432,22.432057],[82.778364,22.432616],[82.778675,22.433175],[82.779142,22.4345],[82.779021,22.435122],[82.77978,22.43699],[82.781075,22.437884],[82.781214,22.438506],[82.780972,22.438698],[82.780074,22.438937],[82.779797,22.439145],[82.779728,22.439416],[82.78073,22.440199],[82.780902,22.440805],[82.78073,22.44106],[82.77883,22.439608],[82.778761,22.43932],[82.778882,22.439065],[82.7794,22.438506],[82.779417,22.437692],[82.779348,22.437405],[82.778295,22.435729],[82.778019,22.434659],[82.77776,22.434531],[82.777415,22.434611],[82.777138,22.435202],[82.776758,22.435649],[82.776154,22.435681],[82.775307,22.435281],[82.775307,22.434771],[82.776033,22.433861],[82.776499,22.433893],[82.776862,22.433701],[82.776914,22.433159],[82.776327,22.433015],[82.775826,22.432201],[82.775982,22.431403],[82.775653,22.431323],[82.775446,22.432344],[82.775152,22.43244],[82.774997,22.432711],[82.77491,22.433893],[82.774651,22.434771],[82.774824,22.436766],[82.774547,22.437373],[82.774167,22.437804],[82.773097,22.437867]]]}},{"type":"Feature","id":"OSM-way-370329220","properties":{"id":"OSM-way-370329220","tag":"forest","facilityId":null,"name":null,"cpcbCategory":null,"source":"OpenStreetMap via Overpass bulk load (© OpenStreetMap contributors, ODbL)","refreshedAt":"2026-09-29T11:06:04.248Z","mappedSince":null,"osmTags":{"natural":"wood"}},"geometry":{"type":"Polygon","coordinates":[[[82.77138,22.426902],[82.771276,22.429743],[82.771552,22.430557],[82.771794,22.43201],[82.772312,22.433399],[82.772381,22.433974],[82.772277,22.43482],[82.77169,22.43549],[82.771725,22.435777],[82.772018,22.435825],[82.772709,22.435315],[82.773313,22.436272],[82.773797,22.43656],[82.774056,22.436464],[82.77416,22.436193],[82.773935,22.431978],[82.774177,22.430909],[82.774592,22.43051],[82.774557,22.430222],[82.774316,22.429743],[82.773573,22.429217],[82.773141,22.427844],[82.773038,22.426998],[82.772865,22.42679],[82.771708,22.426551],[82.77138,22.426902]]]}},{"type":"Feature","id":"OSM-way-370329222","properties":{"id":"OSM-way-370329222","tag":"forest","facilityId":null,"name":null,"cpcbCategory":null,"source":"OpenStreetMap via Overpass bulk load (© OpenStreetMap contributors, ODbL)","refreshedAt":"2026-09-29T11:06:04.248Z","mappedSince":null,"osmTags":{"natural":"wood"}},"geometry":{"type":"Polygon","coordinates":[[[82.746152,22.450801],[82.746103,22.451433],[82.745273,22.452562],[82.745126,22.452945],[82.745175,22.453352],[82.745541,22.454074],[82.746054,22.454729],[82.74664,22.455699],[82.747178,22.456354],[82.747593,22.457076],[82.747861,22.457369],[82.748692,22.457663],[82.748667,22.458069],[82.74835,22.458363],[82.74835,22.459153],[82.74791,22.459852],[82.747665,22.460597],[82.747665,22.461478],[82.747983,22.462222],[82.748203,22.462606],[82.748471,22.462877],[82.748618,22.463261],[82.748422,22.463622],[82.747616,22.46396],[82.747055,22.464592],[82.747006,22.464999],[82.747128,22.465382],[82.749912,22.467346],[82.75294,22.469716],[82.75316,22.470055],[82.753526,22.470325],[82.753868,22.470506],[82.754259,22.470574],[82.755505,22.470551],[82.755944,22.470461],[82.756335,22.470574],[82.756653,22.470913],[82.757092,22.47107],[82.75741,22.471319],[82.757825,22.471454],[82.758704,22.471296],[82.759412,22.47089],[82.759608,22.470597],[82.759705,22.470213],[82.759486,22.469423],[82.759461,22.468633],[82.759706,22.467911],[82.759755,22.46755],[82.760707,22.465361],[82.759828,22.465225],[82.759559,22.464932],[82.75956,22.464142],[82.758827,22.463758],[82.758119,22.463261],[82.757923,22.462923],[82.75785,22.462539],[82.759914,22.461418],[82.760363,22.46046],[82.760432,22.459917],[82.759776,22.458449],[82.759776,22.457874],[82.759914,22.457332],[82.759431,22.456215],[82.759638,22.455704],[82.760053,22.455289],[82.760985,22.454651],[82.760364,22.453629],[82.759949,22.453246],[82.758913,22.452703],[82.757532,22.451618],[82.757014,22.451362],[82.756772,22.450883],[82.757255,22.45066],[82.757842,22.450724],[82.758913,22.451171],[82.759501,22.451267],[82.760088,22.451267],[82.760709,22.451458],[82.761262,22.451458],[82.761504,22.451011],[82.7614,22.450469],[82.761813,22.450237],[82.762204,22.450372],[82.7624,22.451185],[82.762619,22.451546],[82.762741,22.451907],[82.76257,22.452268],[82.762546,22.453058],[82.76235,22.453826],[82.762692,22.454006],[82.763083,22.454097],[82.763425,22.4543],[82.763767,22.454977],[82.764426,22.455519],[82.764768,22.455677],[82.765037,22.455993],[82.76511,22.456422],[82.765085,22.456806],[82.765305,22.457144],[82.766746,22.458092],[82.767161,22.458137],[82.767918,22.458454],[82.767894,22.459266],[82.768163,22.460011],[82.768456,22.461185],[82.768675,22.461501],[82.769457,22.46141],[82.769994,22.461997],[82.770385,22.462155],[82.770849,22.46211],[82.771679,22.462426],[82.772339,22.461907],[82.772754,22.461772],[82.773145,22.461794],[82.773511,22.46193],[82.773926,22.46193],[82.77461,22.462291],[82.775001,22.462314],[82.77527,22.461975],[82.775612,22.461817],[82.776002,22.461817],[82.776711,22.461389],[82.776882,22.46105],[82.776955,22.460283],[82.77654,22.459199],[82.776442,22.458386],[82.776565,22.457642],[82.776955,22.456468],[82.7772,22.456152],[82.777615,22.456039],[82.777908,22.456333],[82.777957,22.4571],[82.778323,22.458003],[82.778396,22.458409],[82.778665,22.458703],[82.779569,22.458816],[82.779959,22.45877],[82.780912,22.458026],[82.781767,22.456807],[82.781816,22.456423],[82.781767,22.456062],[82.781547,22.454843],[82.781401,22.454459],[82.781132,22.454144],[82.779935,22.453128],[82.777054,22.451073],[82.776663,22.450306],[82.776614,22.449922],[82.776614,22.449561],[82.777054,22.448906],[82.777078,22.447529],[82.776981,22.447123],[82.776468,22.446446],[82.776126,22.44622],[82.77488,22.445701],[82.774539,22.445497],[82.774124,22.44473],[82.773147,22.444053],[82.772951,22.443691],[82.772854,22.443308],[82.772854,22.442947],[82.773025,22.442202],[82.772903,22.441818],[82.772707,22.440373],[82.771804,22.438657],[82.771804,22.437822],[82.772146,22.436693],[82.772146,22.436332],[82.77178,22.436107],[82.77134,22.43631],[82.770876,22.436987],[82.770338,22.438115],[82.769948,22.438251],[82.769557,22.43798],[82.769093,22.437303],[82.768995,22.436535],[82.769117,22.436174],[82.76985,22.435745],[82.77112,22.4343],[82.771291,22.433917],[82.77134,22.43351],[82.771316,22.433127],[82.770657,22.431998],[82.770559,22.431614],[82.770559,22.43123],[82.770706,22.430846],[82.770632,22.429988],[82.769949,22.42886],[82.769558,22.427708],[82.769558,22.427324],[82.769998,22.426308],[82.769973,22.425879],[82.769167,22.425563],[82.768484,22.425405],[82.768264,22.425067],[82.768337,22.424683],[82.768655,22.424412],[82.76885,22.424096],[82.768997,22.423757],[82.768997,22.423396],[82.76863,22.423215],[82.767775,22.423035],[82.76697,22.422764],[82.766628,22.42256],[82.766164,22.42256],[82.765822,22.422763],[82.765724,22.423147],[82.765064,22.423779],[82.764845,22.424095],[82.764674,22.424479],[82.764478,22.425292],[82.764551,22.425698],[82.764796,22.426037],[82.765406,22.426556],[82.765626,22.426895],[82.765894,22.427663],[82.765894,22.428069],[82.765748,22.428475],[82.7646,22.428272],[82.76333,22.427188],[82.762377,22.427166],[82.761962,22.427301],[82.761596,22.427549],[82.761571,22.427956],[82.761669,22.428385],[82.762206,22.42913],[82.762866,22.429649],[82.763012,22.430439],[82.762646,22.430688],[82.762206,22.430778],[82.761791,22.430778],[82.7614,22.430552],[82.760497,22.429604],[82.7593,22.429107],[82.75847,22.429129],[82.757761,22.429694],[82.75759,22.430055],[82.757395,22.430958],[82.757077,22.431726],[82.756271,22.432064],[82.756173,22.432448],[82.756491,22.432696],[82.756882,22.432832],[82.757175,22.433215],[82.757248,22.433599],[82.757223,22.433983],[82.757492,22.434322],[82.757858,22.434548],[82.759104,22.43509],[82.759763,22.435564],[82.760154,22.435767],[82.760203,22.436173],[82.759739,22.436173],[82.759324,22.436128],[82.758469,22.435722],[82.756808,22.43518],[82.756686,22.435563],[82.756808,22.435925],[82.756857,22.436828],[82.758005,22.437392],[82.758517,22.438069],[82.759226,22.438566],[82.759519,22.439334],[82.759738,22.43965],[82.760471,22.440011],[82.766235,22.441546],[82.766577,22.441727],[82.766894,22.441998],[82.767383,22.442653],[82.76748,22.443036],[82.767041,22.443127],[82.766577,22.443036],[82.765844,22.442653],[82.764208,22.441952],[82.763768,22.44193],[82.763499,22.442246],[82.763426,22.442652],[82.764232,22.443646],[82.764232,22.444029],[82.763768,22.444684],[82.763402,22.444955],[82.762986,22.444955],[82.76262,22.444752],[82.761985,22.44421],[82.76157,22.444119],[82.761277,22.444413],[82.761399,22.445203],[82.761325,22.445609],[82.760666,22.445632],[82.760007,22.445135],[82.759909,22.444774],[82.75986,22.444029],[82.759982,22.443261],[82.75986,22.442878],[82.759543,22.442607],[82.757467,22.441862],[82.757027,22.441794],[82.756563,22.441771],[82.756124,22.441862],[82.755488,22.442132],[82.755012,22.441842],[82.754857,22.441139],[82.754736,22.441091],[82.754321,22.441355],[82.754002,22.441395],[82.753518,22.441219],[82.753363,22.438585],[82.75313,22.437899],[82.75313,22.437612],[82.753294,22.43722],[82.753329,22.436949],[82.75294,22.433788],[82.752785,22.433477],[82.75225,22.432998],[82.752535,22.432535],[82.752803,22.431139],[82.751991,22.429766],[82.751456,22.429462],[82.750868,22.429694],[82.75067,22.429917],[82.750618,22.43034],[82.750756,22.43058],[82.751326,22.431011],[82.751395,22.431426],[82.750609,22.431027],[82.750152,22.43109],[82.750057,22.431194],[82.750074,22.431466],[82.750212,22.431697],[82.750324,22.431793],[82.750791,22.43196],[82.751101,22.432439],[82.751162,22.432838],[82.75086,22.433174],[82.750687,22.43319],[82.750557,22.433126],[82.750531,22.432974],[82.75067,22.432751],[82.750635,22.432615],[82.750307,22.432296],[82.749383,22.432232],[82.748874,22.432687],[82.748917,22.433357],[82.74978,22.433932],[82.749607,22.434331],[82.749607,22.434786],[82.749262,22.435297],[82.74921,22.43556],[82.749771,22.436422],[82.750117,22.436653],[82.750358,22.436989],[82.750384,22.437141],[82.749987,22.437811],[82.750021,22.43809],[82.750367,22.438394],[82.750401,22.438825],[82.750479,22.438944],[82.750617,22.438984],[82.751118,22.438729],[82.751394,22.438785],[82.751489,22.43892],[82.751524,22.439216],[82.751437,22.439631],[82.751593,22.440341],[82.751498,22.440613],[82.750807,22.441219],[82.750677,22.441275],[82.750358,22.441251],[82.74978,22.439551],[82.749598,22.437603],[82.749331,22.43639],[82.749089,22.436167],[82.748934,22.436151],[82.748605,22.436294],[82.748476,22.436566],[82.748709,22.436981],[82.748735,22.4373],[82.748329,22.437875],[82.747647,22.438457],[82.747621,22.438633],[82.747629,22.438792],[82.748044,22.439271],[82.748346,22.440125],[82.748277,22.440429],[82.747906,22.440692],[82.747854,22.440843],[82.747854,22.442137],[82.748052,22.442504],[82.748035,22.442935],[82.748087,22.443054],[82.748665,22.443238],[82.749537,22.443374],[82.750669,22.442951],[82.750755,22.444419],[82.750254,22.445457],[82.750236,22.445752],[82.750245,22.445896],[82.750565,22.446534],[82.750634,22.447101],[82.750573,22.447652],[82.750849,22.44841],[82.750556,22.448737],[82.750245,22.449575],[82.750918,22.450979],[82.750668,22.45149],[82.750909,22.452687],[82.752446,22.454076],[82.755416,22.459192],[82.756211,22.460237],[82.756392,22.461506],[82.756003,22.461777],[82.755312,22.461282],[82.755632,22.462049],[82.755036,22.462168],[82.754837,22.463134],[82.753663,22.46287],[82.753758,22.462264],[82.754043,22.461681],[82.754034,22.461394],[82.753974,22.461123],[82.753249,22.459854],[82.752705,22.458649],[82.752705,22.458378],[82.75305,22.457324],[82.753146,22.456207],[82.752723,22.455193],[82.752325,22.454659],[82.751824,22.454459],[82.751263,22.453501],[82.751151,22.453406],[82.750883,22.45331],[82.750754,22.453382],[82.75078,22.453653],[82.750909,22.453916],[82.751142,22.454108],[82.751712,22.454826],[82.751419,22.454858],[82.751289,22.45477],[82.750469,22.453956],[82.75027,22.453102],[82.7504,22.452719],[82.750003,22.450205],[82.74958,22.449088],[82.749468,22.448992],[82.749001,22.448928],[82.748708,22.449088],[82.748725,22.449519],[82.749269,22.449782],[82.749433,22.45003],[82.749442,22.450181],[82.749329,22.450301],[82.74901,22.450333],[82.748397,22.450285],[82.747974,22.450492],[82.747741,22.450844],[82.747153,22.450716],[82.747032,22.450796],[82.747015,22.450939],[82.747231,22.451322],[82.747283,22.451793],[82.747127,22.451881],[82.746333,22.450732],[82.746152,22.450801]]]}},{"type":"Feature","id":"OSM-way-435912457","properties":{"id":"OSM-way-435912457","tag":"forest","facilityId":null,"name":null,"cpcbCategory":null,"source":"OpenStreetMap via Overpass bulk load (© OpenStreetMap contributors, ODbL)","refreshedAt":"2026-09-29T11:06:04.248Z","mappedSince":null,"osmTags":{"natural":"wood"}},"geometry":{"type":"Polygon","coordinates":[[[82.776326,22.378681],[82.773279,22.379753],[82.771112,22.379693],[82.769545,22.380844],[82.765983,22.382015],[82.764331,22.3814],[82.76373,22.379038],[82.764653,22.37638],[82.769181,22.375348],[82.768494,22.373681],[82.770575,22.37257],[82.771691,22.367887],[82.779072,22.366141],[82.780789,22.366121],[82.78066,22.365248],[82.778042,22.364216],[82.776884,22.361755],[82.776026,22.359493],[82.780682,22.358124],[82.782291,22.35729],[82.780939,22.356794],[82.779266,22.356616],[82.777034,22.356933],[82.776283,22.356179],[82.776412,22.354671],[82.780338,22.354135],[82.782742,22.357231],[82.786218,22.359255],[82.787548,22.36116],[82.790853,22.360723],[82.794286,22.36116],[82.794028,22.365129],[82.787505,22.365446],[82.786046,22.372272],[82.782291,22.373284],[82.779416,22.370943],[82.776905,22.371498],[82.777141,22.373364],[82.777849,22.374852],[82.779566,22.375129],[82.780124,22.376419],[82.779308,22.377411],[82.776326,22.378681]]]}},{"type":"Feature","id":"OSM-way-437012405","properties":{"id":"OSM-way-437012405","tag":"industrial","facilityId":"OSM-way-437012405","name":"Balco - III","cpcbCategory":"Red","source":"OpenStreetMap via Overpass bulk load (© OpenStreetMap contributors, ODbL)","refreshedAt":"2026-09-29T11:06:04.248Z","mappedSince":null,"osmTags":{"landuse":"industrial","name":"Balco - III","operator":"BALCO","plant:method":"combustion","plant:output:electricity":"1200 MW","plant:source":"coal","power":"plant","ref":"https://www.gem.wiki/BALCO_Korba_power_station","start_date":"2015","wikidata":"Q120424181"}},"geometry":{"type":"Polygon","coordinates":[[[82.741781,22.397891],[82.741693,22.398163],[82.74111,22.400174],[82.740783,22.400362],[82.738225,22.399738],[82.738151,22.39965],[82.739635,22.394913],[82.740139,22.394961],[82.740321,22.394904],[82.740954,22.39508],[82.74108,22.395075],[82.742615,22.39536],[82.741781,22.397891]]]}},{"type":"Feature","id":"OSM-way-437012406","properties":{"id":"OSM-way-437012406","tag":"industrial","facilityId":"OSM-way-437012406","name":"Balco-II Power Station","cpcbCategory":"Red","source":"OpenStreetMap via Overpass bulk load (© OpenStreetMap contributors, ODbL)","refreshedAt":"2026-09-29T11:06:04.248Z","mappedSince":null,"osmTags":{"landuse":"industrial","name":"Balco-II Power Station","operator":"BALCO","plant:method":"combustion","plant:output:electricity":"540 MW","plant:source":"coal","power":"plant","ref":"https://www.gem.wiki/BALCO_Korba_power_station","start_date":"2005","wikidata":"Q120424181"}},"geometry":{"type":"Polygon","coordinates":[[[82.74109,22.394684],[82.742278,22.390917],[82.740521,22.390438],[82.741106,22.388831],[82.744778,22.389821],[82.746159,22.390785],[82.746419,22.39116],[82.746543,22.391579],[82.74662,22.392301],[82.746465,22.392804],[82.745944,22.393608],[82.746441,22.394079],[82.743589,22.398286],[82.741781,22.397891],[82.742615,22.39536],[82.74108,22.395075],[82.74109,22.394684]]]}},{"type":"Feature","id":"OSM-way-437012407","properties":{"id":"OSM-way-437012407","tag":"industrial","facilityId":"OSM-way-437012407","name":"Balco-I Captive Power Plant","cpcbCategory":"Red","source":"OpenStreetMap via Overpass bulk load (© OpenStreetMap contributors, ODbL)","refreshedAt":"2026-09-29T11:06:04.248Z","mappedSince":null,"osmTags":{"landuse":"industrial","name":"Balco-I Captive Power Plant","operator":"Vedanta","plant:method":"combustion","plant:output:electricity":"270 MW","plant:source":"coal","power":"plant","source":"http://globalenergyobservatory.org/geoid/4561;https://www.industryabout.com/country-territories-3/757-india/fossil-fuels-energy/8054-balco-i-coal-power-plant;https://www.balcoindia.com/about-us/about-company/"}},"geometry":{"type":"Polygon","coordinates":[[[82.675409,22.393383],[82.677383,22.393294],[82.679271,22.3932],[82.679371,22.395791],[82.675492,22.395975],[82.675492,22.395732],[82.668722,22.395683],[82.668529,22.395606],[82.668909,22.395051],[82.669456,22.394638],[82.66996,22.39445],[82.67058,22.394226],[82.671084,22.394024],[82.67283,22.393848],[82.672813,22.393657],[82.675409,22.393383]]]}},{"type":"Feature","id":"OSM-way-520317394","properties":{"id":"OSM-way-520317394","tag":"industrial","facilityId":null,"name":null,"cpcbCategory":null,"source":"OpenStreetMap via Overpass bulk load (© OpenStreetMap contributors, ODbL)","refreshedAt":"2026-09-29T11:06:04.248Z","mappedSince":null,"osmTags":{"landuse":"industrial"}},"geometry":{"type":"Polygon","coordinates":[[[82.594029,22.386606],[82.594402,22.38721],[82.594829,22.387445],[82.59478,22.388213],[82.59538,22.38822],[82.595915,22.388251],[82.596207,22.387718],[82.598519,22.3869],[82.598404,22.386696],[82.598509,22.385922],[82.598026,22.384722],[82.596186,22.385134],[82.595424,22.385734],[82.595478,22.385962],[82.595108,22.386151],[82.595102,22.386245],[82.594029,22.386606]]]}},{"type":"Feature","id":"OSM-way-648728088","properties":{"id":"OSM-way-648728088","tag":"industrial","facilityId":null,"name":null,"cpcbCategory":null,"source":"OpenStreetMap via Overpass bulk load (© OpenStreetMap contributors, ODbL)","refreshedAt":"2026-09-29T11:06:04.248Z","mappedSince":null,"osmTags":{"landuse":"industrial"}},"geometry":{"type":"Polygon","coordinates":[[[82.654416,22.451847],[82.654438,22.447544],[82.650962,22.447682],[82.64667,22.448],[82.646563,22.451708],[82.647335,22.451708],[82.647936,22.452422],[82.648387,22.452125],[82.648044,22.451728],[82.648816,22.451351],[82.649267,22.451748],[82.654416,22.451847]]]}},{"type":"Feature","id":"OSM-way-663471185","properties":{"id":"OSM-way-663471185","tag":"industrial","facilityId":"OSM-way-663471185","name":"Swastik Power and Mineral Resources Private Limited","cpcbCategory":"Red","source":"OpenStreetMap via Overpass bulk load (© OpenStreetMap contributors, ODbL)","refreshedAt":"2026-09-29T11:06:04.248Z","mappedSince":null,"osmTags":{"landuse":"industrial","name":"Swastik Power and Mineral Resources Private Limited","plant:method":"combustion","plant:output:electricity":"25 MW","plant:source":"coal","power":"plant","wikidata":"Q120428561"}},"geometry":{"type":"Polygon","coordinates":[[[82.703125,22.295827],[82.704681,22.295192],[82.705132,22.296055],[82.705518,22.296015],[82.706076,22.298319],[82.705561,22.298408],[82.705293,22.298914],[82.705464,22.301197],[82.704692,22.301634],[82.70363,22.301902],[82.702621,22.301733],[82.701795,22.298706],[82.700186,22.298686],[82.700057,22.297951],[82.700787,22.297862],[82.700711,22.296879],[82.700347,22.296978],[82.700036,22.296184],[82.702106,22.295688],[82.703125,22.295827]]]}},{"type":"Feature","id":"OSM-way-719481970","properties":{"id":"OSM-way-719481970","tag":"forest","facilityId":null,"name":null,"cpcbCategory":null,"source":"OpenStreetMap via Overpass bulk load (© OpenStreetMap contributors, ODbL)","refreshedAt":"2026-09-29T11:06:04.248Z","mappedSince":null,"osmTags":{"natural":"wood"}},"geometry":{"type":"Polygon","coordinates":[[[82.714729,22.35436],[82.71556,22.35505],[82.716333,22.35561],[82.716625,22.355283],[82.716706,22.35534],[82.716421,22.355662],[82.716697,22.355977],[82.7178,22.356679],[82.718044,22.357113],[82.718556,22.357027],[82.718575,22.357138],[82.718124,22.357808],[82.717786,22.358614],[82.717516,22.359068],[82.716931,22.359678],[82.716545,22.359869],[82.715957,22.35947],[82.714737,22.358131],[82.715619,22.357776],[82.716158,22.357401],[82.716209,22.357039],[82.715834,22.357012],[82.71578,22.356709],[82.716016,22.356528],[82.715928,22.356431],[82.715182,22.356883],[82.7149,22.356843],[82.714423,22.356337],[82.714718,22.355985],[82.714455,22.355752],[82.713844,22.356245],[82.713361,22.355819],[82.712975,22.356101],[82.71247,22.355513],[82.712929,22.355151],[82.712797,22.354993],[82.71251,22.355211],[82.712309,22.354988],[82.712749,22.354432],[82.713082,22.354462],[82.713165,22.354293],[82.712886,22.353983],[82.713004,22.353668],[82.712749,22.353462],[82.712824,22.35337],[82.713093,22.353365],[82.713449,22.353653],[82.713264,22.353856],[82.714249,22.354767],[82.714729,22.35436]]]}},{"type":"Feature","id":"OSM-way-719481971","properties":{"id":"OSM-way-719481971","tag":"forest","facilityId":null,"name":null,"cpcbCategory":null,"source":"OpenStreetMap via Overpass bulk load (© OpenStreetMap contributors, ODbL)","refreshedAt":"2026-09-29T11:06:04.248Z","mappedSince":null,"osmTags":{"natural":"wood"}},"geometry":{"type":"Polygon","coordinates":[[[82.719972,22.35184],[82.720284,22.351596],[82.721166,22.352132],[82.721378,22.351944],[82.721772,22.352313],[82.721587,22.352517],[82.721914,22.35276],[82.722338,22.353035],[82.721869,22.353291],[82.721898,22.353524],[82.722279,22.35341],[82.722491,22.352926],[82.723293,22.353442],[82.723261,22.353782],[82.722745,22.353763],[82.722735,22.354308],[82.722998,22.35433],[82.723033,22.354164],[82.723317,22.354179],[82.723406,22.353474],[82.723824,22.353526],[82.723711,22.35439],[82.723819,22.354563],[82.723524,22.354945],[82.723357,22.355064],[82.722327,22.355084],[82.720823,22.355283],[82.720455,22.355352],[82.719964,22.355578],[82.719331,22.356086],[82.718929,22.356526],[82.718642,22.356972],[82.718575,22.356121],[82.719101,22.355826],[82.719734,22.355189],[82.720871,22.354268],[82.720101,22.353422],[82.720241,22.353276],[82.720136,22.353125],[82.72023,22.353043],[82.719983,22.352767],[82.72008,22.352693],[82.720335,22.352914],[82.720616,22.352606],[82.719916,22.351889],[82.719972,22.35184]]]}},{"type":"Feature","id":"OSM-way-867247757","properties":{"id":"OSM-way-867247757","tag":"farmland","facilityId":null,"name":"Korba test","cpcbCategory":null,"source":"OpenStreetMap via Overpass bulk load (© OpenStreetMap contributors, ODbL)","refreshedAt":"2026-09-29T11:06:04.248Z","mappedSince":null,"osmTags":{"crop":"wheat","landuse":"farmland","name":"Korba test","name:hi":"korba test","operator":"sergey brin","produce":"climeb"}},"geometry":{"type":"Polygon","coordinates":[[[82.714396,22.430719],[82.714546,22.430822],[82.714807,22.430864],[82.714915,22.430825],[82.714918,22.430702],[82.714775,22.430504],[82.714585,22.430392],[82.714324,22.430339],[82.714396,22.430719]]]}},{"type":"Feature","id":"OSM-way-910940979","properties":{"id":"OSM-way-910940979","tag":"industrial","facilityId":null,"name":null,"cpcbCategory":null,"source":"OpenStreetMap via Overpass bulk load (© OpenStreetMap contributors, ODbL)","refreshedAt":"2026-09-29T11:06:04.248Z","mappedSince":null,"osmTags":{"landuse":"industrial","note":"Mechanical draft cooling units for Balco-III Power Station.","operator":"BALCO","power":"plant"}},"geometry":{"type":"Polygon","coordinates":[[[82.742056,22.402162],[82.74304,22.400065],[82.747683,22.40069],[82.74724,22.402985],[82.742056,22.402162]]]}},{"type":"Feature","id":"OSM-way-966220651","properties":{"id":"OSM-way-966220651","tag":"industrial","facilityId":null,"name":null,"cpcbCategory":null,"source":"OpenStreetMap via Overpass bulk load (© OpenStreetMap contributors, ODbL)","refreshedAt":"2026-09-29T11:06:04.248Z","mappedSince":null,"osmTags":{"landuse":"industrial"}},"geometry":{"type":"Polygon","coordinates":[[[82.631832,22.364414],[82.633302,22.366825],[82.633313,22.367618],[82.633141,22.369057],[82.632937,22.369285],[82.63239,22.369603],[82.632251,22.369791],[82.6318,22.371934],[82.631301,22.372095],[82.630735,22.372053],[82.630493,22.372055],[82.630487,22.371861],[82.630942,22.364741],[82.631478,22.364245],[82.63165,22.361645],[82.631805,22.361609],[82.631961,22.361675],[82.631832,22.364414]]]}},{"type":"Feature","id":"OSM-way-969882286","properties":{"id":"OSM-way-969882286","tag":"industrial","facilityId":null,"name":null,"cpcbCategory":null,"source":"OpenStreetMap via Overpass bulk load (© OpenStreetMap contributors, ODbL)","refreshedAt":"2026-09-29T11:06:04.248Z","mappedSince":null,"osmTags":{"imagery_used":"MaxarPremium, retreived 08/2021","landuse":"industrial","source":"MaxarPremium"}},"geometry":{"type":"Polygon","coordinates":[[[82.67729,22.339498],[82.677332,22.340147],[82.677559,22.340882],[82.678106,22.341517],[82.67971,22.341944],[82.680203,22.342122],[82.68052,22.342609],[82.680059,22.343333],[82.677237,22.344539],[82.675858,22.345744],[82.674978,22.346518],[82.674142,22.348111],[82.67346,22.349609],[82.671905,22.350413],[82.671937,22.346365],[82.670113,22.346583],[82.660178,22.34635],[82.654028,22.345285],[82.651471,22.345551],[82.647255,22.347431],[82.644396,22.346776],[82.643698,22.345288],[82.644144,22.344276],[82.643725,22.343715],[82.644036,22.342708],[82.64379,22.340232],[82.64549,22.338624],[82.646896,22.338014],[82.64748,22.337037],[82.647695,22.336173],[82.647974,22.334064],[82.647169,22.333136],[82.646853,22.332655],[82.647513,22.330705],[82.648081,22.330407],[82.648832,22.329524],[82.64968,22.329236],[82.651022,22.329307],[82.64755,22.332293],[82.648365,22.333811],[82.648913,22.33664],[82.650758,22.336878],[82.653236,22.336977],[82.659352,22.338247],[82.660682,22.341066],[82.664652,22.342018],[82.671218,22.340927],[82.672226,22.339815],[82.67729,22.339498]]]}},{"type":"Feature","id":"OSM-way-969882287","properties":{"id":"OSM-way-969882287","tag":"forest","facilityId":null,"name":null,"cpcbCategory":null,"source":"OpenStreetMap via Overpass bulk load (© OpenStreetMap contributors, ODbL)","refreshedAt":"2026-09-29T11:06:04.248Z","mappedSince":null,"osmTags":{"imagery_used":"MaxarPremium, retreived 08/2021","landuse":"landfill","natural":"wood","source":"MaxarPremium"}},"geometry":{"type":"Polygon","coordinates":[[[82.67971,22.341944],[82.678106,22.341517],[82.677559,22.340882],[82.677332,22.340147],[82.677317,22.340098],[82.67729,22.339498],[82.676926,22.338654],[82.676958,22.33653],[82.679501,22.33402],[82.684472,22.333475],[82.687143,22.330702],[82.68726,22.328541],[82.68817,22.327023],[82.688947,22.327678],[82.690401,22.328259],[82.691377,22.328457],[82.692236,22.328909],[82.692595,22.329167],[82.693523,22.330184],[82.693636,22.331137],[82.690262,22.334531],[82.688744,22.336595],[82.687889,22.337936],[82.686759,22.338818],[82.686104,22.339498],[82.686018,22.339587],[82.683921,22.34056],[82.681351,22.341398],[82.680278,22.341641],[82.680166,22.3418],[82.67971,22.341944]]]}},{"type":"Feature","id":"OSM-way-1072409510","properties":{"id":"OSM-way-1072409510","tag":"forest","facilityId":null,"name":null,"cpcbCategory":null,"source":"OpenStreetMap via Overpass bulk load (© OpenStreetMap contributors, ODbL)","refreshedAt":"2026-09-29T11:06:04.248Z","mappedSince":null,"osmTags":{"landuse":"forest"}},"geometry":{"type":"Polygon","coordinates":[[[82.765663,22.294747],[82.76546,22.294471],[82.765469,22.294409],[82.765527,22.294338],[82.765633,22.294245],[82.765822,22.294137],[82.766164,22.293885],[82.766278,22.293742],[82.766353,22.293644],[82.766368,22.29358],[82.766348,22.293478],[82.766365,22.293318],[82.766416,22.293066],[82.766493,22.292879],[82.766533,22.292763],[82.766601,22.292701],[82.766601,22.292632],[82.766616,22.292546],[82.76665,22.292365],[82.766643,22.292244],[82.766631,22.292143],[82.766663,22.292101],[82.766773,22.292154],[82.766853,22.292232],[82.766907,22.292294],[82.766937,22.292374],[82.766918,22.292446],[82.76693,22.29255],[82.76699,22.292676],[82.767052,22.292759],[82.767091,22.292824],[82.767175,22.292799],[82.767265,22.292809],[82.767364,22.292875],[82.767434,22.292923],[82.767566,22.293025],[82.767575,22.293119],[82.767543,22.293219],[82.767527,22.293268],[82.767505,22.293318],[82.767304,22.293559],[82.767183,22.29364],[82.767053,22.293709],[82.766937,22.293796],[82.766747,22.293859],[82.76666,22.293943],[82.766621,22.294029],[82.766558,22.294151],[82.766475,22.294221],[82.766284,22.294262],[82.766191,22.294298],[82.76612,22.294368],[82.766047,22.294407],[82.765849,22.294415],[82.765771,22.294451],[82.765751,22.294497],[82.765794,22.294565],[82.765832,22.294633],[82.765881,22.294687],[82.765946,22.294705],[82.765928,22.294766],[82.765805,22.294778],[82.765689,22.294772],[82.765663,22.294747]]]}},{"type":"Feature","id":"OSM-way-1072411541","properties":{"id":"OSM-way-1072411541","tag":"quarry","facilityId":null,"name":null,"cpcbCategory":null,"source":"OpenStreetMap via Overpass bulk load (© OpenStreetMap contributors, ODbL)","refreshedAt":"2026-09-29T11:06:04.248Z","mappedSince":null,"osmTags":{"landuse":"quarry"}},"geometry":{"type":"Polygon","coordinates":[[[82.769151,22.319649],[82.770545,22.320503],[82.772434,22.32217],[82.774547,22.324611],[82.775288,22.325336],[82.778045,22.324904],[82.778217,22.324795],[82.777744,22.318562],[82.77723,22.313912],[82.773603,22.31349],[82.773324,22.313719],[82.769237,22.314235],[82.769124,22.314523],[82.769301,22.318706],[82.769317,22.319183],[82.769172,22.319356],[82.769151,22.319649]]]}},{"type":"Feature","id":"OSM-way-1072412904","properties":{"id":"OSM-way-1072412904","tag":"industrial","facilityId":null,"name":null,"cpcbCategory":null,"source":"OpenStreetMap via Overpass bulk load (© OpenStreetMap contributors, ODbL)","refreshedAt":"2026-09-29T11:06:04.248Z","mappedSince":null,"osmTags":{"landuse":"industrial"}},"geometry":{"type":"Polygon","coordinates":[[[82.749635,22.341439],[82.749407,22.341382],[82.749317,22.341331],[82.749335,22.341219],[82.748718,22.341028],[82.74864,22.340804],[82.748486,22.340599],[82.748455,22.340511],[82.747273,22.340087],[82.748043,22.337765],[82.748368,22.33788],[82.748854,22.337927],[82.749246,22.338056],[82.749812,22.338386],[82.75129,22.338778],[82.750842,22.34146],[82.750568,22.341428],[82.750236,22.341299],[82.749951,22.341247],[82.74989,22.341472],[82.749635,22.341439]]]}},{"type":"Feature","id":"OSM-way-1393168286","properties":{"id":"OSM-way-1393168286","tag":"industrial","facilityId":null,"name":null,"cpcbCategory":null,"source":"OpenStreetMap via Overpass bulk load (© OpenStreetMap contributors, ODbL)","refreshedAt":"2026-09-29T11:06:04.248Z","mappedSince":null,"osmTags":{"industrial":"brickyard","landuse":"industrial"}},"geometry":{"type":"Polygon","coordinates":[[[82.624722,22.411897],[82.624433,22.41166],[82.624732,22.411311],[82.625002,22.411414],[82.624722,22.411897]]]}},{"type":"Feature","id":"OSM-way-1396582760","properties":{"id":"OSM-way-1396582760","tag":"forest","facilityId":null,"name":null,"cpcbCategory":null,"source":"OpenStreetMap via Overpass bulk load (© OpenStreetMap contributors, ODbL)","refreshedAt":"2026-09-29T11:06:04.248Z","mappedSince":null,"osmTags":{"landuse":"forest"}},"geometry":{"type":"Polygon","coordinates":[[[82.600998,22.411758],[82.599801,22.412155],[82.598129,22.413048],[82.597746,22.414027],[82.597546,22.414438],[82.59546,22.416338],[82.590672,22.42041],[82.595276,22.420613],[82.596288,22.419365],[82.597639,22.418344],[82.599203,22.417578],[82.600844,22.415494],[82.601634,22.414983],[82.602127,22.41406],[82.602369,22.413156],[82.602063,22.412572],[82.601895,22.411466],[82.600998,22.411758]]]}},{"type":"Feature","id":"OSM-way-1396582761","properties":{"id":"OSM-way-1396582761","tag":"forest","facilityId":null,"name":null,"cpcbCategory":null,"source":"OpenStreetMap via Overpass bulk load (© OpenStreetMap contributors, ODbL)","refreshedAt":"2026-09-29T11:06:04.248Z","mappedSince":null,"osmTags":{"landuse":"forest"}},"geometry":{"type":"Polygon","coordinates":[[[82.596725,22.414416],[82.590727,22.415352],[82.589623,22.417195],[82.589772,22.418547],[82.590405,22.420003],[82.590768,22.420324],[82.596725,22.414416]]]}},{"type":"Feature","id":"OSM-way-1396582762","properties":{"id":"OSM-way-1396582762","tag":"forest","facilityId":null,"name":null,"cpcbCategory":null,"source":"OpenStreetMap via Overpass bulk load (© OpenStreetMap contributors, ODbL)","refreshedAt":"2026-09-29T11:06:04.248Z","mappedSince":null,"osmTags":{"natural":"wood"}},"geometry":{"type":"Polygon","coordinates":[[[82.584187,22.426156],[82.584135,22.424815],[82.582619,22.424416],[82.581834,22.42438],[82.581011,22.423715],[82.580162,22.423619],[82.578868,22.422145],[82.577953,22.421432],[82.577508,22.421396],[82.576228,22.421843],[82.576018,22.421166],[82.572882,22.420696],[82.570742,22.420833],[82.569704,22.421558],[82.569915,22.423713],[82.569873,22.425378],[82.570594,22.426592],[82.573094,22.429334],[82.576358,22.429804],[82.578243,22.429021],[82.577904,22.430431],[82.57943,22.431646],[82.581104,22.432292],[82.582418,22.431411],[82.582884,22.431469],[82.583202,22.432175],[82.584113,22.431685],[82.585639,22.430862],[82.585703,22.429569],[82.586804,22.429041],[82.586974,22.428296],[82.587766,22.427075],[82.588562,22.426211],[82.589466,22.42485],[82.59173,22.426555],[82.594934,22.425652],[82.596731,22.424008],[82.594875,22.42101],[82.591615,22.420649],[82.590376,22.420682],[82.584187,22.426156]]]}},{"type":"Feature","id":"OSM-way-1408710423","properties":{"id":"OSM-way-1408710423","tag":"forest","facilityId":null,"name":null,"cpcbCategory":null,"source":"OpenStreetMap via Overpass bulk load (© OpenStreetMap contributors, ODbL)","refreshedAt":"2026-09-29T11:06:04.248Z","mappedSince":null,"osmTags":{"natural":"wood"}},"geometry":{"type":"Polygon","coordinates":[[[82.636388,22.342863],[82.635885,22.343416],[82.636111,22.343574],[82.635986,22.343801],[82.636136,22.34408],[82.63594,22.344275],[82.636358,22.344624],[82.635895,22.345105],[82.636136,22.34537],[82.63688,22.344598],[82.637719,22.343702],[82.637332,22.343497],[82.636388,22.342863]]]}},{"type":"Feature","id":"OSM-way-1408711564","properties":{"id":"OSM-way-1408711564","tag":"forest","facilityId":null,"name":null,"cpcbCategory":null,"source":"OpenStreetMap via Overpass bulk load (© OpenStreetMap contributors, ODbL)","refreshedAt":"2026-09-29T11:06:04.248Z","mappedSince":null,"osmTags":{"natural":"wood"}},"geometry":{"type":"Polygon","coordinates":[[[82.677049,22.349504],[82.677799,22.349747],[82.678316,22.349287],[82.678873,22.348989],[82.679196,22.347451],[82.680148,22.34716],[82.681415,22.346592],[82.681383,22.346339],[82.68198,22.346018],[82.682166,22.345577],[82.682117,22.345152],[82.681948,22.34507],[82.681843,22.345092],[82.681552,22.344749],[82.681246,22.344808],[82.681092,22.344532],[82.68081,22.344249],[82.680479,22.34407],[82.679389,22.344473],[82.678566,22.344816],[82.677913,22.345174],[82.677122,22.345637],[82.676654,22.346092],[82.676411,22.346376],[82.675935,22.346884],[82.675895,22.347137],[82.676315,22.347033],[82.676323,22.34719],[82.675766,22.347578],[82.676073,22.348227],[82.676444,22.348444],[82.677178,22.348399],[82.677388,22.348936],[82.677049,22.349504]]]}},{"type":"Feature","id":"OSM-relation-13118729","properties":{"id":"OSM-relation-13118729","tag":"quarry","facilityId":"OSM-relation-13118729","name":"Gevra Open Cast Mine","cpcbCategory":"Red","source":"OpenStreetMap via Overpass bulk load (© OpenStreetMap contributors, ODbL)","refreshedAt":"2026-09-29T11:06:04.248Z","mappedSince":null,"osmTags":{"imagery_used":"MaxarPremium, retreived 08/2021","landuse":"quarry","name":"Gevra Open Cast Mine","operator":"South Eastern Coalfields Limited (SECL)","resource":"coal","source":"https://www.gem.wiki/Gevra_coal_mine","type":"multipolygon"}},"geometry":{"type":"Polygon","coordinates":[[[82.553716,22.323004],[82.554789,22.313992],[82.558233,22.313947],[82.560818,22.315604],[82.565131,22.314776],[82.565625,22.314696],[82.56622,22.314746],[82.566177,22.314389],[82.567186,22.314349],[82.5685,22.314339],[82.569417,22.314076],[82.570179,22.31422],[82.570994,22.314245],[82.57226,22.314543],[82.572674,22.314751],[82.572792,22.315098],[82.57453,22.315351],[82.575077,22.315738],[82.575684,22.317077],[82.576203,22.31822],[82.577147,22.318175],[82.577518,22.318001],[82.577995,22.31812],[82.578285,22.318041],[82.5788,22.318423],[82.579363,22.318786],[82.580323,22.319183],[82.582088,22.319421],[82.588783,22.320359],[82.588815,22.318949],[82.593353,22.318989],[82.597505,22.318989],[82.597532,22.321485],[82.602248,22.321515],[82.602671,22.322522],[82.602677,22.324572],[82.602333,22.32549],[82.602682,22.32611],[82.603369,22.326423],[82.604297,22.326388],[82.605268,22.327261],[82.606206,22.327758],[82.606539,22.328408],[82.607939,22.332248],[82.610761,22.332362],[82.612821,22.332412],[82.61472,22.332839],[82.6156,22.332725],[82.616474,22.332854],[82.616903,22.332983],[82.617708,22.333027],[82.618454,22.332943],[82.620787,22.332779],[82.62186,22.332739],[82.622783,22.332586],[82.624547,22.332581],[82.624859,22.334035],[82.624896,22.334554],[82.625062,22.335513],[82.625041,22.336451],[82.624907,22.336853],[82.624558,22.337002],[82.62458,22.33725],[82.62473,22.3379],[82.625062,22.338426],[82.625164,22.33858],[82.625138,22.339016],[82.624542,22.339284],[82.62348,22.33925],[82.621324,22.339006],[82.619151,22.338892],[82.617863,22.339592],[82.616308,22.340336],[82.614967,22.339994],[82.613475,22.340202],[82.618518,22.346583],[82.614913,22.352132],[82.610716,22.353621],[82.591224,22.35341],[82.58616,22.35083],[82.582726,22.34956],[82.579812,22.349441],[82.577883,22.349271],[82.574838,22.349238],[82.57204,22.349123],[82.570496,22.342197],[82.566118,22.342177],[82.56408,22.34442],[82.560625,22.344162],[82.556269,22.345114],[82.555517,22.345066],[82.554488,22.341978],[82.551591,22.341423],[82.550497,22.339597],[82.550025,22.337334],[82.55363,22.334238],[82.554016,22.333345],[82.553351,22.328819],[82.553716,22.323004]]]}},{"type":"Feature","id":"OSM-relation-16214720","properties":{"id":"OSM-relation-16214720","tag":"industrial","facilityId":"OSM-relation-16214720","name":"Balco-III Power Station","cpcbCategory":"Red","source":"OpenStreetMap via Overpass bulk load (© OpenStreetMap contributors, ODbL)","refreshedAt":"2026-09-29T11:06:04.248Z","mappedSince":null,"osmTags":{"landuse":"industrial","name":"Balco-III Power Station","plant:method":"combustion","plant:output:electricity":"yes","plant:source":"coal","power":"plant","source":"https://www.gem.wiki/BALCO_Korba_power_station","type":"multipolygon"}},"geometry":{"type":"MultiPolygon","coordinates":[[[[82.741781,22.397891],[82.741693,22.398163],[82.74111,22.400174],[82.740783,22.400362],[82.738225,22.399738],[82.738151,22.39965],[82.739635,22.394913],[82.740139,22.394961],[82.740321,22.394904],[82.740954,22.39508],[82.74108,22.395075],[82.742615,22.39536],[82.741781,22.397891]]],[[[82.742056,22.402162],[82.74304,22.400065],[82.747683,22.40069],[82.74724,22.402985],[82.742056,22.402162]]]]}},{"type":"Feature","id":"OSM-relation-16214721","properties":{"id":"OSM-relation-16214721","tag":"industrial","facilityId":"OSM-relation-16214721","name":"BALCO Korba Power Stations","cpcbCategory":"Red","source":"OpenStreetMap via Overpass bulk load (© OpenStreetMap contributors, ODbL)","refreshedAt":"2026-09-29T11:06:04.248Z","mappedSince":null,"osmTags":{"landuse":"industrial","name":"BALCO Korba Power Stations","plant:method":"combustion","plant:output:electricity":"yes","plant:source":"coal","power":"plant","source":"https://www.gem.wiki/BALCO_Korba_power_station","type":"multipolygon"}},"geometry":{"type":"MultiPolygon","coordinates":[[[[82.74109,22.394684],[82.742278,22.390917],[82.740521,22.390438],[82.741106,22.388831],[82.744778,22.389821],[82.746159,22.390785],[82.746419,22.39116],[82.746543,22.391579],[82.74662,22.392301],[82.746465,22.392804],[82.745944,22.393608],[82.746441,22.394079],[82.743589,22.398286],[82.741781,22.397891],[82.742615,22.39536],[82.74108,22.395075],[82.74109,22.394684]]],[[[82.742056,22.402162],[82.74304,22.400065],[82.747683,22.40069],[82.74724,22.402985],[82.742056,22.402162]]],[[[82.741781,22.397891],[82.741693,22.398163],[82.74111,22.400174],[82.740783,22.400362],[82.738225,22.399738],[82.738151,22.39965],[82.739635,22.394913],[82.740139,22.394961],[82.740321,22.394904],[82.740954,22.39508],[82.74108,22.395075],[82.742615,22.39536],[82.741781,22.397891]]]]}},{"type":"Feature","id":"OSM-way-117033097","properties":{"id":"OSM-way-117033097","tag":"industrial","facilityId":null,"name":null,"cpcbCategory":null,"source":"OpenStreetMap via Overpass bulk load (© OpenStreetMap contributors, ODbL)","refreshedAt":"2026-09-29T11:06:04.248Z","mappedSince":null,"osmTags":{"landuse":"industrial"}},"geometry":{"type":"Polygon","coordinates":[[[86.481164,23.613609],[86.480731,23.611032],[86.480853,23.609692],[86.482045,23.609568],[86.483453,23.610511],[86.484875,23.612186],[86.485051,23.614023],[86.486148,23.615921],[86.487137,23.616815],[86.487733,23.618267],[86.488315,23.619297],[86.488518,23.620289],[86.488694,23.621369],[86.489486,23.623254],[86.486794,23.623954],[86.485538,23.62413],[86.484712,23.620761],[86.480603,23.618772],[86.479277,23.617938],[86.475723,23.616294],[86.471927,23.614531],[86.472343,23.61388],[86.477145,23.615849],[86.479216,23.614039],[86.479875,23.613435],[86.481164,23.613609]]]}},{"type":"Feature","id":"OSM-way-117695910","properties":{"id":"OSM-way-117695910","tag":"industrial","facilityId":null,"name":null,"cpcbCategory":null,"source":"OpenStreetMap via Overpass bulk load (© OpenStreetMap contributors, ODbL)","refreshedAt":"2026-09-29T11:06:04.248Z","mappedSince":null,"osmTags":{"landuse":"industrial"}},"geometry":{"type":"Polygon","coordinates":[[[86.420247,23.665572],[86.419183,23.664476],[86.424665,23.658504],[86.427459,23.656261],[86.435353,23.654696],[86.435466,23.655114],[86.435694,23.65596],[86.430415,23.657451],[86.430893,23.659105],[86.428285,23.65986],[86.428411,23.660187],[86.428711,23.660968],[86.425015,23.662496],[86.421915,23.664228],[86.420247,23.665572]]]}},{"type":"Feature","id":"OSM-way-117695911","properties":{"id":"OSM-way-117695911","tag":"quarry","facilityId":null,"name":null,"cpcbCategory":null,"source":"OpenStreetMap via Overpass bulk load (© OpenStreetMap contributors, ODbL)","refreshedAt":"2026-09-29T11:06:04.248Z","mappedSince":null,"osmTags":{"landuse":"quarry","resource":"coal"}},"geometry":{"type":"Polygon","coordinates":[[[86.412656,23.676856],[86.413942,23.676866],[86.414923,23.677485],[86.415839,23.678962],[86.413571,23.68008],[86.412481,23.680919],[86.412405,23.681468],[86.413866,23.682746],[86.415686,23.683135],[86.415784,23.683983],[86.415002,23.684166],[86.413342,23.684552],[86.41016,23.684912],[86.409571,23.684333],[86.412656,23.676856]]]}},{"type":"Feature","id":"OSM-way-117695912","properties":{"id":"OSM-way-117695912","tag":"quarry","facilityId":null,"name":null,"cpcbCategory":null,"source":"OpenStreetMap via Overpass bulk load (© OpenStreetMap contributors, ODbL)","refreshedAt":"2026-09-29T11:06:04.248Z","mappedSince":null,"osmTags":{"landuse":"quarry"}},"geometry":{"type":"Polygon","coordinates":[[[86.446859,23.660082],[86.446127,23.65815],[86.447888,23.656985],[86.448603,23.656043],[86.45174,23.654462],[86.452106,23.653536],[86.454599,23.652194],[86.452996,23.650358],[86.45826,23.647947],[86.460282,23.649703],[86.461433,23.650486],[86.458452,23.651795],[86.4591,23.653154],[86.458156,23.654174],[86.451113,23.65807],[86.451183,23.65906],[86.44808,23.660034],[86.446859,23.660082]]]}},{"type":"Feature","id":"OSM-way-117695914","properties":{"id":"OSM-way-117695914","tag":"quarry","facilityId":null,"name":null,"cpcbCategory":null,"source":"OpenStreetMap via Overpass bulk load (© OpenStreetMap contributors, ODbL)","refreshedAt":"2026-09-29T11:06:04.248Z","mappedSince":null,"osmTags":{"landuse":"quarry","resource":"coal"}},"geometry":{"type":"Polygon","coordinates":[[[86.417012,23.678443],[86.415922,23.676916],[86.415747,23.675688],[86.415998,23.674829],[86.416311,23.672708],[86.417041,23.672507],[86.417481,23.671529],[86.418972,23.671293],[86.41983,23.671804],[86.420088,23.673013],[86.421557,23.673292],[86.423181,23.673112],[86.424348,23.672344],[86.42523,23.672274],[86.425667,23.6747],[86.425612,23.675219],[86.424973,23.675439],[86.424685,23.675538],[86.424195,23.676397],[86.422244,23.677066],[86.421317,23.676916],[86.420336,23.677295],[86.419159,23.678353],[86.418494,23.678563],[86.417012,23.678443]]]}},{"type":"Feature","id":"OSM-way-117695915","properties":{"id":"OSM-way-117695915","tag":"industrial","facilityId":null,"name":null,"cpcbCategory":null,"source":"OpenStreetMap via Overpass bulk load (© OpenStreetMap contributors, ODbL)","refreshedAt":"2026-09-29T11:06:04.248Z","mappedSince":null,"osmTags":{"landuse":"industrial"}},"geometry":{"type":"Polygon","coordinates":[[[86.50287,23.657736],[86.504295,23.655598],[86.505232,23.655997],[86.50667,23.65428],[86.504621,23.651905],[86.505515,23.651147],[86.501985,23.648332],[86.499893,23.64943],[86.494358,23.650149],[86.489935,23.652244],[86.489172,23.653522],[86.486056,23.653801],[86.483692,23.654685],[86.483235,23.65794],[86.483049,23.65927],[86.482896,23.65955],[86.483877,23.662723],[86.487015,23.665198],[86.487908,23.66444],[86.490501,23.667293],[86.493007,23.669908],[86.49475,23.668132],[86.495252,23.668311],[86.497147,23.665178],[86.496531,23.664779],[86.496649,23.664533],[86.497968,23.664395],[86.500919,23.660435],[86.502635,23.658027],[86.50287,23.657736]]]}},{"type":"Feature","id":"OSM-way-117695916","properties":{"id":"OSM-way-117695916","tag":"quarry","facilityId":"OSM-way-117695916","name":"Tetulmari coal mine","cpcbCategory":"Red","source":"OpenStreetMap via Overpass bulk load (© OpenStreetMap contributors, ODbL)","refreshedAt":"2026-09-29T11:06:04.248Z","mappedSince":null,"osmTags":{"landuse":"quarry","name":"Tetulmari coal mine","operator":"Bharat Coking Coal Limited","resource":"coal","source":"http://environmentclearance.nic.in/writereaddata/modification/PreviousTOR/13092017UZBIBOX5Annexure-UpdatedForm1Letter.pdf"}},"geometry":{"type":"Polygon","coordinates":[[[86.33811,23.801943],[86.33787,23.800652],[86.335857,23.800085],[86.338275,23.797728],[86.342733,23.795557],[86.34551,23.794019],[86.346123,23.791765],[86.348988,23.790939],[86.355598,23.79215],[86.353161,23.794455],[86.354005,23.796519],[86.355746,23.796368],[86.35883,23.797098],[86.359902,23.798482],[86.360087,23.800172],[86.359194,23.801267],[86.359187,23.802232],[86.359562,23.803244],[86.361007,23.803897],[86.359745,23.805417],[86.358571,23.803991],[86.356532,23.804832],[86.354662,23.804947],[86.353887,23.805105],[86.349517,23.805916],[86.349374,23.807639],[86.347648,23.80836],[86.34626,23.806849],[86.344665,23.806952],[86.344159,23.805287],[86.343446,23.803965],[86.341532,23.804034],[86.340538,23.80182],[86.33811,23.801943]]]}},{"type":"Feature","id":"OSM-way-117695917","properties":{"id":"OSM-way-117695917","tag":"quarry","facilityId":"OSM-way-117695917","name":"Cluster 11 and Cluster 7 (BCCL) Coal Mines","cpcbCategory":"Red","source":"OpenStreetMap via Overpass bulk load (© OpenStreetMap contributors, ODbL)","refreshedAt":"2026-09-29T11:06:04.248Z","mappedSince":null,"osmTags":{"landuse":"quarry","name":"Cluster 11 and Cluster 7 (BCCL) Coal Mines","operator":"Bharat Coking Coal Limited (BCCL)","resource":"coal","source":"https://www.gem.wiki/Cluster_No._11_(BCCL) and https://www.gem.wiki/Cluster_No._7_(BCCL)"}},"geometry":{"type":"Polygon","coordinates":[[[86.399448,23.773323],[86.39894,23.773942],[86.398267,23.775862],[86.398267,23.777039],[86.398267,23.778052],[86.398126,23.779011],[86.397841,23.780302],[86.398346,23.781973],[86.397207,23.782874],[86.396455,23.782855],[86.394777,23.783029],[86.393132,23.782701],[86.392021,23.783313],[86.390554,23.783405],[86.390146,23.782701],[86.389183,23.780899],[86.389487,23.778653],[86.389697,23.776723],[86.389697,23.776069],[86.388814,23.775954],[86.387552,23.776069],[86.386816,23.775415],[86.385806,23.775973],[86.385359,23.775849],[86.385271,23.774871],[86.384865,23.77427],[86.384243,23.773652],[86.384575,23.772699],[86.385359,23.770353],[86.385719,23.768532],[86.386469,23.767726],[86.388572,23.765782],[86.390969,23.76326],[86.391558,23.760084],[86.393451,23.757428],[86.395512,23.756081],[86.398162,23.755773],[86.399024,23.754367],[86.399129,23.752077],[86.399992,23.751268],[86.402242,23.752346],[86.40397,23.754315],[86.406576,23.754292],[86.407705,23.753742],[86.40873,23.754503],[86.40771,23.756235],[86.407605,23.757582],[86.406911,23.758564],[86.404841,23.75946],[86.404387,23.758926],[86.403531,23.75936],[86.403693,23.761316],[86.404166,23.762605],[86.405647,23.763057],[86.407535,23.76237],[86.409488,23.762389],[86.409616,23.763607],[86.408436,23.765669],[86.40702,23.767495],[86.406999,23.768438],[86.408308,23.769068],[86.409267,23.770353],[86.409609,23.770989],[86.409948,23.771864],[86.410049,23.773277],[86.409681,23.774781],[86.409014,23.776194],[86.408846,23.777157],[86.407731,23.778408],[86.40813,23.779177],[86.407647,23.780024],[86.40628,23.780544],[86.405652,23.779999],[86.404767,23.779773],[86.403995,23.778948],[86.403582,23.77835],[86.402637,23.778163],[86.401795,23.777157],[86.401618,23.776219],[86.401918,23.775797],[86.401967,23.774683],[86.401505,23.773769],[86.401216,23.771349],[86.400438,23.77046],[86.399751,23.770942],[86.399145,23.771904],[86.398357,23.771909],[86.398185,23.772184],[86.398619,23.772434],[86.399236,23.77264],[86.399448,23.773323]]]}},{"type":"Feature","id":"OSM-way-117695918","properties":{"id":"OSM-way-117695918","tag":"quarry","facilityId":null,"name":null,"cpcbCategory":null,"source":"OpenStreetMap via Overpass bulk load (© OpenStreetMap contributors, ODbL)","refreshedAt":"2026-09-29T11:06:04.248Z","mappedSince":null,"osmTags":{"landuse":"quarry"}},"geometry":{"type":"Polygon","coordinates":[[[86.444222,23.661545],[86.443454,23.661855],[86.44262,23.662565],[86.441656,23.662547],[86.440001,23.662476],[86.440043,23.66214],[86.439782,23.661461],[86.440019,23.659864],[86.440349,23.659128],[86.441651,23.658912],[86.443864,23.658852],[86.445106,23.658596],[86.445411,23.658554],[86.44589,23.658574],[86.44603,23.660439],[86.444367,23.661275],[86.444222,23.661545]]]}},{"type":"Feature","id":"OSM-way-117807503","properties":{"id":"OSM-way-117807503","tag":"industrial","facilityId":null,"name":null,"cpcbCategory":null,"source":"OpenStreetMap via Overpass bulk load (© OpenStreetMap contributors, ODbL)","refreshedAt":"2026-09-29T11:06:04.248Z","mappedSince":null,"osmTags":{"landuse":"industrial"}},"geometry":{"type":"Polygon","coordinates":[[[86.43036,23.789552],[86.429367,23.789522],[86.429075,23.789549],[86.429056,23.789399],[86.433918,23.788643],[86.435105,23.788465],[86.43513,23.788598],[86.434131,23.788907],[86.433786,23.789033],[86.433452,23.789158],[86.432972,23.789311],[86.432595,23.789419],[86.4322,23.789449],[86.431362,23.789462],[86.43036,23.789552]]]}},{"type":"Feature","id":"OSM-way-117807504","properties":{"id":"OSM-way-117807504","tag":"quarry","facilityId":"OSM-way-117807504","name":"Cluster 8 and Cluster 9 Coal Mines","cpcbCategory":"Red","source":"OpenStreetMap via Overpass bulk load (© OpenStreetMap contributors, ODbL)","refreshedAt":"2026-09-29T11:06:04.248Z","mappedSince":null,"osmTags":{"landuse":"quarry","name":"Cluster 8 and Cluster 9 Coal Mines","operator":"Bharat Coking Coal Limited (BCCL)","resource":"coal","source":"https://www.gem.wiki/Cluster_No._8_(BCCL) and https://www.gem.wiki/Cluster_No._9_(BCCL)"}},"geometry":{"type":"Polygon","coordinates":[[[86.429722,23.747522],[86.428707,23.749115],[86.428647,23.750574],[86.427304,23.750977],[86.425432,23.752284],[86.422891,23.755706],[86.421235,23.756554],[86.420083,23.759604],[86.419558,23.760829],[86.418435,23.760932],[86.418941,23.758379],[86.418248,23.758225],[86.416435,23.759165],[86.414036,23.760128],[86.412545,23.758763],[86.412837,23.755926],[86.41444,23.754534],[86.416903,23.753088],[86.41819,23.751669],[86.417342,23.74942],[86.420283,23.746561],[86.420987,23.745878],[86.421972,23.744174],[86.422971,23.743616],[86.4246,23.743359],[86.426247,23.742828],[86.427965,23.741421],[86.428026,23.741371],[86.429605,23.740687],[86.430927,23.73976],[86.432406,23.739644],[86.432687,23.738955],[86.432734,23.736851],[86.431642,23.736674],[86.430815,23.736368],[86.429186,23.736402],[86.426921,23.737653],[86.425966,23.73731],[86.42576,23.732289],[86.425236,23.729667],[86.427084,23.728078],[86.42766,23.726622],[86.427868,23.725817],[86.428245,23.725094],[86.428924,23.724149],[86.430231,23.724227],[86.431582,23.723395],[86.432499,23.723875],[86.431339,23.725555],[86.431339,23.727508],[86.430347,23.728828],[86.431117,23.73044],[86.43147,23.732341],[86.433323,23.732306],[86.436182,23.731976],[86.437568,23.730674],[86.437624,23.729029],[86.438316,23.727281],[86.43695,23.726578],[86.436632,23.72555],[86.43677,23.72324],[86.437384,23.720758],[86.438402,23.718332],[86.439675,23.717098],[86.441757,23.715905],[86.44324,23.715727],[86.445022,23.716152],[86.445486,23.715288],[86.445621,23.713506],[86.445007,23.711819],[86.445261,23.709543],[86.446205,23.707582],[86.447801,23.705805],[86.446674,23.7046],[86.445147,23.70434],[86.444351,23.701241],[86.443753,23.699653],[86.445813,23.698582],[86.447848,23.698561],[86.452458,23.699975],[86.454845,23.70246],[86.455079,23.705781],[86.455406,23.708566],[86.456108,23.711116],[86.454845,23.713344],[86.453815,23.715529],[86.452902,23.720478],[86.452973,23.724333],[86.453099,23.727013],[86.45291,23.727858],[86.452511,23.728714],[86.451162,23.729454],[86.451021,23.73052],[86.451639,23.732045],[86.45031,23.732542],[86.448207,23.733218],[86.447614,23.732131],[86.447764,23.73088],[86.449262,23.730194],[86.449692,23.72956],[86.448925,23.728841],[86.442935,23.728566],[86.443066,23.731668],[86.441896,23.734804],[86.442013,23.737074],[86.443157,23.736378],[86.444984,23.736625],[86.44678,23.736993],[86.446615,23.73871],[86.445008,23.740769],[86.443489,23.741243],[86.443608,23.743906],[86.443026,23.748327],[86.440852,23.751187],[86.435031,23.748552],[86.432182,23.74677],[86.432662,23.749054],[86.434722,23.752491],[86.436803,23.755653],[86.439185,23.75748],[86.43955,23.759208],[86.437576,23.760111],[86.434057,23.758462],[86.432576,23.756753],[86.432169,23.754612],[86.431825,23.75257],[86.430709,23.75035],[86.429443,23.749015],[86.429722,23.747522]]]}},{"type":"Feature","id":"OSM-way-117807505","properties":{"id":"OSM-way-117807505","tag":"quarry","facilityId":null,"name":null,"cpcbCategory":null,"source":"OpenStreetMap via Overpass bulk load (© OpenStreetMap contributors, ODbL)","refreshedAt":"2026-09-29T11:06:04.248Z","mappedSince":null,"osmTags":{"landuse":"quarry"}},"geometry":{"type":"Polygon","coordinates":[[[86.422764,23.76158],[86.42363,23.760424],[86.426906,23.760766],[86.430533,23.760488],[86.432452,23.761537],[86.433388,23.763743],[86.432031,23.766077],[86.431914,23.768283],[86.42955,23.770039],[86.426839,23.770124],[86.424581,23.770324],[86.420893,23.771645],[86.419091,23.770638],[86.418576,23.769396],[86.418436,23.768004],[86.419535,23.765499],[86.421782,23.762779],[86.422764,23.76158]]]}},{"type":"Feature","id":"OSM-way-117807506","properties":{"id":"OSM-way-117807506","tag":"quarry","facilityId":"OSM-way-117807506","name":"Amalgamated Keshalpur-West Mudidih (AKWMC) Coal Mine","cpcbCategory":"Red","source":"OpenStreetMap via Overpass bulk load (© OpenStreetMap contributors, ODbL)","refreshedAt":"2026-09-29T11:06:04.248Z","mappedSince":null,"osmTags":{"landuse":"quarry","name":"Amalgamated Keshalpur-West Mudidih (AKWMC) Coal Mine","operator":"Bharat Coking Coal Limited (BCCL)","resource":"coal","source":"https://www.gem.wiki/Cluster_No._5_(BCCL)"}},"geometry":{"type":"Polygon","coordinates":[[[86.315608,23.811857],[86.311857,23.811415],[86.310487,23.808834],[86.307302,23.808846],[86.305888,23.806616],[86.306987,23.803811],[86.309945,23.803176],[86.310484,23.803324],[86.311534,23.804136],[86.312248,23.803989],[86.310482,23.800018],[86.309935,23.798706],[86.311834,23.798323],[86.316312,23.798139],[86.318389,23.798254],[86.318933,23.800498],[86.321524,23.800225],[86.324179,23.798846],[86.325304,23.798778],[86.325965,23.797955],[86.327006,23.797538],[86.329693,23.799214],[86.331077,23.801266],[86.331027,23.802143],[86.329031,23.804737],[86.330246,23.806987],[86.329436,23.807913],[86.323968,23.809157],[86.320187,23.810605],[86.317777,23.810904],[86.315608,23.811857]]]}},{"type":"Feature","id":"OSM-way-117807507","properties":{"id":"OSM-way-117807507","tag":"quarry","facilityId":null,"name":null,"cpcbCategory":null,"source":"OpenStreetMap via Overpass bulk load (© OpenStreetMap contributors, ODbL)","refreshedAt":"2026-09-29T11:06:04.248Z","mappedSince":null,"osmTags":{"landuse":"quarry","resource":"coal"}},"geometry":{"type":"Polygon","coordinates":[[[86.404112,23.681877],[86.404692,23.680626],[86.406788,23.67982],[86.408417,23.67982],[86.407949,23.68138],[86.407781,23.682666],[86.409184,23.683077],[86.407668,23.687055],[86.407294,23.688357],[86.406695,23.689729],[86.404879,23.691306],[86.401186,23.693689],[86.40083,23.692978],[86.400705,23.691477],[86.400929,23.690174],[86.403213,23.689729],[86.405029,23.688117],[86.405852,23.686746],[86.404636,23.686643],[86.403157,23.687072],[86.402296,23.685992],[86.402913,23.68486],[86.403943,23.684158],[86.404561,23.682906],[86.404112,23.681877]]]}},{"type":"Feature","id":"OSM-way-117807509","properties":{"id":"OSM-way-117807509","tag":"quarry","facilityId":null,"name":null,"cpcbCategory":null,"source":"OpenStreetMap via Overpass bulk load (© OpenStreetMap contributors, ODbL)","refreshedAt":"2026-09-29T11:06:04.248Z","mappedSince":null,"osmTags":{"landuse":"quarry","resource":"coal"}},"geometry":{"type":"Polygon","coordinates":[[[86.400783,23.676031],[86.40209,23.678186],[86.399657,23.679279],[86.397902,23.679836],[86.395492,23.6814],[86.394368,23.681657],[86.392941,23.683736],[86.392824,23.684915],[86.392988,23.68605],[86.39266,23.688493],[86.393081,23.689371],[86.392848,23.691557],[86.391724,23.692993],[86.391256,23.693742],[86.389146,23.695955],[86.386034,23.69733],[86.385047,23.696859],[86.383395,23.69397],[86.383631,23.691141],[86.385112,23.689687],[86.386179,23.688214],[86.387325,23.687314],[86.388121,23.685343],[86.389525,23.682536],[86.389455,23.680522],[86.391214,23.678507],[86.392325,23.677922],[86.394145,23.677146],[86.396578,23.676437],[86.398394,23.676111],[86.39966,23.67573],[86.400783,23.676031]]]}},{"type":"Feature","id":"OSM-way-117807530","properties":{"id":"OSM-way-117807530","tag":"forest","facilityId":null,"name":null,"cpcbCategory":null,"source":"OpenStreetMap via Overpass bulk load (© OpenStreetMap contributors, ODbL)","refreshedAt":"2026-09-29T11:06:04.248Z","mappedSince":null,"osmTags":{"natural":"wood"}},"geometry":{"type":"Polygon","coordinates":[[[86.486396,23.823367],[86.484495,23.824612],[86.483691,23.823836],[86.483524,23.822146],[86.484338,23.820722],[86.48473,23.817807],[86.487769,23.814937],[86.489828,23.811798],[86.493063,23.807493],[86.494827,23.804354],[86.497964,23.799331],[86.502572,23.794039],[86.50963,23.786773],[86.512081,23.784261],[86.518061,23.778969],[86.521198,23.777892],[86.523453,23.775918],[86.523256,23.774034],[86.525609,23.771791],[86.527864,23.771343],[86.527864,23.773406],[86.526197,23.775649],[86.523256,23.777712],[86.517963,23.782288],[86.512375,23.789016],[86.511003,23.793411],[86.509042,23.796909],[86.506493,23.800676],[86.502376,23.807224],[86.496396,23.813143],[86.493259,23.818076],[86.4908,23.818893],[86.486396,23.823367]]]}},{"type":"Feature","id":"OSM-way-117810128","properties":{"id":"OSM-way-117810128","tag":"quarry","facilityId":null,"name":null,"cpcbCategory":null,"source":"OpenStreetMap via Overpass bulk load (© OpenStreetMap contributors, ODbL)","refreshedAt":"2026-09-29T11:06:04.248Z","mappedSince":null,"osmTags":{"landuse":"quarry"}},"geometry":{"type":"Polygon","coordinates":[[[86.36689,23.78905],[86.368314,23.788616],[86.368921,23.789081],[86.372032,23.788193],[86.372619,23.788572],[86.373084,23.788878],[86.372507,23.789853],[86.371714,23.789905],[86.371096,23.790088],[86.370316,23.791311],[86.370634,23.792116],[86.3685,23.79436],[86.367133,23.793143],[86.365935,23.791191],[86.36689,23.78905]]]}},{"type":"Feature","id":"OSM-way-117810130","properties":{"id":"OSM-way-117810130","tag":"quarry","facilityId":null,"name":null,"cpcbCategory":null,"source":"OpenStreetMap via Overpass bulk load (© OpenStreetMap contributors, ODbL)","refreshedAt":"2026-09-29T11:06:04.248Z","mappedSince":null,"osmTags":{"landuse":"quarry","resource":"coal"}},"geometry":{"type":"Polygon","coordinates":[[[86.369295,23.782377],[86.370207,23.78212],[86.371269,23.782384],[86.371682,23.78016],[86.370767,23.779061],[86.371175,23.778404],[86.372044,23.778237],[86.372709,23.777618],[86.373857,23.77697],[86.375209,23.776234],[86.376743,23.77642],[86.376808,23.777628],[86.375381,23.778973],[86.374415,23.779886],[86.374659,23.780247],[86.375295,23.781187],[86.375039,23.782419],[86.377151,23.782959],[86.377956,23.783283],[86.378106,23.784275],[86.378103,23.785453],[86.377541,23.785984],[86.373591,23.786566],[86.370652,23.78732],[86.369211,23.786943],[86.369529,23.785504],[86.369398,23.783654],[86.369135,23.782968],[86.369295,23.782377]]]}},{"type":"Feature","id":"OSM-way-117810134","properties":{"id":"OSM-way-117810134","tag":"quarry","facilityId":"OSM-way-117810134","name":"Cluster 6 (BCCL) Coal Mines","cpcbCategory":"Red","source":"OpenStreetMap via Overpass bulk load (© OpenStreetMap contributors, ODbL)","refreshedAt":"2026-09-29T11:06:04.248Z","mappedSince":null,"osmTags":{"landuse":"quarry","name":"Cluster 6 (BCCL) Coal Mines","operator":"Bharat Coking Coal Limited (BCCL)","resource":"coal","source":"https://www.gem.wiki/Cluster_No._6_(BCCL)"}},"geometry":{"type":"Polygon","coordinates":[[[86.362686,23.805045],[86.362474,23.803687],[86.363688,23.801906],[86.36471,23.801094],[86.368912,23.795486],[86.370859,23.79314],[86.371713,23.793],[86.373293,23.794348],[86.375337,23.79488],[86.376975,23.794149],[86.377444,23.795678],[86.378272,23.795507],[86.378292,23.792697],[86.380636,23.791515],[86.382116,23.790318],[86.384083,23.790547],[86.385958,23.790633],[86.386656,23.790318],[86.386781,23.789559],[86.386049,23.788801],[86.386415,23.788466],[86.387877,23.788778],[86.390868,23.789418],[86.390989,23.790206],[86.390153,23.79045],[86.389325,23.79113],[86.388882,23.792046],[86.389015,23.79275],[86.388459,23.793151],[86.387732,23.792748],[86.384513,23.796699],[86.383302,23.799397],[86.381775,23.800051],[86.379608,23.8006],[86.377763,23.797793],[86.376064,23.798413],[86.374309,23.799454],[86.372795,23.800895],[86.371733,23.801592],[86.370639,23.801209],[86.36919,23.801062],[86.368289,23.80115],[86.368622,23.802632],[86.368707,23.803408],[86.365682,23.804232],[86.363765,23.804763],[86.362686,23.805045]]]}},{"type":"Feature","id":"OSM-way-117820760","properties":{"id":"OSM-way-117820760","tag":"industrial","facilityId":null,"name":null,"cpcbCategory":null,"source":"OpenStreetMap via Overpass bulk load (© OpenStreetMap contributors, ODbL)","refreshedAt":"2026-09-29T11:06:04.248Z","mappedSince":null,"osmTags":{"landuse":"industrial"}},"geometry":{"type":"Polygon","coordinates":[[[86.315864,23.77842],[86.321639,23.774919],[86.319948,23.774001],[86.318057,23.77122],[86.314904,23.772755],[86.314374,23.774434],[86.313614,23.775522],[86.315864,23.77842]]]}},{"type":"Feature","id":"OSM-way-433223158","properties":{"id":"OSM-way-433223158","tag":"industrial","facilityId":"OSM-way-433223158","name":"SAIL Chasnalla ADM Building","cpcbCategory":null,"source":"OpenStreetMap via Overpass bulk load (© OpenStreetMap contributors, ODbL)","refreshedAt":"2026-09-29T11:06:04.248Z","mappedSince":null,"osmTags":{"landuse":"industrial","name":"SAIL Chasnalla ADM Building"}},"geometry":{"type":"Polygon","coordinates":[[[86.445065,23.664547],[86.445252,23.6648],[86.445405,23.664936],[86.445543,23.665088],[86.445808,23.665289],[86.445854,23.665335],[86.446254,23.664988],[86.445936,23.664595],[86.445621,23.664232],[86.445065,23.664547]]]}},{"type":"Feature","id":"OSM-way-433225639","properties":{"id":"OSM-way-433225639","tag":"industrial","facilityId":"OSM-way-433225639","name":"SAIL Parbatpur colliery Area","cpcbCategory":"Red","source":"OpenStreetMap via Overpass bulk load (© OpenStreetMap contributors, ODbL)","refreshedAt":"2026-09-29T11:06:04.248Z","mappedSince":null,"osmTags":{"landuse":"industrial","name":"SAIL Parbatpur colliery Area"}},"geometry":{"type":"Polygon","coordinates":[[[86.341993,23.67944],[86.344197,23.678525],[86.345355,23.677978],[86.347662,23.677174],[86.348736,23.676852],[86.349394,23.678759],[86.3485,23.679295],[86.348378,23.680032],[86.348475,23.680256],[86.34867,23.680285],[86.348955,23.68065],[86.349118,23.680635],[86.349223,23.680799],[86.349866,23.682668],[86.350383,23.68325],[86.350581,23.683472],[86.350045,23.683897],[86.349329,23.683003],[86.347524,23.684344],[86.346638,23.683323],[86.346394,23.683346],[86.346166,23.682988],[86.346264,23.682899],[86.346182,23.68281],[86.346003,23.682646],[86.345418,23.682199],[86.345117,23.682274],[86.344605,23.681871],[86.344263,23.68173],[86.343361,23.680695],[86.342922,23.680829],[86.342702,23.680628],[86.342337,23.680829],[86.341743,23.680278],[86.340889,23.680181],[86.340865,23.679838],[86.341993,23.67944]]]}},{"type":"Feature","id":"OSM-way-433247994","properties":{"id":"OSM-way-433247994","tag":"industrial","facilityId":"OSM-way-433247994","name":"SAIL Parbatpur Colliery","cpcbCategory":"Red","source":"OpenStreetMap via Overpass bulk load (© OpenStreetMap contributors, ODbL)","refreshedAt":"2026-09-29T11:06:04.248Z","mappedSince":null,"osmTags":{"landuse":"industrial","name":"SAIL Parbatpur Colliery"}},"geometry":{"type":"Polygon","coordinates":[[[86.350383,23.68325],[86.350671,23.683069],[86.35077,23.682894],[86.350842,23.682668],[86.350801,23.682407],[86.350762,23.68229],[86.351151,23.682011],[86.351126,23.681836],[86.351508,23.68169],[86.351597,23.681972],[86.351714,23.681998],[86.352096,23.681869],[86.352245,23.681758],[86.352149,23.681512],[86.351767,23.681593],[86.351859,23.681308],[86.352216,23.68029],[86.35308,23.680206],[86.353073,23.680267],[86.35309,23.680358],[86.353069,23.680442],[86.353126,23.680494],[86.35303,23.680569],[86.353253,23.680916],[86.353232,23.681424],[86.353544,23.681337],[86.353618,23.681476],[86.353713,23.681454],[86.353738,23.681561],[86.353664,23.681911],[86.353731,23.682108],[86.353501,23.682215],[86.353501,23.682313],[86.353459,23.682368],[86.353635,23.682702],[86.353635,23.682909],[86.353211,23.683094],[86.353296,23.683188],[86.35314,23.683372],[86.35279,23.68357],[86.352273,23.68406],[86.352358,23.684176],[86.352241,23.684261],[86.352011,23.684448],[86.350855,23.684098],[86.350383,23.68325]]]}},{"type":"Feature","id":"OSM-way-528375433","properties":{"id":"OSM-way-528375433","tag":"industrial","facilityId":null,"name":null,"cpcbCategory":null,"source":"OpenStreetMap via Overpass bulk load (© OpenStreetMap contributors, ODbL)","refreshedAt":"2026-09-29T11:06:04.248Z","mappedSince":null,"osmTags":{"landuse":"industrial"}},"geometry":{"type":"Polygon","coordinates":[[[86.375207,23.709792],[86.375837,23.710031],[86.376466,23.708817],[86.375917,23.70851],[86.375227,23.708296],[86.37504,23.708296],[86.374886,23.708449],[86.374933,23.70889],[86.375227,23.709271],[86.375207,23.709792]]]}},{"type":"Feature","id":"OSM-way-528391288","properties":{"id":"OSM-way-528391288","tag":"quarry","facilityId":null,"name":null,"cpcbCategory":null,"source":"OpenStreetMap via Overpass bulk load (© OpenStreetMap contributors, ODbL)","refreshedAt":"2026-09-29T11:06:04.248Z","mappedSince":null,"osmTags":{"landuse":"quarry"}},"geometry":{"type":"Polygon","coordinates":[[[86.378192,23.768345],[86.378414,23.768591],[86.379023,23.768208],[86.379402,23.767694],[86.379956,23.767441],[86.380082,23.766934],[86.38134,23.766753],[86.38187,23.766362],[86.38251,23.76621],[86.382684,23.764661],[86.382518,23.764242],[86.382162,23.764205],[86.381585,23.763387],[86.381395,23.76312],[86.380921,23.763243],[86.380011,23.76409],[86.380051,23.765139],[86.380043,23.76566],[86.379568,23.765798],[86.379078,23.765964],[86.378817,23.76718],[86.378192,23.768345]]]}},{"type":"Feature","id":"OSM-way-528391297","properties":{"id":"OSM-way-528391297","tag":"industrial","facilityId":null,"name":null,"cpcbCategory":null,"source":"OpenStreetMap via Overpass bulk load (© OpenStreetMap contributors, ODbL)","refreshedAt":"2026-09-29T11:06:04.248Z","mappedSince":null,"osmTags":{"landuse":"industrial"}},"geometry":{"type":"Polygon","coordinates":[[[86.386823,23.751862],[86.38629,23.752253],[86.386141,23.752117],[86.385896,23.752271],[86.385546,23.751866],[86.385743,23.75155],[86.385647,23.751431],[86.385085,23.751409],[86.385037,23.751313],[86.387774,23.749489],[86.388047,23.749902],[86.388086,23.750135],[86.387937,23.750276],[86.388139,23.750535],[86.387899,23.751005],[86.387001,23.751515],[86.387097,23.751682],[86.386823,23.751862]]]}},{"type":"Feature","id":"OSM-way-528391299","properties":{"id":"OSM-way-528391299","tag":"industrial","facilityId":null,"name":null,"cpcbCategory":null,"source":"OpenStreetMap via Overpass bulk load (© OpenStreetMap contributors, ODbL)","refreshedAt":"2026-09-29T11:06:04.248Z","mappedSince":null,"osmTags":{"landuse":"industrial"}},"geometry":{"type":"Polygon","coordinates":[[[86.380232,23.759392],[86.379627,23.759424],[86.379228,23.759745],[86.380366,23.761481],[86.381038,23.762738],[86.381355,23.762628],[86.381508,23.761687],[86.382,23.76074],[86.381522,23.760031],[86.381677,23.759865],[86.381476,23.759497],[86.381207,23.759682],[86.380996,23.7593],[86.380232,23.759392]]]}},{"type":"Feature","id":"OSM-way-528437053","properties":{"id":"OSM-way-528437053","tag":"quarry","facilityId":"OSM-way-528437053","name":"Moonidih coal project","cpcbCategory":"Red","source":"OpenStreetMap via Overpass bulk load (© OpenStreetMap contributors, ODbL)","refreshedAt":"2026-09-29T11:06:04.248Z","mappedSince":null,"osmTags":{"description":"underground mine","industrial":"mine","landuse":"industrial","name":"Moonidih coal project","operator":"Bharat Coking Coal Limited","resource":"coal"}},"geometry":{"type":"Polygon","coordinates":[[[86.347659,23.745196],[86.351456,23.742784],[86.352974,23.74305],[86.35549,23.741429],[86.356925,23.739832],[86.356843,23.73836],[86.356384,23.737717],[86.356324,23.737122],[86.356062,23.736714],[86.355504,23.737082],[86.354595,23.737821],[86.354055,23.738261],[86.351229,23.738884],[86.350521,23.739408],[86.349929,23.739886],[86.350673,23.741022],[86.348764,23.742391],[86.348328,23.742214],[86.347137,23.744057],[86.34701,23.744329],[86.347659,23.745196]]]}},{"type":"Feature","id":"OSM-way-528448917","properties":{"id":"OSM-way-528448917","tag":"industrial","facilityId":null,"name":null,"cpcbCategory":null,"source":"OpenStreetMap via Overpass bulk load (© OpenStreetMap contributors, ODbL)","refreshedAt":"2026-09-29T11:06:04.248Z","mappedSince":null,"osmTags":{"landuse":"industrial"}},"geometry":{"type":"Polygon","coordinates":[[[86.342811,23.724327],[86.342257,23.723194],[86.342297,23.723035],[86.341233,23.722814],[86.341012,23.722267],[86.339153,23.723179],[86.338837,23.723603],[86.339003,23.724464],[86.339738,23.726151],[86.34028,23.726151],[86.340664,23.726738],[86.342969,23.724703],[86.342811,23.724327]]]}},{"type":"Feature","id":"OSM-way-528449028","properties":{"id":"OSM-way-528449028","tag":"industrial","facilityId":null,"name":null,"cpcbCategory":null,"source":"OpenStreetMap via Overpass bulk load (© OpenStreetMap contributors, ODbL)","refreshedAt":"2026-09-29T11:06:04.248Z","mappedSince":null,"osmTags":{"landuse":"industrial"}},"geometry":{"type":"Polygon","coordinates":[[[86.445411,23.658554],[86.445145,23.658328],[86.445221,23.657904],[86.444834,23.656993],[86.44536,23.656732],[86.445423,23.653819],[86.446209,23.653302],[86.447837,23.652739],[86.447736,23.652507],[86.45027,23.651201],[86.450821,23.65108],[86.451195,23.651648],[86.452221,23.651207],[86.45254,23.651748],[86.452652,23.651938],[86.451847,23.652722],[86.45167,23.6539],[86.451493,23.65448],[86.450501,23.654776],[86.449828,23.654657],[86.448192,23.655409],[86.448002,23.655124],[86.44752,23.655061],[86.4469,23.656976],[86.446944,23.657527],[86.446802,23.657585],[86.44588,23.657962],[86.445607,23.657979],[86.445411,23.658554]]]}},{"type":"Feature","id":"OSM-way-825700043","properties":{"id":"OSM-way-825700043","tag":"industrial","facilityId":null,"name":null,"cpcbCategory":null,"source":"OpenStreetMap via Overpass bulk load (© OpenStreetMap contributors, ODbL)","refreshedAt":"2026-09-29T11:06:04.248Z","mappedSince":null,"osmTags":{"landuse":"industrial"}},"geometry":{"type":"Polygon","coordinates":[[[86.497147,23.665178],[86.499849,23.666854],[86.502747,23.662763],[86.503445,23.660787],[86.503793,23.659071],[86.50287,23.657736],[86.502635,23.658027],[86.500919,23.660435],[86.497968,23.664395],[86.496649,23.664533],[86.496531,23.664779],[86.497147,23.665178]]]}},{"type":"Feature","id":"OSM-way-825940048","properties":{"id":"OSM-way-825940048","tag":"quarry","facilityId":null,"name":null,"cpcbCategory":null,"source":"OpenStreetMap via Overpass bulk load (© OpenStreetMap contributors, ODbL)","refreshedAt":"2026-09-29T11:06:04.248Z","mappedSince":null,"osmTags":{"landuse":"quarry","resource":"coal"}},"geometry":{"type":"Polygon","coordinates":[[[86.35682,23.790175],[86.35608,23.789988],[86.355736,23.789311],[86.355693,23.787564],[86.357839,23.7867],[86.363461,23.784795],[86.366594,23.783892],[86.368611,23.78401],[86.368997,23.785227],[86.368632,23.786091],[86.36698,23.78829],[86.366315,23.788663],[86.361895,23.789979],[86.359191,23.790293],[86.35682,23.790175]]]}},{"type":"Feature","id":"OSM-way-825940049","properties":{"id":"OSM-way-825940049","tag":"quarry","facilityId":null,"name":null,"cpcbCategory":null,"source":"OpenStreetMap via Overpass bulk load (© OpenStreetMap contributors, ODbL)","refreshedAt":"2026-09-29T11:06:04.248Z","mappedSince":null,"osmTags":{"landuse":"quarry","resource":"coal"}},"geometry":{"type":"Polygon","coordinates":[[[86.351541,23.776067],[86.352292,23.775389],[86.352764,23.775154],[86.353837,23.775272],[86.354191,23.776126],[86.354856,23.776813],[86.355361,23.778404],[86.35594,23.778728],[86.356777,23.778885],[86.356841,23.779268],[86.356788,23.780122],[86.356638,23.780279],[86.355135,23.780024],[86.354009,23.779621],[86.35358,23.779376],[86.352925,23.77808],[86.352003,23.777196],[86.351498,23.776479],[86.351541,23.776067]]]}},{"type":"Feature","id":"OSM-way-825940050","properties":{"id":"OSM-way-825940050","tag":"quarry","facilityId":null,"name":null,"cpcbCategory":null,"source":"OpenStreetMap via Overpass bulk load (© OpenStreetMap contributors, ODbL)","refreshedAt":"2026-09-29T11:06:04.248Z","mappedSince":null,"osmTags":{"landuse":"quarry","resource":"coal"}},"geometry":{"type":"Polygon","coordinates":[[[86.36993,23.776941],[86.370617,23.777815],[86.370564,23.778207],[86.369802,23.779189],[86.369212,23.779415],[86.368171,23.779749],[86.366894,23.780141],[86.365596,23.779945],[86.365339,23.779621],[86.365424,23.778354],[86.365757,23.778099],[86.365725,23.777707],[86.365167,23.777432],[86.363407,23.777294],[86.361819,23.7775],[86.360607,23.778345],[86.359341,23.779199],[86.357839,23.779356],[86.357388,23.778767],[86.357561,23.777151],[86.357595,23.776706],[86.357646,23.776352],[86.358762,23.775704],[86.360543,23.77533],[86.361637,23.774741],[86.362152,23.773504],[86.362603,23.773151],[86.364577,23.772071],[86.365221,23.77209],[86.36668,23.773013],[86.367495,23.772915],[86.369319,23.771089],[86.369276,23.770353],[86.369576,23.770097],[86.370134,23.770245],[86.371014,23.771452],[86.371432,23.772621],[86.37139,23.772817],[86.36993,23.773426],[86.368504,23.774898],[86.367538,23.775772],[86.367002,23.776185],[86.367066,23.776607],[86.367398,23.776715],[86.369684,23.776872],[86.36993,23.776941]]]}},{"type":"Feature","id":"OSM-way-825940052","properties":{"id":"OSM-way-825940052","tag":"quarry","facilityId":null,"name":null,"cpcbCategory":null,"source":"OpenStreetMap via Overpass bulk load (© OpenStreetMap contributors, ODbL)","refreshedAt":"2026-09-29T11:06:04.248Z","mappedSince":null,"osmTags":{"landuse":"quarry","resource":"coal"}},"geometry":{"type":"Polygon","coordinates":[[[86.310074,23.781614],[86.309559,23.784127],[86.309817,23.785659],[86.311362,23.787524],[86.312241,23.788015],[86.313422,23.789939],[86.312885,23.790528],[86.310975,23.790862],[86.308701,23.791962],[86.308207,23.792806],[86.308744,23.793591],[86.310096,23.794357],[86.312842,23.795299],[86.314881,23.795162],[86.317692,23.794298],[86.318614,23.793748],[86.31855,23.793336],[86.317885,23.792904],[86.31604,23.792158],[86.315653,23.790921],[86.316512,23.79047],[86.31885,23.789527],[86.31988,23.790371],[86.321061,23.791844],[86.32194,23.791864],[86.322563,23.791058],[86.323399,23.78988],[86.324472,23.788938],[86.324472,23.788192],[86.323893,23.787348],[86.323893,23.786111],[86.323399,23.785522],[86.322262,23.784913],[86.322026,23.783264],[86.321189,23.782792],[86.320653,23.782125],[86.320052,23.779729],[86.319022,23.779081],[86.317799,23.779179],[86.31546,23.779788],[86.314495,23.780102],[86.311748,23.780829],[86.310332,23.781005],[86.310074,23.781614]]]}},{"type":"Feature","id":"OSM-way-825940066","properties":{"id":"OSM-way-825940066","tag":"industrial","facilityId":null,"name":null,"cpcbCategory":null,"source":"OpenStreetMap via Overpass bulk load (© OpenStreetMap contributors, ODbL)","refreshedAt":"2026-09-29T11:06:04.248Z","mappedSince":null,"osmTags":{"landuse":"industrial","man_made":"wastewater_plant"}},"geometry":{"type":"Polygon","coordinates":[[[86.378991,23.706545],[86.380675,23.706363],[86.380853,23.706707],[86.381271,23.706707],[86.381426,23.706958],[86.38185,23.706982],[86.381957,23.707252],[86.382607,23.707232],[86.382237,23.707449],[86.379501,23.707871],[86.379425,23.708063],[86.379173,23.708436],[86.379527,23.709561],[86.378476,23.7096],[86.378127,23.709698],[86.377956,23.708102],[86.377532,23.708146],[86.37736,23.707262],[86.377891,23.706844],[86.378712,23.706707],[86.378991,23.706545]]]}},{"type":"Feature","id":"OSM-way-825940073","properties":{"id":"OSM-way-825940073","tag":"industrial","facilityId":null,"name":null,"cpcbCategory":null,"source":"OpenStreetMap via Overpass bulk load (© OpenStreetMap contributors, ODbL)","refreshedAt":"2026-09-29T11:06:04.248Z","mappedSince":null,"osmTags":{"landuse":"industrial"}},"geometry":{"type":"Polygon","coordinates":[[[86.395111,23.699639],[86.395218,23.699403],[86.397911,23.700435],[86.39922,23.70068],[86.400508,23.700788],[86.401591,23.700759],[86.40201,23.70068],[86.401849,23.702065],[86.401613,23.702272],[86.401007,23.702527],[86.40076,23.702704],[86.401146,23.703465],[86.400653,23.703495],[86.400583,23.70374],[86.399263,23.70349],[86.398281,23.703092],[86.39708,23.701839],[86.396436,23.702242],[86.395819,23.702021],[86.395572,23.701859],[86.39524,23.701682],[86.394923,23.701702],[86.394795,23.702065],[86.393105,23.702006],[86.393137,23.700793],[86.394661,23.700582],[86.395111,23.699639]]]}},{"type":"Feature","id":"OSM-way-982810601","properties":{"id":"OSM-way-982810601","tag":"quarry","facilityId":null,"name":null,"cpcbCategory":null,"source":"OpenStreetMap via Overpass bulk load (© OpenStreetMap contributors, ODbL)","refreshedAt":"2026-09-29T11:06:04.248Z","mappedSince":null,"osmTags":{"landuse":"quarry","resource":"coal"}},"geometry":{"type":"Polygon","coordinates":[[[86.341737,23.779563],[86.342426,23.781368],[86.340858,23.782404],[86.341967,23.786272],[86.339249,23.786728],[86.336511,23.786868],[86.33542,23.784153],[86.33743,23.781981],[86.338827,23.781122],[86.341737,23.779563]]]}},{"type":"Feature","id":"OSM-way-988918471","properties":{"id":"OSM-way-988918471","tag":"quarry","facilityId":null,"name":null,"cpcbCategory":null,"source":"OpenStreetMap via Overpass bulk load (© OpenStreetMap contributors, ODbL)","refreshedAt":"2026-09-29T11:06:04.248Z","mappedSince":null,"osmTags":{"landuse":"quarry","resource":"coal"}},"geometry":{"type":"Polygon","coordinates":[[[86.430604,23.70162],[86.432469,23.702576],[86.432533,23.704109],[86.431181,23.706034],[86.430044,23.707508],[86.429046,23.708618],[86.428199,23.710484],[86.425645,23.709806],[86.426879,23.708293],[86.428832,23.706545],[86.429647,23.705562],[86.429486,23.704168],[86.430162,23.702557],[86.430604,23.70162]]]}},{"type":"Feature","id":"OSM-way-1010056601","properties":{"id":"OSM-way-1010056601","tag":"quarry","facilityId":null,"name":null,"cpcbCategory":null,"source":"OpenStreetMap via Overpass bulk load (© OpenStreetMap contributors, ODbL)","refreshedAt":"2026-09-29T11:06:04.248Z","mappedSince":null,"osmTags":{"industrial":"mine","landuse":"industrial","source":"Esri World Imagery"}},"geometry":{"type":"Polygon","coordinates":[[[86.40628,23.780544],[86.40607,23.78094],[86.405727,23.781295],[86.40532,23.781325],[86.405323,23.781421],[86.404429,23.782014],[86.403029,23.781863],[86.402357,23.781783],[86.402122,23.781319],[86.402428,23.780505],[86.402079,23.779435],[86.401658,23.778489],[86.40121,23.777617],[86.400958,23.777266],[86.400768,23.77682],[86.40083,23.77647],[86.40068,23.775449],[86.400531,23.774441],[86.400218,23.773387],[86.399448,23.773323],[86.399236,23.77264],[86.398619,23.772434],[86.398185,23.772184],[86.398357,23.771909],[86.399145,23.771904],[86.399751,23.770942],[86.400438,23.77046],[86.401216,23.771349],[86.401505,23.773769],[86.401967,23.774683],[86.401918,23.775797],[86.401618,23.776219],[86.401795,23.777157],[86.402637,23.778163],[86.403582,23.77835],[86.403995,23.778948],[86.404767,23.779773],[86.405652,23.779999],[86.40628,23.780544]]]}},{"type":"Feature","id":"OSM-way-1011520244","properties":{"id":"OSM-way-1011520244","tag":"quarry","facilityId":null,"name":null,"cpcbCategory":null,"source":"OpenStreetMap via Overpass bulk load (© OpenStreetMap contributors, ODbL)","refreshedAt":"2026-09-29T11:06:04.248Z","mappedSince":null,"osmTags":{"landuse":"quarry","resource":"coal","source":"Esri World Imagery"}},"geometry":{"type":"Polygon","coordinates":[[[86.361525,23.689065],[86.360693,23.689498],[86.3608,23.689814],[86.360497,23.689873],[86.359918,23.689569],[86.359516,23.689601],[86.358917,23.68964],[86.358325,23.689579],[86.357976,23.689517],[86.357783,23.689382],[86.357761,23.688933],[86.357683,23.688709],[86.357348,23.688601],[86.356911,23.688871],[86.356289,23.689171],[86.355905,23.689709],[86.355664,23.690001],[86.355396,23.689964],[86.355251,23.689841],[86.354953,23.690001],[86.354835,23.690124],[86.355004,23.690522],[86.354988,23.690907],[86.35461,23.691038],[86.354425,23.690662],[86.354151,23.690411],[86.353746,23.690559],[86.353424,23.690861],[86.35274,23.691416],[86.352391,23.691794],[86.351946,23.692072],[86.35185,23.692312],[86.351488,23.692307],[86.351512,23.69247],[86.351493,23.692595],[86.351219,23.692641],[86.351042,23.692654],[86.35067,23.692398],[86.350479,23.692482],[86.350063,23.692415],[86.349586,23.692018],[86.349385,23.691811],[86.349205,23.691954],[86.349023,23.692303],[86.348645,23.692501],[86.348341,23.692388],[86.348071,23.692108],[86.347019,23.690922],[86.346292,23.690893],[86.346276,23.690566],[86.346472,23.690227],[86.347303,23.68935],[86.347716,23.68892],[86.348862,23.688272],[86.34931,23.687955],[86.349725,23.687665],[86.349219,23.687287],[86.349312,23.687019],[86.349629,23.68696],[86.349556,23.686825],[86.349208,23.686553],[86.349208,23.686123],[86.349487,23.685872],[86.34987,23.68584],[86.349983,23.685617],[86.349953,23.685157],[86.350361,23.684487],[86.350495,23.685147],[86.35094,23.68587],[86.351214,23.686017],[86.351729,23.68671],[86.35241,23.687221],[86.352818,23.686931],[86.353076,23.687245],[86.352958,23.687682],[86.35314,23.687977],[86.353923,23.6881],[86.353784,23.687442],[86.354653,23.687594],[86.355946,23.68779],[86.356337,23.687447],[86.356289,23.68697],[86.356128,23.686017],[86.35749,23.685776],[86.358247,23.685629],[86.359507,23.685359],[86.36035,23.684666],[86.360875,23.684371],[86.361203,23.684322],[86.361734,23.68472],[86.362791,23.685865],[86.363568,23.6867],[86.363885,23.686823],[86.364545,23.686941],[86.36484,23.686808],[86.36506,23.686494],[86.365365,23.686194],[86.366036,23.686179],[86.366245,23.686538],[86.366782,23.686675],[86.367023,23.686808],[86.367087,23.687255],[86.367356,23.687869],[86.368123,23.687766],[86.368466,23.687884],[86.368659,23.688105],[86.368648,23.688567],[86.368407,23.688793],[86.367876,23.689107],[86.367817,23.689166],[86.367726,23.689736],[86.367098,23.689922],[86.366578,23.69005],[86.366642,23.690365],[86.366599,23.690694],[86.366251,23.690758],[86.365735,23.690532],[86.365199,23.690443],[86.36506,23.69003],[86.365038,23.689534],[86.364566,23.689014],[86.36448,23.688591],[86.364625,23.688075],[86.364791,23.687854],[86.364952,23.687388],[86.364834,23.687029],[86.364298,23.687211],[86.363654,23.687098],[86.363499,23.687491],[86.362946,23.687594],[86.362882,23.687933],[86.362721,23.688237],[86.362233,23.68838],[86.36198,23.688689],[86.361937,23.688881],[86.361793,23.688974],[86.361525,23.689065]]]}},{"type":"Feature","id":"OSM-way-362421139","properties":{"id":"OSM-way-362421139","tag":"industrial","facilityId":null,"name":null,"cpcbCategory":null,"source":"OpenStreetMap via Overpass bulk load (© OpenStreetMap contributors, ODbL)","refreshedAt":"2026-09-29T11:06:04.248Z","mappedSince":null,"osmTags":{"power":"plant"}},"geometry":{"type":"Polygon","coordinates":[[[82.269503,16.949301],[82.27053,16.948476],[82.270813,16.948623],[82.272242,16.947571],[82.273009,16.948432],[82.273532,16.94903],[82.273577,16.94916],[82.273511,16.949312],[82.272691,16.950192],[82.271916,16.951119],[82.270463,16.949977],[82.270206,16.949904],[82.269875,16.949643],[82.269702,16.949821],[82.269465,16.949747],[82.269503,16.949301]]]}},{"type":"Feature","id":"OSM-way-362425801","properties":{"id":"OSM-way-362425801","tag":"industrial","facilityId":null,"name":null,"cpcbCategory":null,"source":"OpenStreetMap via Overpass bulk load (© OpenStreetMap contributors, ODbL)","refreshedAt":"2026-09-29T11:06:04.248Z","mappedSince":null,"osmTags":{"landuse":"industrial"}},"geometry":{"type":"Polygon","coordinates":[[[82.269323,16.94979],[82.269533,16.949836],[82.271979,16.951183],[82.272178,16.950839],[82.272363,16.95059],[82.27271,16.950186],[82.273087,16.94979],[82.273413,16.949456],[82.273644,16.949146],[82.273649,16.949105],[82.273624,16.949036],[82.272939,16.94826],[82.272205,16.94708],[82.27207,16.947185],[82.272242,16.947478],[82.271791,16.947783],[82.27126,16.946788],[82.271865,16.946457],[82.271762,16.94624],[82.271287,16.946508],[82.271243,16.946512],[82.271199,16.94649],[82.27096,16.946],[82.270952,16.945921],[82.270997,16.945878],[82.271456,16.945708],[82.271488,16.945637],[82.27148,16.945559],[82.270291,16.942342],[82.270085,16.942021],[82.269784,16.941694],[82.269426,16.94142],[82.268929,16.941197],[82.267867,16.940835],[82.265625,16.94009],[82.262065,16.93893],[82.26048,16.938418],[82.258663,16.938177],[82.257318,16.938324],[82.257057,16.938371],[82.257061,16.938441],[82.256685,16.938516],[82.256192,16.938647],[82.2555,16.93892],[82.256253,16.939896],[82.256489,16.940137],[82.257997,16.942],[82.258388,16.942467],[82.258742,16.942667],[82.262884,16.944715],[82.263071,16.944807],[82.263039,16.944864],[82.268511,16.947588],[82.268897,16.947896],[82.269101,16.948209],[82.269284,16.948774],[82.269342,16.949374],[82.269323,16.94979]]]}},{"type":"Feature","id":"OSM-way-395577112","properties":{"id":"OSM-way-395577112","tag":"industrial","facilityId":null,"name":null,"cpcbCategory":null,"source":"OpenStreetMap via Overpass bulk load (© OpenStreetMap contributors, ODbL)","refreshedAt":"2026-09-29T11:06:04.248Z","mappedSince":null,"osmTags":{"landuse":"industrial"}},"geometry":{"type":"Polygon","coordinates":[[[82.272719,17.025373],[82.273705,17.025354],[82.273679,17.024957],[82.274581,17.024762],[82.274487,17.023803],[82.274088,17.023758],[82.274083,17.022052],[82.279078,17.022147],[82.279079,17.022003],[82.279084,17.01995],[82.279257,17.019804],[82.279178,17.018003],[82.280968,17.017822],[82.280949,17.017343],[82.280916,17.016499],[82.280895,17.015976],[82.280889,17.015815],[82.280884,17.015684],[82.282872,17.015499],[82.283775,17.014827],[82.283555,17.013748],[82.281875,17.014019],[82.281854,17.013763],[82.282904,17.012742],[82.281026,17.011026],[82.279928,17.011062],[82.279884,17.008961],[82.278518,17.00718],[82.280247,17.005909],[82.28142,17.005022],[82.281041,17.004412],[82.279193,17.004497],[82.278466,17.002517],[82.277056,17.000743],[82.274622,17.000601],[82.27463,17.000194],[82.2747,16.996602],[82.27336,16.996541],[82.27313,16.996202],[82.273135,16.995715],[82.272147,16.995676],[82.272121,16.996521],[82.270113,16.996496],[82.270114,17.000187],[82.266874,17.000023],[82.266738,17.002723],[82.267934,17.005784],[82.270694,17.005403],[82.270978,17.008243],[82.268879,17.008494],[82.270567,17.012131],[82.279012,17.012813],[82.279012,17.01558],[82.27165,17.015552],[82.271992,17.020264],[82.272407,17.021953],[82.272734,17.023259],[82.272719,17.025373]]]}},{"type":"Feature","id":"OSM-way-396376949","properties":{"id":"OSM-way-396376949","tag":"industrial","facilityId":null,"name":null,"cpcbCategory":null,"source":"OpenStreetMap via Overpass bulk load (© OpenStreetMap contributors, ODbL)","refreshedAt":"2026-09-29T11:06:04.248Z","mappedSince":null,"osmTags":{"landuse":"industrial"}},"geometry":{"type":"Polygon","coordinates":[[[82.2845,17.021255],[82.285526,17.021033],[82.285293,17.020147],[82.284318,17.020342],[82.2845,17.021255]]]}},{"type":"Feature","id":"OSM-way-509157314","properties":{"id":"OSM-way-509157314","tag":"industrial","facilityId":"OSM-way-509157314","name":"rice mill","cpcbCategory":null,"source":"OpenStreetMap via Overpass bulk load (© OpenStreetMap contributors, ODbL)","refreshedAt":"2026-09-29T11:06:04.248Z","mappedSince":null,"osmTags":{"addr:city":"UNDURU","addr:postcode":"533005","landuse":"industrial","name":"rice mill"}},"geometry":{"type":"Polygon","coordinates":[[[82.204411,17.043289],[82.204778,17.043299],[82.20479,17.042926],[82.204422,17.042916],[82.204411,17.043289]]]}},{"type":"Feature","id":"OSM-way-509210069","properties":{"id":"OSM-way-509210069","tag":"industrial","facilityId":null,"name":null,"cpcbCategory":null,"source":"OpenStreetMap via Overpass bulk load (© OpenStreetMap contributors, ODbL)","refreshedAt":"2026-09-29T11:06:04.248Z","mappedSince":null,"osmTags":{"addr:city":"UNDURU","addr:postcode":"533005","landuse":"industrial"}},"geometry":{"type":"Polygon","coordinates":[[[82.203229,17.041034],[82.203543,17.041006],[82.203505,17.040629],[82.20322,17.040655],[82.203199,17.040683],[82.203218,17.040934],[82.203229,17.041034]]]}},{"type":"Feature","id":"OSM-way-671000513","properties":{"id":"OSM-way-671000513","tag":"industrial","facilityId":null,"name":null,"cpcbCategory":null,"source":"OpenStreetMap via Overpass bulk load (© OpenStreetMap contributors, ODbL)","refreshedAt":"2026-09-29T11:06:04.248Z","mappedSince":null,"osmTags":{"man_made":"works"}},"geometry":{"type":"Polygon","coordinates":[[[82.278256,17.012626],[82.279527,17.0127],[82.280404,17.011106],[82.278226,17.011113],[82.278256,17.012626]]]}},{"type":"Feature","id":"OSM-way-671000516","properties":{"id":"OSM-way-671000516","tag":"industrial","facilityId":null,"name":null,"cpcbCategory":null,"source":"OpenStreetMap via Overpass bulk load (© OpenStreetMap contributors, ODbL)","refreshedAt":"2026-09-29T11:06:04.248Z","mappedSince":null,"osmTags":{"man_made":"works"}},"geometry":{"type":"Polygon","coordinates":[[[82.275619,17.018987],[82.2791,17.019079],[82.279084,17.01995],[82.279079,17.022003],[82.275517,17.021913],[82.275619,17.018987]]]}},{"type":"Feature","id":"OSM-way-671000518","properties":{"id":"OSM-way-671000518","tag":"industrial","facilityId":null,"name":null,"cpcbCategory":null,"source":"OpenStreetMap via Overpass bulk load (© OpenStreetMap contributors, ODbL)","refreshedAt":"2026-09-29T11:06:04.248Z","mappedSince":null,"osmTags":{"man_made":"works"}},"geometry":{"type":"Polygon","coordinates":[[[82.270114,17.000187],[82.27463,17.000194],[82.2747,16.996602],[82.27336,16.996541],[82.27313,16.996202],[82.273135,16.995715],[82.272147,16.995676],[82.272121,16.996521],[82.270113,16.996496],[82.270114,17.000187]]]}},{"type":"Feature","id":"OSM-way-671000520","properties":{"id":"OSM-way-671000520","tag":"industrial","facilityId":null,"name":null,"cpcbCategory":null,"source":"OpenStreetMap via Overpass bulk load (© OpenStreetMap contributors, ODbL)","refreshedAt":"2026-09-29T11:06:04.248Z","mappedSince":null,"osmTags":{"man_made":"works"}},"geometry":{"type":"Polygon","coordinates":[[[82.267095,16.992175],[82.275831,16.992601],[82.273092,16.981648],[82.271242,16.981566],[82.267641,16.981388],[82.267095,16.992175]]]}},{"type":"Feature","id":"OSM-way-671000524","properties":{"id":"OSM-way-671000524","tag":"industrial","facilityId":null,"name":null,"cpcbCategory":null,"source":"OpenStreetMap via Overpass bulk load (© OpenStreetMap contributors, ODbL)","refreshedAt":"2026-09-29T11:06:04.248Z","mappedSince":null,"osmTags":{"man_made":"works"}},"geometry":{"type":"Polygon","coordinates":[[[82.263039,16.967302],[82.269198,16.967569],[82.269884,16.969355],[82.270668,16.972392],[82.271569,16.976286],[82.271242,16.981566],[82.267641,16.981388],[82.261999,16.981109],[82.262213,16.977266],[82.261661,16.977235],[82.262203,16.967261],[82.263039,16.967302]]]}},{"type":"Feature","id":"OSM-way-814891223","properties":{"id":"OSM-way-814891223","tag":"industrial","facilityId":"OSM-way-814891223","name":"Ice Factory","cpcbCategory":null,"source":"OpenStreetMap via Overpass bulk load (© OpenStreetMap contributors, ODbL)","refreshedAt":"2026-09-29T11:06:04.248Z","mappedSince":null,"osmTags":{"building":"yes","man_made":"works","name":"Ice Factory"}},"geometry":{"type":"Polygon","coordinates":[[[82.229494,16.936198],[82.229498,16.936089],[82.229611,16.936093],[82.229606,16.936203],[82.229494,16.936198]]]}},{"type":"Feature","id":"OSM-way-1072044726","properties":{"id":"OSM-way-1072044726","tag":"industrial","facilityId":null,"name":null,"cpcbCategory":null,"source":"OpenStreetMap via Overpass bulk load (© OpenStreetMap contributors, ODbL)","refreshedAt":"2026-09-29T11:06:04.248Z","mappedSince":null,"osmTags":{"landuse":"industrial"}},"geometry":{"type":"Polygon","coordinates":[[[82.246951,16.940389],[82.246361,16.941015],[82.245498,16.941713],[82.244741,16.942236],[82.244403,16.94239],[82.244092,16.942452],[82.244033,16.94238],[82.244114,16.9418],[82.244049,16.941656],[82.243872,16.941528],[82.243202,16.941369],[82.243229,16.941297],[82.245107,16.940823],[82.247124,16.94025],[82.246951,16.940389]]]}},{"type":"Feature","id":"OSM-way-1072044727","properties":{"id":"OSM-way-1072044727","tag":"industrial","facilityId":null,"name":null,"cpcbCategory":null,"source":"OpenStreetMap via Overpass bulk load (© OpenStreetMap contributors, ODbL)","refreshedAt":"2026-09-29T11:06:04.248Z","mappedSince":null,"osmTags":{"landuse":"industrial"}},"geometry":{"type":"Polygon","coordinates":[[[82.240139,16.944745],[82.239677,16.943114],[82.238808,16.943324],[82.238669,16.942857],[82.238315,16.94297],[82.238433,16.943534],[82.23787,16.943581],[82.237794,16.942883],[82.237634,16.942293],[82.239484,16.941908],[82.240552,16.941779],[82.243159,16.941523],[82.243899,16.941723],[82.243958,16.941877],[82.24384,16.942159],[82.24354,16.942128],[82.243486,16.942216],[82.243223,16.942898],[82.243068,16.943114],[82.240927,16.944402],[82.240139,16.944745]]]}},{"type":"Feature","id":"OSM-way-1072044728","properties":{"id":"OSM-way-1072044728","tag":"industrial","facilityId":null,"name":null,"cpcbCategory":null,"source":"OpenStreetMap via Overpass bulk load (© OpenStreetMap contributors, ODbL)","refreshedAt":"2026-09-29T11:06:04.248Z","mappedSince":null,"osmTags":{"landuse":"industrial"}},"geometry":{"type":"Polygon","coordinates":[[[82.243872,16.940512],[82.243727,16.939598],[82.24376,16.939409],[82.244993,16.939824],[82.244897,16.94003],[82.244972,16.940122],[82.244854,16.940261],[82.243872,16.940512]]]}},{"type":"Feature","id":"OSM-way-1072044729","properties":{"id":"OSM-way-1072044729","tag":"industrial","facilityId":null,"name":null,"cpcbCategory":null,"source":"OpenStreetMap via Overpass bulk load (© OpenStreetMap contributors, ODbL)","refreshedAt":"2026-09-29T11:06:04.248Z","mappedSince":null,"osmTags":{"landuse":"industrial"}},"geometry":{"type":"Polygon","coordinates":[[[82.275345,16.983064],[82.275764,16.984788],[82.277572,16.992619],[82.266708,16.99257],[82.267094,16.981589],[82.25671,16.98124],[82.257683,16.975371],[82.260022,16.967003],[82.262984,16.967119],[82.263553,16.960973],[82.260475,16.959412],[82.259141,16.9581],[82.258789,16.956973],[82.268286,16.95729],[82.268307,16.958015],[82.268382,16.958754],[82.27055,16.963865],[82.271161,16.965404],[82.271998,16.968811],[82.275345,16.983064]]]}},{"type":"Feature","id":"OSM-way-1072044733","properties":{"id":"OSM-way-1072044733","tag":"industrial","facilityId":null,"name":null,"cpcbCategory":null,"source":"OpenStreetMap via Overpass bulk load (© OpenStreetMap contributors, ODbL)","refreshedAt":"2026-09-29T11:06:04.248Z","mappedSince":null,"osmTags":{"landuse":"industrial"}},"geometry":{"type":"Polygon","coordinates":[[[82.254569,16.956902],[82.254982,16.95859],[82.254274,16.958718],[82.254451,16.959657],[82.253839,16.95977],[82.253727,16.960842],[82.251833,16.960807],[82.252557,16.958908],[82.252294,16.95682],[82.254569,16.956902]]]}},{"type":"Feature","id":"OSM-way-1072044734","properties":{"id":"OSM-way-1072044734","tag":"industrial","facilityId":null,"name":null,"cpcbCategory":null,"source":"OpenStreetMap via Overpass bulk load (© OpenStreetMap contributors, ODbL)","refreshedAt":"2026-09-29T11:06:04.248Z","mappedSince":null,"osmTags":{"landuse":"industrial"}},"geometry":{"type":"Polygon","coordinates":[[[82.246753,16.952371],[82.246828,16.951812],[82.244001,16.951539],[82.243862,16.952083],[82.246753,16.952371]]]}},{"type":"Feature","id":"OSM-way-1072044738","properties":{"id":"OSM-way-1072044738","tag":"industrial","facilityId":null,"name":null,"cpcbCategory":null,"source":"OpenStreetMap via Overpass bulk load (© OpenStreetMap contributors, ODbL)","refreshedAt":"2026-09-29T11:06:04.248Z","mappedSince":null,"osmTags":{"landuse":"industrial"}},"geometry":{"type":"Polygon","coordinates":[[[82.248566,16.948019],[82.246796,16.94376],[82.246823,16.943411],[82.247037,16.942873],[82.248513,16.941779],[82.249285,16.94104],[82.249553,16.942144],[82.25142,16.941944],[82.251699,16.943303],[82.250943,16.943447],[82.251243,16.944797],[82.25009,16.945064],[82.250567,16.94708],[82.248888,16.947419],[82.248936,16.947655],[82.248807,16.947686],[82.248861,16.947932],[82.248566,16.948019]]]}},{"type":"Feature","id":"OSM-way-1072044740","properties":{"id":"OSM-way-1072044740","tag":"industrial","facilityId":null,"name":null,"cpcbCategory":null,"source":"OpenStreetMap via Overpass bulk load (© OpenStreetMap contributors, ODbL)","refreshedAt":"2026-09-29T11:06:04.248Z","mappedSince":null,"osmTags":{"landuse":"industrial"}},"geometry":{"type":"Polygon","coordinates":[[[82.206659,17.001738],[82.211477,16.994864],[82.215081,16.998783],[82.216637,17.000394],[82.215403,17.001071],[82.216101,17.002354],[82.214985,17.002672],[82.214996,17.00143],[82.214781,17.000968],[82.214706,16.999778],[82.213365,16.999332],[82.213134,16.999424],[82.212662,16.998906],[82.21211,16.999481],[82.212818,17.001184],[82.212271,17.00142],[82.212335,17.001666],[82.212228,17.001728],[82.213043,17.004016],[82.209266,17.005001],[82.208805,17.004026],[82.208344,17.004231],[82.208151,17.003851],[82.207646,17.003975],[82.207378,17.003195],[82.208183,17.002815],[82.207507,17.001451],[82.206799,17.001922],[82.206659,17.001738]]]}},{"type":"Feature","id":"OSM-way-1103993325","properties":{"id":"OSM-way-1103993325","tag":"industrial","facilityId":null,"name":null,"cpcbCategory":null,"source":"OpenStreetMap via Overpass bulk load (© OpenStreetMap contributors, ODbL)","refreshedAt":"2026-09-29T11:06:04.248Z","mappedSince":null,"osmTags":{"landuse":"industrial"}},"geometry":{"type":"Polygon","coordinates":[[[82.269067,16.949731],[82.269096,16.949184],[82.268913,16.948404],[82.268768,16.948076],[82.268297,16.947696],[82.267953,16.947778],[82.265249,16.946444],[82.265019,16.946552],[82.264362,16.945977],[82.263375,16.945479],[82.262508,16.944941],[82.262122,16.945115],[82.261194,16.944253],[82.26091,16.94435],[82.259815,16.943801],[82.258775,16.944386],[82.258646,16.94394],[82.259107,16.943442],[82.259365,16.943319],[82.25893,16.943078],[82.258925,16.943293],[82.258528,16.943714],[82.258152,16.943493],[82.257863,16.943155],[82.257766,16.942801],[82.25782,16.942529],[82.25767,16.942354],[82.256988,16.942169],[82.256881,16.942062],[82.256361,16.942364],[82.256168,16.942108],[82.254086,16.942924],[82.255068,16.945269],[82.255733,16.945772],[82.257482,16.946182],[82.257621,16.946901],[82.254896,16.946603],[82.256023,16.950216],[82.256967,16.950062],[82.256881,16.951704],[82.257578,16.951683],[82.257804,16.953448],[82.258834,16.953418],[82.258415,16.950503],[82.257954,16.947968],[82.260357,16.947752],[82.260829,16.948502],[82.260808,16.949754],[82.260304,16.949754],[82.260304,16.949928],[82.260722,16.95],[82.2607,16.95039],[82.261301,16.950431],[82.26128,16.950739],[82.260539,16.95078],[82.260561,16.951478],[82.262878,16.951539],[82.262868,16.948687],[82.263211,16.948687],[82.263254,16.948142],[82.264209,16.948132],[82.264316,16.948769],[82.265646,16.948717],[82.265485,16.950298],[82.264413,16.950339],[82.264402,16.951067],[82.263007,16.951088],[82.262911,16.95391],[82.264327,16.953931],[82.264305,16.955316],[82.2657,16.955306],[82.265721,16.955942],[82.267964,16.956209],[82.269067,16.949731]]]}},{"type":"Feature","id":"OSM-way-1248068176","properties":{"id":"OSM-way-1248068176","tag":"industrial","facilityId":"OSM-way-1248068176","name":"DEVI FISHERIES PVT LTD","cpcbCategory":null,"source":"OpenStreetMap via Overpass bulk load (© OpenStreetMap contributors, ODbL)","refreshedAt":"2026-09-29T11:06:04.248Z","mappedSince":null,"osmTags":{"landuse":"industrial","name":"DEVI FISHERIES PVT LTD"}},"geometry":{"type":"Polygon","coordinates":[[[82.232305,17.018658],[82.233853,17.020159],[82.234263,17.019796],[82.232763,17.018202],[82.23253,17.018414],[82.232305,17.018658]]]}},{"type":"Feature","id":"OSM-way-1284367689","properties":{"id":"OSM-way-1284367689","tag":"forest","facilityId":null,"name":null,"cpcbCategory":null,"source":"OpenStreetMap via Overpass bulk load (© OpenStreetMap contributors, ODbL)","refreshedAt":"2026-09-29T11:06:04.248Z","mappedSince":null,"osmTags":{"natural":"wood"}},"geometry":{"type":"Polygon","coordinates":[[[82.244673,16.997301],[82.244615,16.996918],[82.245374,16.996788],[82.245422,16.997327],[82.244691,16.997383],[82.244673,16.997301]]]}},{"type":"Feature","id":"OSM-way-1324256864","properties":{"id":"OSM-way-1324256864","tag":"farmland","facilityId":null,"name":"Uncultivated land","cpcbCategory":null,"source":"OpenStreetMap via Overpass bulk load (© OpenStreetMap contributors, ODbL)","refreshedAt":"2026-09-29T11:06:04.248Z","mappedSince":null,"osmTags":{"landuse":"farmland","name":"Uncultivated land"}},"geometry":{"type":"Polygon","coordinates":[[[82.198091,16.995624],[82.200086,16.994703],[82.199085,16.992736],[82.198653,16.993031],[82.198399,16.992353],[82.197313,16.992552],[82.196851,16.992846],[82.195896,16.993215],[82.196034,16.993672],[82.196481,16.994364],[82.196774,16.994813],[82.198137,16.994342],[82.198307,16.994791],[82.197629,16.995056],[82.198091,16.995624]]]}},{"type":"Feature","id":"OSM-way-1415869607","properties":{"id":"OSM-way-1415869607","tag":"industrial","facilityId":"OSM-way-1415869607","name":"APSRTC Bus Depot , Kakinada","cpcbCategory":null,"source":"OpenStreetMap via Overpass bulk load (© OpenStreetMap contributors, ODbL)","refreshedAt":"2026-09-29T11:06:04.248Z","mappedSince":null,"osmTags":{"barrier":"wall","depot":"bus","industrial":"depot","landuse":"industrial","name":"APSRTC Bus Depot , Kakinada","operator":"APSRTC","operator:wikidata":"Q4754395"}},"geometry":{"type":"Polygon","coordinates":[[[82.240003,16.966273],[82.239697,16.965216],[82.24096,16.964882],[82.241265,16.96594],[82.240003,16.966273]]]}},{"type":"Feature","id":"OSM-way-1433975165","properties":{"id":"OSM-way-1433975165","tag":"forest","facilityId":null,"name":null,"cpcbCategory":null,"source":"OpenStreetMap via Overpass bulk load (© OpenStreetMap contributors, ODbL)","refreshedAt":"2026-09-29T11:06:04.248Z","mappedSince":null,"osmTags":{"natural":"wood"}},"geometry":{"type":"Polygon","coordinates":[[[82.290832,17.041095],[82.291321,17.041189],[82.292016,17.040675],[82.291055,17.040398],[82.290832,17.041095]]]}},{"type":"Feature","id":"OSM-way-1433975166","properties":{"id":"OSM-way-1433975166","tag":"forest","facilityId":null,"name":null,"cpcbCategory":null,"source":"OpenStreetMap via Overpass bulk load (© OpenStreetMap contributors, ODbL)","refreshedAt":"2026-09-29T11:06:04.248Z","mappedSince":null,"osmTags":{"natural":"wood"}},"geometry":{"type":"Polygon","coordinates":[[[82.290292,17.040776],[82.290636,17.040805],[82.290707,17.040331],[82.29047,17.040287],[82.290292,17.040776]]]}},{"type":"Feature","id":"OSM-way-1433975186","properties":{"id":"OSM-way-1433975186","tag":"farmland","facilityId":null,"name":null,"cpcbCategory":null,"source":"OpenStreetMap via Overpass bulk load (© OpenStreetMap contributors, ODbL)","refreshedAt":"2026-09-29T11:06:04.248Z","mappedSince":null,"osmTags":{"landuse":"farmland"}},"geometry":{"type":"Polygon","coordinates":[[[82.290534,17.040076],[82.290679,17.040116],[82.290737,17.039981],[82.290597,17.039963],[82.290534,17.040076]]]}},{"type":"Feature","id":"OSM-way-1433989476","properties":{"id":"OSM-way-1433989476","tag":"farmland","facilityId":null,"name":null,"cpcbCategory":null,"source":"OpenStreetMap via Overpass bulk load (© OpenStreetMap contributors, ODbL)","refreshedAt":"2026-09-29T11:06:04.248Z","mappedSince":null,"osmTags":{"landuse":"farmland"}},"geometry":{"type":"Polygon","coordinates":[[[82.290745,17.040144],[82.29097,17.040177],[82.290999,17.039964],[82.290765,17.039953],[82.290745,17.040144]]]}},{"type":"Feature","id":"OSM-way-1433989477","properties":{"id":"OSM-way-1433989477","tag":"farmland","facilityId":null,"name":null,"cpcbCategory":null,"source":"OpenStreetMap via Overpass bulk load (© OpenStreetMap contributors, ODbL)","refreshedAt":"2026-09-29T11:06:04.248Z","mappedSince":null,"osmTags":{"landuse":"farmland"}},"geometry":{"type":"Polygon","coordinates":[[[82.29068,17.040772],[82.290884,17.040805],[82.290936,17.040584],[82.290701,17.040538],[82.29068,17.040772]]]}},{"type":"Feature","id":"OSM-way-1433989478","properties":{"id":"OSM-way-1433989478","tag":"forest","facilityId":null,"name":null,"cpcbCategory":null,"source":"OpenStreetMap via Overpass bulk load (© OpenStreetMap contributors, ODbL)","refreshedAt":"2026-09-29T11:06:04.248Z","mappedSince":null,"osmTags":{"landuse":"forest"}},"geometry":{"type":"Polygon","coordinates":[[[82.289997,17.040236],[82.290299,17.040276],[82.29037,17.040088],[82.290041,17.040031],[82.289997,17.040236]]]}},{"type":"Feature","id":"OSM-way-1433989479","properties":{"id":"OSM-way-1433989479","tag":"forest","facilityId":null,"name":null,"cpcbCategory":null,"source":"OpenStreetMap via Overpass bulk load (© OpenStreetMap contributors, ODbL)","refreshedAt":"2026-09-29T11:06:04.248Z","mappedSince":null,"osmTags":{"natural":"wood"}},"geometry":{"type":"Polygon","coordinates":[[[82.28982,17.040738],[82.290181,17.040782],[82.290361,17.040306],[82.290129,17.040281],[82.28982,17.040738]]]}},{"type":"Feature","id":"OSM-way-1433989480","properties":{"id":"OSM-way-1433989480","tag":"forest","facilityId":null,"name":null,"cpcbCategory":null,"source":"OpenStreetMap via Overpass bulk load (© OpenStreetMap contributors, ODbL)","refreshedAt":"2026-09-29T11:06:04.248Z","mappedSince":null,"osmTags":{"natural":"wood"}},"geometry":{"type":"Polygon","coordinates":[[[82.290714,17.040505],[82.290935,17.040544],[82.291031,17.040275],[82.29077,17.04022],[82.290714,17.040505]]]}},{"type":"Feature","id":"OSM-way-65310813","properties":{"id":"OSM-way-65310813","tag":"industrial","facilityId":"OSM-way-65310813","name":"Bhilai Steel Plant","cpcbCategory":"Red","source":"OpenStreetMap via Overpass bulk load (© OpenStreetMap contributors, ODbL)","refreshedAt":"2026-09-29T11:06:04.248Z","mappedSince":null,"osmTags":{"industrial":"steelmaking","landuse":"industrial","name":"Bhilai Steel Plant","operator":"Steel Authority of India Limited","wikidata":"Q4901728","wikipedia":"en:Bhilai Steel Plant"}},"geometry":{"type":"Polygon","coordinates":[[[81.366342,21.16411],[81.370318,21.171009],[81.374464,21.178806],[81.375042,21.178917],[81.375395,21.179628],[81.375062,21.179744],[81.375022,21.179964],[81.37432,21.179938],[81.374263,21.179944],[81.374278,21.179755],[81.373523,21.179667],[81.373177,21.179707],[81.370595,21.17955],[81.370548,21.180382],[81.369628,21.180392],[81.369705,21.181214],[81.367893,21.18111],[81.366763,21.18162],[81.361433,21.181876],[81.364216,21.184595],[81.361809,21.186852],[81.361892,21.186921],[81.363524,21.187688],[81.364509,21.188064],[81.365528,21.188385],[81.36688,21.188763],[81.36823,21.189026],[81.370097,21.189089],[81.37023,21.189077],[81.370328,21.189047],[81.370431,21.188931],[81.370603,21.188649],[81.370929,21.188861],[81.371139,21.189],[81.371504,21.189206],[81.373661,21.189775],[81.374905,21.190212],[81.375237,21.190301],[81.37838,21.192424],[81.380353,21.194118],[81.380278,21.194284],[81.381112,21.195067],[81.381282,21.195068],[81.381332,21.195125],[81.381373,21.195159],[81.382216,21.194449],[81.381871,21.194136],[81.382601,21.1935],[81.382676,21.193561],[81.384181,21.194782],[81.384205,21.1948],[81.384022,21.194984],[81.384476,21.195415],[81.384578,21.195506],[81.384602,21.195531],[81.384637,21.195566],[81.384675,21.195604],[81.384776,21.195701],[81.384902,21.195584],[81.385063,21.195517],[81.385268,21.195718],[81.385808,21.196191],[81.386416,21.196772],[81.386443,21.196842],[81.386373,21.196961],[81.38602,21.197294],[81.385654,21.197592],[81.385279,21.197527],[81.384541,21.198206],[81.384443,21.198277],[81.384251,21.198416],[81.383237,21.197546],[81.382826,21.197536],[81.378469,21.201616],[81.37846,21.202143],[81.378987,21.204113],[81.379176,21.205003],[81.379376,21.205373],[81.379597,21.205624],[81.380774,21.206543],[81.381273,21.206771],[81.381687,21.206822],[81.382015,21.206846],[81.384562,21.206559],[81.389882,21.205937],[81.392716,21.205611],[81.392895,21.205695],[81.395614,21.205413],[81.396863,21.205269],[81.397981,21.205125],[81.398878,21.205113],[81.402658,21.204673],[81.402732,21.204659],[81.403646,21.20447],[81.40515,21.204299],[81.409778,21.203861],[81.410194,21.203945],[81.416571,21.203135],[81.417075,21.202939],[81.41943,21.202639],[81.420029,21.202347],[81.419909,21.201818],[81.41978,21.201656],[81.4197,21.201226],[81.419866,21.201217],[81.41992,21.20016],[81.42071,21.200031],[81.420664,21.198583],[81.419523,21.19613],[81.419999,21.193304],[81.413946,21.190541],[81.409872,21.188563],[81.408409,21.187599],[81.407205,21.186312],[81.403373,21.182803],[81.40082,21.180308],[81.400057,21.179614],[81.399344,21.178786],[81.400107,21.178283],[81.39866,21.17709],[81.395885,21.17454],[81.395189,21.173749],[81.394012,21.172289],[81.393289,21.171196],[81.39235,21.169978],[81.391584,21.169648],[81.390508,21.169088],[81.388993,21.169043],[81.38725,21.169926],[81.387111,21.169864],[81.387049,21.171055],[81.385386,21.170827],[81.384634,21.170948],[81.382409,21.17105],[81.381364,21.17086],[81.37416,21.168382],[81.373028,21.16769],[81.366382,21.163708],[81.363782,21.162279],[81.362494,21.162387],[81.361524,21.161913],[81.361353,21.162171],[81.361209,21.162448],[81.362278,21.163004],[81.362567,21.16332],[81.36239,21.16346],[81.362493,21.163601],[81.363376,21.162996],[81.364232,21.162753],[81.3653,21.163383],[81.366342,21.16411]]]}},{"type":"Feature","id":"OSM-way-129773726","properties":{"id":"OSM-way-129773726","tag":"industrial","facilityId":null,"name":null,"cpcbCategory":null,"source":"OpenStreetMap via Overpass bulk load (© OpenStreetMap contributors, ODbL)","refreshedAt":"2026-09-29T11:06:04.248Z","mappedSince":null,"osmTags":{"landuse":"industrial"}},"geometry":{"type":"Polygon","coordinates":[[[81.399549,21.239471],[81.400534,21.234966],[81.400963,21.233011],[81.401454,21.230605],[81.403094,21.230935],[81.404824,21.231655],[81.407135,21.233172],[81.409043,21.234709],[81.408968,21.234192],[81.409696,21.233424],[81.411029,21.233824],[81.411984,21.2349],[81.412632,21.235477],[81.412141,21.236181],[81.411711,21.235787],[81.4103,21.237342],[81.409778,21.237566],[81.40903,21.238726],[81.407334,21.238109],[81.406622,21.238794],[81.40621,21.23837],[81.40551,21.237803],[81.405494,21.238961],[81.404922,21.23902],[81.402242,21.238924],[81.400281,21.23926],[81.399549,21.239471]]]}},{"type":"Feature","id":"OSM-way-129773727","properties":{"id":"OSM-way-129773727","tag":"industrial","facilityId":null,"name":null,"cpcbCategory":null,"source":"OpenStreetMap via Overpass bulk load (© OpenStreetMap contributors, ODbL)","refreshedAt":"2026-09-29T11:06:04.248Z","mappedSince":null,"osmTags":{"landuse":"industrial"}},"geometry":{"type":"Polygon","coordinates":[[[81.40331,21.226736],[81.404321,21.22364],[81.405021,21.222999],[81.413573,21.227441],[81.414782,21.22794],[81.415444,21.227989],[81.417786,21.228844],[81.418216,21.228005],[81.419658,21.228843],[81.419779,21.229051],[81.419618,21.229432],[81.420376,21.229796],[81.420517,21.22965],[81.423844,21.232501],[81.423583,21.233515],[81.423627,21.235305],[81.422367,21.23508],[81.422112,21.233404],[81.421527,21.233175],[81.420836,21.234701],[81.419293,21.235172],[81.418092,21.235149],[81.417588,21.234963],[81.416942,21.234974],[81.416767,21.235181],[81.415724,21.234816],[81.415366,21.235379],[81.414918,21.235147],[81.414446,21.235474],[81.413219,21.235628],[81.412688,21.235312],[81.412144,21.234824],[81.410983,21.233585],[81.41022,21.233442],[81.411555,21.231982],[81.411156,21.231745],[81.412357,21.229185],[81.40331,21.226736]]]}},{"type":"Feature","id":"OSM-way-129773728","properties":{"id":"OSM-way-129773728","tag":"quarry","facilityId":null,"name":null,"cpcbCategory":null,"source":"OpenStreetMap via Overpass bulk load (© OpenStreetMap contributors, ODbL)","refreshedAt":"2026-09-29T11:06:04.248Z","mappedSince":null,"osmTags":{"landuse":"quarry"}},"geometry":{"type":"Polygon","coordinates":[[[81.356797,21.261815],[81.355716,21.258165],[81.358633,21.256932],[81.361145,21.255472],[81.363738,21.254994],[81.366655,21.255346],[81.368222,21.256957],[81.369302,21.257586],[81.367249,21.259852],[81.365521,21.261136],[81.365245,21.260763],[81.363954,21.259021],[81.361712,21.25814],[81.359795,21.258895],[81.359147,21.261865],[81.356797,21.261815]]]}},{"type":"Feature","id":"OSM-way-129773729","properties":{"id":"OSM-way-129773729","tag":"industrial","facilityId":"OSM-way-129773729","name":"ACC Jamul","cpcbCategory":null,"source":"OpenStreetMap via Overpass bulk load (© OpenStreetMap contributors, ODbL)","refreshedAt":"2026-09-29T11:06:04.248Z","mappedSince":null,"osmTags":{"industrial":"factory","landuse":"industrial","name":"ACC Jamul"}},"geometry":{"type":"Polygon","coordinates":[[[81.376847,21.240895],[81.376728,21.240447],[81.376697,21.240112],[81.376709,21.239761],[81.376809,21.239006],[81.376903,21.238848],[81.377374,21.237928],[81.377866,21.237131],[81.378033,21.236804],[81.378095,21.236734],[81.378497,21.236466],[81.378579,21.236547],[81.378865,21.236947],[81.379124,21.236729],[81.379677,21.236357],[81.380005,21.236222],[81.380329,21.236104],[81.380949,21.235986],[81.381576,21.235951],[81.382712,21.23592],[81.382704,21.235702],[81.382751,21.235684],[81.383082,21.235552],[81.38321,21.235462],[81.383515,21.235306],[81.383147,21.234652],[81.382941,21.234291],[81.382752,21.234021],[81.382855,21.233918],[81.382974,21.233797],[81.383066,21.23365],[81.38316,21.233442],[81.383189,21.233377],[81.38314,21.233323],[81.383213,21.233267],[81.383261,21.233235],[81.383546,21.233576],[81.383823,21.233887],[81.384118,21.234135],[81.384391,21.234351],[81.384677,21.234523],[81.385161,21.234737],[81.385518,21.234866],[81.387418,21.235427],[81.38751,21.235478],[81.387836,21.236051],[81.387959,21.236309],[81.387994,21.236291],[81.388073,21.236252],[81.388092,21.236242],[81.387947,21.235969],[81.388053,21.235917],[81.390389,21.235936],[81.390498,21.23602],[81.390515,21.23663],[81.39053,21.23687],[81.39058,21.237569],[81.390515,21.237691],[81.389851,21.237946],[81.389719,21.238015],[81.389454,21.238243],[81.389237,21.238426],[81.389311,21.238684],[81.389325,21.238871],[81.389177,21.239009],[81.388028,21.240214],[81.386819,21.241486],[81.386679,21.24147],[81.386649,21.241394],[81.386548,21.241444],[81.386493,21.241471],[81.386416,21.24151],[81.386313,21.241658],[81.385025,21.241396],[81.383401,21.241095],[81.383082,21.24113],[81.380641,21.241677],[81.377916,21.242342],[81.377745,21.242384],[81.377513,21.242441],[81.377499,21.242444],[81.377213,21.242514],[81.37719,21.242411],[81.377114,21.242075],[81.376976,21.241853],[81.376934,21.241785],[81.377059,21.241696],[81.37692,21.241195],[81.376881,21.241032],[81.376847,21.240895]]]}},{"type":"Feature","id":"OSM-way-129773736","properties":{"id":"OSM-way-129773736","tag":"industrial","facilityId":null,"name":null,"cpcbCategory":null,"source":"OpenStreetMap via Overpass bulk load (© OpenStreetMap contributors, ODbL)","refreshedAt":"2026-09-29T11:06:04.248Z","mappedSince":null,"osmTags":{"landuse":"industrial"}},"geometry":{"type":"Polygon","coordinates":[[[81.376869,21.237396],[81.375354,21.235874],[81.374193,21.234558],[81.377051,21.233643],[81.375648,21.23066],[81.375167,21.228736],[81.377085,21.228409],[81.376667,21.226113],[81.374996,21.226068],[81.373304,21.224733],[81.372953,21.223197],[81.375403,21.222904],[81.376572,21.223071],[81.376815,21.22209],[81.378705,21.22078],[81.379597,21.220252],[81.380919,21.220229],[81.381898,21.218635],[81.383627,21.218172],[81.398713,21.217024],[81.400307,21.216772],[81.401333,21.217175],[81.396782,21.224684],[81.393354,21.222998],[81.391212,21.222608],[81.391283,21.221646],[81.392222,21.221669],[81.392231,21.221582],[81.39241,21.221561],[81.392354,21.220681],[81.391704,21.220898],[81.390836,21.220928],[81.39074,21.222596],[81.388571,21.222589],[81.388566,21.220837],[81.387124,21.220882],[81.384569,21.221311],[81.383911,21.221402],[81.38387,21.221051],[81.383815,21.220572],[81.382873,21.220688],[81.38315,21.221772],[81.383589,21.223067],[81.385225,21.222905],[81.387056,21.222877],[81.38709,21.223314],[81.389069,21.224186],[81.389786,21.224688],[81.390171,21.225468],[81.390569,21.225482],[81.391036,21.225342],[81.39208,21.225469],[81.394751,21.227885],[81.391133,21.234131],[81.386417,21.232103],[81.38619,21.231733],[81.38362,21.232772],[81.383359,21.232524],[81.382927,21.232625],[81.382711,21.233707],[81.381036,21.234462],[81.377849,21.236149],[81.376869,21.237396]]]}},{"type":"Feature","id":"OSM-way-129773738","properties":{"id":"OSM-way-129773738","tag":"industrial","facilityId":null,"name":null,"cpcbCategory":null,"source":"OpenStreetMap via Overpass bulk load (© OpenStreetMap contributors, ODbL)","refreshedAt":"2026-09-29T11:06:04.248Z","mappedSince":null,"osmTags":{"landuse":"industrial"}},"geometry":{"type":"Polygon","coordinates":[[[81.391862,21.234444],[81.393463,21.231767],[81.397812,21.233659],[81.397025,21.235165],[81.396224,21.235667],[81.391862,21.234444]]]}},{"type":"Feature","id":"OSM-way-129775660","properties":{"id":"OSM-way-129775660","tag":"industrial","facilityId":null,"name":null,"cpcbCategory":null,"source":"OpenStreetMap via Overpass bulk load (© OpenStreetMap contributors, ODbL)","refreshedAt":"2026-09-29T11:06:04.248Z","mappedSince":null,"osmTags":{"landuse":"industrial"}},"geometry":{"type":"Polygon","coordinates":[[[81.344832,21.151703],[81.343253,21.150784],[81.343031,21.150004],[81.354883,21.157153],[81.354526,21.157691],[81.354691,21.157761],[81.354556,21.157987],[81.354388,21.157882],[81.354267,21.158082],[81.354472,21.158223],[81.353999,21.158888],[81.353532,21.158631],[81.352491,21.160092],[81.351954,21.160205],[81.350244,21.159169],[81.347678,21.157675],[81.34703,21.155694],[81.346782,21.155702],[81.346533,21.155365],[81.346778,21.155057],[81.346526,21.154333],[81.345401,21.154579],[81.344683,21.154541],[81.344712,21.153677],[81.344832,21.151703]]]}},{"type":"Feature","id":"OSM-way-202180496","properties":{"id":"OSM-way-202180496","tag":"industrial","facilityId":"OSM-way-202180496","name":"Bhilai 500 MW Expansion Power Project","cpcbCategory":"Red","source":"OpenStreetMap via Overpass bulk load (© OpenStreetMap contributors, ODbL)","refreshedAt":"2026-09-29T11:06:04.248Z","mappedSince":null,"osmTags":{"landuse":"industrial","name":"Bhilai 500 MW Expansion Power Project","operator":"NSPCL","plant:method":"combustion","plant:output:electricity":"500 MW","plant:source":"coal","power":"plant","wikidata":"Q17747188"}},"geometry":{"type":"Polygon","coordinates":[[[81.421581,21.181876],[81.418322,21.184941],[81.415801,21.187268],[81.415208,21.187795],[81.415263,21.187846],[81.415358,21.187933],[81.415613,21.188167],[81.418933,21.189134],[81.420304,21.190285],[81.423168,21.191725],[81.423628,21.191909],[81.426121,21.193179],[81.428781,21.194522],[81.428915,21.194588],[81.430558,21.19539],[81.432206,21.196221],[81.432278,21.196775],[81.432399,21.196773],[81.432434,21.196773],[81.432606,21.196772],[81.432744,21.196767],[81.432878,21.196762],[81.433025,21.196752],[81.432955,21.196162],[81.4329,21.195786],[81.432891,21.195729],[81.43262,21.195099],[81.432584,21.195046],[81.432033,21.194541],[81.431956,21.194483],[81.430742,21.193826],[81.430269,21.193448],[81.430172,21.1919],[81.431072,21.191052],[81.430959,21.190919],[81.431956,21.19023],[81.43344,21.188782],[81.431576,21.185972],[81.429564,21.184209],[81.427128,21.182071],[81.426401,21.18274],[81.425726,21.182859],[81.425161,21.182309],[81.424933,21.179627],[81.424808,21.179627],[81.424805,21.179936],[81.423969,21.180016],[81.423981,21.180206],[81.423397,21.180262],[81.423419,21.180481],[81.423099,21.180716],[81.421166,21.180835],[81.421581,21.181876]]]}},{"type":"Feature","id":"OSM-way-310672417","properties":{"id":"OSM-way-310672417","tag":"industrial","facilityId":"OSM-way-310672417","name":"Bhilai Jaypee Cement Ltd.","cpcbCategory":null,"source":"OpenStreetMap via Overpass bulk load (© OpenStreetMap contributors, ODbL)","refreshedAt":"2026-09-29T11:06:04.248Z","mappedSince":null,"osmTags":{"landuse":"industrial","name":"Bhilai Jaypee Cement Ltd."}},"geometry":{"type":"Polygon","coordinates":[[[81.360775,21.182227],[81.361433,21.181876],[81.364216,21.184595],[81.361809,21.186852],[81.359852,21.185597],[81.360775,21.182227]]]}},{"type":"Feature","id":"OSM-way-453536060","properties":{"id":"OSM-way-453536060","tag":"forest","facilityId":null,"name":null,"cpcbCategory":null,"source":"OpenStreetMap via Overpass bulk load (© OpenStreetMap contributors, ODbL)","refreshedAt":"2026-09-29T11:06:04.248Z","mappedSince":null,"osmTags":{"landuse":"forest"}},"geometry":{"type":"Polygon","coordinates":[[[81.338937,21.176439],[81.339121,21.1764],[81.339203,21.176282],[81.338785,21.174838],[81.338687,21.174788],[81.335697,21.175724],[81.336948,21.178267],[81.337505,21.17817],[81.337103,21.176779],[81.337154,21.176584],[81.337103,21.176084],[81.338047,21.17589],[81.338145,21.176226],[81.338228,21.176256],[81.338541,21.17622],[81.338871,21.176336],[81.338937,21.176439]]]}},{"type":"Feature","id":"OSM-way-453929892","properties":{"id":"OSM-way-453929892","tag":"forest","facilityId":null,"name":null,"cpcbCategory":null,"source":"OpenStreetMap via Overpass bulk load (© OpenStreetMap contributors, ODbL)","refreshedAt":"2026-09-29T11:06:04.248Z","mappedSince":null,"osmTags":{"landuse":"forest"}},"geometry":{"type":"Polygon","coordinates":[[[81.316278,21.18095],[81.315513,21.178922],[81.315634,21.178754],[81.317989,21.178401],[81.319991,21.178233],[81.32049,21.178241],[81.32391,21.178458],[81.324091,21.178586],[81.324366,21.17889],[81.324486,21.179435],[81.323962,21.179579],[81.323902,21.179203],[81.32373,21.179099],[81.321237,21.179411],[81.320404,21.179459],[81.320051,21.179451],[81.316648,21.179435],[81.31645,21.179804],[81.316424,21.180036],[81.316588,21.180341],[81.316889,21.180405],[81.318006,21.180445],[81.318006,21.180597],[81.316278,21.18095]]]}},{"type":"Feature","id":"OSM-way-453936032","properties":{"id":"OSM-way-453936032","tag":"forest","facilityId":null,"name":null,"cpcbCategory":null,"source":"OpenStreetMap via Overpass bulk load (© OpenStreetMap contributors, ODbL)","refreshedAt":"2026-09-29T11:06:04.248Z","mappedSince":null,"osmTags":{"landuse":"forest"}},"geometry":{"type":"Polygon","coordinates":[[[81.296366,21.192183],[81.297221,21.192304],[81.29712,21.191649],[81.296369,21.192148],[81.296366,21.192183]]]}},{"type":"Feature","id":"OSM-way-453936057","properties":{"id":"OSM-way-453936057","tag":"forest","facilityId":null,"name":null,"cpcbCategory":null,"source":"OpenStreetMap via Overpass bulk load (© OpenStreetMap contributors, ODbL)","refreshedAt":"2026-09-29T11:06:04.248Z","mappedSince":null,"osmTags":{"landuse":"forest"}},"geometry":{"type":"Polygon","coordinates":[[[81.32542,21.192371],[81.324976,21.190771],[81.325947,21.190868],[81.325822,21.192298],[81.325769,21.192459],[81.32542,21.192371]]]}},{"type":"Feature","id":"OSM-way-453941029","properties":{"id":"OSM-way-453941029","tag":"forest","facilityId":null,"name":null,"cpcbCategory":null,"source":"OpenStreetMap via Overpass bulk load (© OpenStreetMap contributors, ODbL)","refreshedAt":"2026-09-29T11:06:04.248Z","mappedSince":null,"osmTags":{"landuse":"forest"}},"geometry":{"type":"Polygon","coordinates":[[[81.344666,21.182385],[81.344762,21.182081],[81.345271,21.182063],[81.345483,21.180997],[81.345281,21.180352],[81.345626,21.179779],[81.345722,21.179824],[81.345771,21.180532],[81.346212,21.180612],[81.347902,21.180827],[81.348017,21.18089],[81.348843,21.179565],[81.349756,21.180182],[81.34791,21.182506],[81.347699,21.182573],[81.34732,21.183139],[81.34676,21.184029],[81.34625,21.18499],[81.345859,21.185802],[81.345599,21.185707],[81.346384,21.18305],[81.346389,21.182861],[81.344666,21.182385]]]}},{"type":"Feature","id":"OSM-way-453941030","properties":{"id":"OSM-way-453941030","tag":"forest","facilityId":null,"name":null,"cpcbCategory":null,"source":"OpenStreetMap via Overpass bulk load (© OpenStreetMap contributors, ODbL)","refreshedAt":"2026-09-29T11:06:04.248Z","mappedSince":null,"osmTags":{"landuse":"forest"}},"geometry":{"type":"Polygon","coordinates":[[[81.345492,21.178803],[81.345626,21.177935],[81.345943,21.177245],[81.347077,21.176117],[81.349381,21.1784],[81.348824,21.179251],[81.347537,21.178526],[81.346568,21.178409],[81.346087,21.178947],[81.345492,21.178803]]]}},{"type":"Feature","id":"OSM-way-453941037","properties":{"id":"OSM-way-453941037","tag":"forest","facilityId":null,"name":null,"cpcbCategory":null,"source":"OpenStreetMap via Overpass bulk load (© OpenStreetMap contributors, ODbL)","refreshedAt":"2026-09-29T11:06:04.248Z","mappedSince":null,"osmTags":{"landuse":"forest"}},"geometry":{"type":"Polygon","coordinates":[[[81.341982,21.164452],[81.343313,21.164452],[81.343359,21.163743],[81.343246,21.163462],[81.342057,21.164324],[81.341982,21.164452]]]}},{"type":"Feature","id":"OSM-way-453941038","properties":{"id":"OSM-way-453941038","tag":"forest","facilityId":null,"name":null,"cpcbCategory":null,"source":"OpenStreetMap via Overpass bulk load (© OpenStreetMap contributors, ODbL)","refreshedAt":"2026-09-29T11:06:04.248Z","mappedSince":null,"osmTags":{"landuse":"forest"}},"geometry":{"type":"Polygon","coordinates":[[[81.343819,21.162677],[81.343904,21.162746],[81.34429,21.162416],[81.34549,21.161083],[81.345285,21.160971],[81.344877,21.161363],[81.34474,21.161327],[81.344846,21.161079],[81.344761,21.16098],[81.344155,21.16102],[81.344148,21.160918],[81.344223,21.16073],[81.344021,21.160683],[81.344021,21.161152],[81.344071,21.161413],[81.343922,21.162248],[81.343819,21.162677]]]}},{"type":"Feature","id":"OSM-way-453941067","properties":{"id":"OSM-way-453941067","tag":"farmland","facilityId":null,"name":null,"cpcbCategory":null,"source":"OpenStreetMap via Overpass bulk load (© OpenStreetMap contributors, ODbL)","refreshedAt":"2026-09-29T11:06:04.248Z","mappedSince":null,"osmTags":{"landuse":"farmland"}},"geometry":{"type":"Polygon","coordinates":[[[81.338224,21.161713],[81.338784,21.161664],[81.338778,21.161887],[81.339652,21.161903],[81.339798,21.162256],[81.340014,21.162729],[81.339781,21.162849],[81.339833,21.162968],[81.340107,21.163006],[81.340107,21.163142],[81.339891,21.163126],[81.339401,21.162778],[81.33911,21.162653],[81.338813,21.16262],[81.338568,21.162637],[81.338265,21.162283],[81.338224,21.161713]]]}},{"type":"Feature","id":"OSM-way-453944531","properties":{"id":"OSM-way-453944531","tag":"forest","facilityId":null,"name":null,"cpcbCategory":null,"source":"OpenStreetMap via Overpass bulk load (© OpenStreetMap contributors, ODbL)","refreshedAt":"2026-09-29T11:06:04.248Z","mappedSince":null,"osmTags":{"landuse":"forest"}},"geometry":{"type":"Polygon","coordinates":[[[81.33914,21.181887],[81.338988,21.180893],[81.338737,21.180605],[81.338545,21.180001],[81.33928,21.179789],[81.339752,21.181817],[81.33914,21.181887]]]}},{"type":"Feature","id":"OSM-way-453944532","properties":{"id":"OSM-way-453944532","tag":"forest","facilityId":null,"name":null,"cpcbCategory":null,"source":"OpenStreetMap via Overpass bulk load (© OpenStreetMap contributors, ODbL)","refreshedAt":"2026-09-29T11:06:04.248Z","mappedSince":null,"osmTags":{"landuse":"forest"}},"geometry":{"type":"Polygon","coordinates":[[[81.340171,21.182828],[81.341064,21.183062],[81.341256,21.183497],[81.341384,21.183643],[81.341495,21.1836],[81.341445,21.183391],[81.341645,21.1835],[81.342115,21.183491],[81.342187,21.183391],[81.342039,21.183255],[81.34194,21.183032],[81.341731,21.183],[81.341692,21.183198],[81.341371,21.183194],[81.341297,21.183056],[81.341355,21.182893],[81.341512,21.182899],[81.341763,21.182833],[81.342159,21.182828],[81.342224,21.182274],[81.342591,21.182252],[81.342642,21.182135],[81.342742,21.181909],[81.342241,21.18142],[81.341681,21.180915],[81.340924,21.181094],[81.340317,21.181045],[81.340002,21.180779],[81.339863,21.180409],[81.339723,21.180436],[81.339717,21.180213],[81.339933,21.17973],[81.341028,21.179409],[81.341489,21.179181],[81.341448,21.179115],[81.339484,21.179528],[81.339629,21.180349],[81.339915,21.181714],[81.34009,21.182475],[81.340171,21.182828]]]}},{"type":"Feature","id":"OSM-way-453944536","properties":{"id":"OSM-way-453944536","tag":"forest","facilityId":null,"name":null,"cpcbCategory":null,"source":"OpenStreetMap via Overpass bulk load (© OpenStreetMap contributors, ODbL)","refreshedAt":"2026-09-29T11:06:04.248Z","mappedSince":null,"osmTags":{"landuse":"forest"}},"geometry":{"type":"Polygon","coordinates":[[[81.342002,21.184866],[81.342334,21.183562],[81.342911,21.183584],[81.343063,21.182991],[81.342824,21.182861],[81.342684,21.182627],[81.342591,21.182252],[81.342642,21.182135],[81.342987,21.182301],[81.343092,21.18186],[81.344311,21.182132],[81.34434,21.182529],[81.343984,21.184105],[81.343774,21.184274],[81.343331,21.184046],[81.34304,21.18416],[81.342748,21.184823],[81.342719,21.185062],[81.342002,21.184866]]]}},{"type":"Feature","id":"OSM-way-453944545","properties":{"id":"OSM-way-453944545","tag":"forest","facilityId":null,"name":null,"cpcbCategory":null,"source":"OpenStreetMap via Overpass bulk load (© OpenStreetMap contributors, ODbL)","refreshedAt":"2026-09-29T11:06:04.248Z","mappedSince":null,"osmTags":{"landuse":"forest"}},"geometry":{"type":"Polygon","coordinates":[[[81.358214,21.184765],[81.356437,21.183476],[81.354017,21.181551],[81.354469,21.179948],[81.354641,21.179061],[81.354536,21.178005],[81.354296,21.177333],[81.3554,21.176519],[81.355563,21.176053],[81.35757,21.177378],[81.356668,21.178032],[81.356399,21.178327],[81.356831,21.179491],[81.358579,21.181318],[81.357782,21.182464],[81.358598,21.183046],[81.358473,21.183413],[81.358819,21.183682],[81.358214,21.184765]]]}},{"type":"Feature","id":"OSM-way-453944547","properties":{"id":"OSM-way-453944547","tag":"forest","facilityId":null,"name":null,"cpcbCategory":null,"source":"OpenStreetMap via Overpass bulk load (© OpenStreetMap contributors, ODbL)","refreshedAt":"2026-09-29T11:06:04.248Z","mappedSince":null,"osmTags":{"landuse":"forest"}},"geometry":{"type":"Polygon","coordinates":[[[81.370294,21.194885],[81.371512,21.193823],[81.373015,21.194398],[81.374739,21.192422],[81.375625,21.191743],[81.375451,21.191552],[81.372366,21.190224],[81.371844,21.191006],[81.370105,21.191463],[81.368839,21.193852],[81.370294,21.194885]]]}},{"type":"Feature","id":"OSM-way-453993106","properties":{"id":"OSM-way-453993106","tag":"forest","facilityId":null,"name":null,"cpcbCategory":null,"source":"OpenStreetMap via Overpass bulk load (© OpenStreetMap contributors, ODbL)","refreshedAt":"2026-09-29T11:06:04.248Z","mappedSince":null,"osmTags":{"landuse":"forest"}},"geometry":{"type":"Polygon","coordinates":[[[81.351343,21.191703],[81.351317,21.191527],[81.351828,21.190871],[81.352163,21.190467],[81.35274,21.19017],[81.353271,21.190188],[81.354684,21.19057],[81.355052,21.190573],[81.355459,21.190115],[81.355635,21.189811],[81.355817,21.189933],[81.355791,21.190051],[81.355489,21.190464],[81.355179,21.190689],[81.354893,21.191053],[81.354482,21.191017],[81.353785,21.190698],[81.35343,21.190552],[81.353046,21.190619],[81.352737,21.190531],[81.352606,21.190686],[81.352593,21.190847],[81.352805,21.190932],[81.353075,21.190926],[81.353039,21.191169],[81.352502,21.191679],[81.352062,21.191548],[81.351857,21.191621],[81.351831,21.191843],[81.351909,21.19204],[81.351867,21.192098],[81.351343,21.191703]]]}},{"type":"Feature","id":"OSM-way-453993107","properties":{"id":"OSM-way-453993107","tag":"forest","facilityId":null,"name":null,"cpcbCategory":null,"source":"OpenStreetMap via Overpass bulk load (© OpenStreetMap contributors, ODbL)","refreshedAt":"2026-09-29T11:06:04.248Z","mappedSince":null,"osmTags":{"landuse":"forest"}},"geometry":{"type":"Polygon","coordinates":[[[81.349353,21.190584],[81.349423,21.190499],[81.349793,21.190665],[81.35012,21.190249],[81.350024,21.190044],[81.349305,21.189604],[81.349498,21.189089],[81.34924,21.188744],[81.34945,21.188344],[81.350463,21.189719],[81.350667,21.189824],[81.350973,21.190394],[81.351456,21.190099],[81.351703,21.190234],[81.351391,21.190755],[81.351188,21.19103],[81.351048,21.19148],[81.349353,21.190584]]]}},{"type":"Feature","id":"OSM-way-453993121","properties":{"id":"OSM-way-453993121","tag":"forest","facilityId":null,"name":null,"cpcbCategory":null,"source":"OpenStreetMap via Overpass bulk load (© OpenStreetMap contributors, ODbL)","refreshedAt":"2026-09-29T11:06:04.248Z","mappedSince":null,"osmTags":{"landuse":"forest"}},"geometry":{"type":"Polygon","coordinates":[[[81.339093,21.187112],[81.3389,21.185336],[81.339313,21.185351],[81.339469,21.186167],[81.340005,21.186197],[81.340155,21.185917],[81.340553,21.185921],[81.34066,21.186547],[81.34132,21.186667],[81.341132,21.187527],[81.339394,21.187187],[81.339093,21.187112]]]}},{"type":"Feature","id":"OSM-way-454269463","properties":{"id":"OSM-way-454269463","tag":"forest","facilityId":null,"name":null,"cpcbCategory":null,"source":"OpenStreetMap via Overpass bulk load (© OpenStreetMap contributors, ODbL)","refreshedAt":"2026-09-29T11:06:04.248Z","mappedSince":null,"osmTags":{"landuse":"forest"}},"geometry":{"type":"Polygon","coordinates":[[[81.315479,21.191536],[81.311068,21.190775],[81.310879,21.188157],[81.310748,21.186206],[81.311013,21.186211],[81.311167,21.186994],[81.311316,21.187799],[81.311436,21.188399],[81.311526,21.188378],[81.311494,21.187755],[81.311818,21.18729],[81.312243,21.187176],[81.312739,21.187247],[81.313004,21.186638],[81.314321,21.186535],[81.314318,21.186731],[81.314257,21.186934],[81.314246,21.187035],[81.313776,21.1871],[81.313788,21.187429],[81.313762,21.187706],[81.313112,21.187728],[81.313135,21.188361],[81.313645,21.188448],[81.313677,21.188995],[81.313152,21.189118],[81.313251,21.190172],[81.313406,21.190212],[81.314964,21.190314],[81.315178,21.190729],[81.315261,21.19079],[81.315253,21.191119],[81.315269,21.191306],[81.315448,21.191439],[81.315479,21.191536]]]}},{"type":"Feature","id":"OSM-way-454269477","properties":{"id":"OSM-way-454269477","tag":"forest","facilityId":null,"name":null,"cpcbCategory":null,"source":"OpenStreetMap via Overpass bulk load (© OpenStreetMap contributors, ODbL)","refreshedAt":"2026-09-29T11:06:04.248Z","mappedSince":null,"osmTags":{"landuse":"forest"}},"geometry":{"type":"Polygon","coordinates":[[[81.335981,21.187365],[81.335919,21.18672],[81.33865,21.186537],[81.338646,21.187119],[81.338103,21.187137],[81.33807,21.186891],[81.337565,21.186908],[81.337657,21.187316],[81.336111,21.187405],[81.335981,21.187365]]]}},{"type":"Feature","id":"OSM-way-454269478","properties":{"id":"OSM-way-454269478","tag":"forest","facilityId":null,"name":null,"cpcbCategory":null,"source":"OpenStreetMap via Overpass bulk load (© OpenStreetMap contributors, ODbL)","refreshedAt":"2026-09-29T11:06:04.248Z","mappedSince":null,"osmTags":{"landuse":"forest"}},"geometry":{"type":"Polygon","coordinates":[[[81.334382,21.185409],[81.334483,21.186188],[81.3343,21.186438],[81.334469,21.187101],[81.33371,21.187141],[81.333724,21.187522],[81.335727,21.187414],[81.335645,21.186617],[81.334877,21.186626],[81.334641,21.185525],[81.334517,21.185333],[81.334382,21.185409]]]}},{"type":"Feature","id":"OSM-way-454269494","properties":{"id":"OSM-way-454269494","tag":"forest","facilityId":null,"name":null,"cpcbCategory":null,"source":"OpenStreetMap via Overpass bulk load (© OpenStreetMap contributors, ODbL)","refreshedAt":"2026-09-29T11:06:04.248Z","mappedSince":null,"osmTags":{"landuse":"forest"}},"geometry":{"type":"Polygon","coordinates":[[[81.313097,21.183122],[81.313035,21.181662],[81.314005,21.181564],[81.313947,21.180646],[81.312891,21.180785],[81.31279,21.180449],[81.313967,21.180256],[81.314499,21.180261],[81.314682,21.180498],[81.315172,21.181582],[81.315594,21.182974],[81.315196,21.18301],[81.315056,21.182432],[81.31485,21.182593],[81.314668,21.182651],[81.314706,21.183019],[81.313097,21.183122]]]}},{"type":"Feature","id":"OSM-way-454271354","properties":{"id":"OSM-way-454271354","tag":"forest","facilityId":null,"name":null,"cpcbCategory":null,"source":"OpenStreetMap via Overpass bulk load (© OpenStreetMap contributors, ODbL)","refreshedAt":"2026-09-29T11:06:04.248Z","mappedSince":null,"osmTags":{"landuse":"forest"}},"geometry":{"type":"Polygon","coordinates":[[[81.332788,21.184854],[81.33272,21.184451],[81.332812,21.184344],[81.334286,21.184295],[81.334386,21.184523],[81.334847,21.184496],[81.334799,21.184724],[81.334468,21.184724],[81.334314,21.184814],[81.332788,21.184854]]]}},{"type":"Feature","id":"OSM-way-454271357","properties":{"id":"OSM-way-454271357","tag":"forest","facilityId":null,"name":null,"cpcbCategory":null,"source":"OpenStreetMap via Overpass bulk load (© OpenStreetMap contributors, ODbL)","refreshedAt":"2026-09-29T11:06:04.248Z","mappedSince":null,"osmTags":{"landuse":"forest"}},"geometry":{"type":"Polygon","coordinates":[[[81.345462,21.188721],[81.345126,21.188444],[81.344982,21.188122],[81.345054,21.187947],[81.34685,21.188833],[81.34818,21.189702],[81.347992,21.189769],[81.345889,21.188932],[81.345462,21.188721]]]}},{"type":"Feature","id":"OSM-way-454897721","properties":{"id":"OSM-way-454897721","tag":"industrial","facilityId":null,"name":null,"cpcbCategory":null,"source":"OpenStreetMap via Overpass bulk load (© OpenStreetMap contributors, ODbL)","refreshedAt":"2026-09-29T11:06:04.248Z","mappedSince":null,"osmTags":{"landuse":"industrial"}},"geometry":{"type":"Polygon","coordinates":[[[81.394946,21.229656],[81.397451,21.225017],[81.400165,21.220662],[81.40261,21.221918],[81.400134,21.226368],[81.399422,21.227975],[81.398568,21.230614],[81.394946,21.229656]]]}},{"type":"Feature","id":"OSM-way-963215878","properties":{"id":"OSM-way-963215878","tag":"industrial","facilityId":null,"name":null,"cpcbCategory":null,"source":"OpenStreetMap via Overpass bulk load (© OpenStreetMap contributors, ODbL)","refreshedAt":"2026-09-29T11:06:04.248Z","mappedSince":null,"osmTags":{"man_made":"works","product":"steel"}},"geometry":{"type":"Polygon","coordinates":[[[81.382829,21.179695],[81.381521,21.179325],[81.381231,21.17913],[81.379391,21.18063],[81.380045,21.181471],[81.381821,21.183466],[81.382325,21.184132],[81.383227,21.185332],[81.384707,21.186883],[81.387084,21.189104],[81.386434,21.190349],[81.388752,21.192515],[81.390855,21.194635],[81.392115,21.19365],[81.392947,21.193175],[81.394363,21.192415],[81.395302,21.190084],[81.394234,21.189134],[81.395543,21.187993],[81.39505,21.186037],[81.397292,21.182596],[81.395554,21.180595],[81.392566,21.177949],[81.391171,21.176709],[81.391364,21.176213],[81.389369,21.174398],[81.388484,21.174378],[81.386032,21.176774],[81.384299,21.178404],[81.382829,21.179695]]]}},{"type":"Feature","id":"OSM-way-1105708350","properties":{"id":"OSM-way-1105708350","tag":"forest","facilityId":null,"name":null,"cpcbCategory":null,"source":"OpenStreetMap via Overpass bulk load (© OpenStreetMap contributors, ODbL)","refreshedAt":"2026-09-29T11:06:04.248Z","mappedSince":null,"osmTags":{"leaf_type":"mixed","natural":"wood"}},"geometry":{"type":"Polygon","coordinates":[[[81.351173,21.269075],[81.35108,21.267909],[81.352194,21.26783],[81.352267,21.269172],[81.351173,21.269075]]]}},{"type":"Feature","id":"OSM-way-1116339636","properties":{"id":"OSM-way-1116339636","tag":"forest","facilityId":null,"name":null,"cpcbCategory":null,"source":"OpenStreetMap via Overpass bulk load (© OpenStreetMap contributors, ODbL)","refreshedAt":"2026-09-29T11:06:04.248Z","mappedSince":null,"osmTags":{"landuse":"forest"}},"geometry":{"type":"Polygon","coordinates":[[[81.370432,21.20363],[81.370474,21.203462],[81.370554,21.203328],[81.370727,21.203282],[81.371107,21.20327],[81.371825,21.203257],[81.371877,21.203304],[81.371882,21.203423],[81.371921,21.203624],[81.371973,21.203753],[81.372069,21.203887],[81.372195,21.204052],[81.372346,21.204232],[81.372521,21.2044],[81.372656,21.204529],[81.372798,21.20468],[81.372989,21.204882],[81.37301,21.204957],[81.372898,21.205076],[81.372788,21.205256],[81.372707,21.205587],[81.372624,21.205833],[81.372582,21.205949],[81.372483,21.206283],[81.372381,21.206563],[81.37236,21.206582],[81.372076,21.206519],[81.37169,21.206429],[81.371515,21.20641],[81.37127,21.206334],[81.371296,21.206176],[81.371364,21.205996],[81.371413,21.205758],[81.37134,21.205595],[81.371175,21.205537],[81.371175,21.205349],[81.371024,21.205228],[81.370638,21.20516],[81.370175,21.205059],[81.370107,21.204971],[81.370204,21.204558],[81.370321,21.204139],[81.370432,21.20363]]]}},{"type":"Feature","id":"OSM-way-1116339637","properties":{"id":"OSM-way-1116339637","tag":"forest","facilityId":null,"name":null,"cpcbCategory":null,"source":"OpenStreetMap via Overpass bulk load (© OpenStreetMap contributors, ODbL)","refreshedAt":"2026-09-29T11:06:04.248Z","mappedSince":null,"osmTags":{"landuse":"forest"}},"geometry":{"type":"Polygon","coordinates":[[[81.375173,21.207998],[81.375078,21.20757],[81.374912,21.207481],[81.374826,21.207448],[81.373525,21.207542],[81.372273,21.207543],[81.371741,21.207517],[81.371092,21.207446],[81.370425,21.207363],[81.368975,21.207117],[81.368144,21.206946],[81.366647,21.206655],[81.366181,21.206565],[81.36555,21.206445],[81.365031,21.206331],[81.364102,21.206165],[81.363669,21.206072],[81.362957,21.205921],[81.362445,21.205837],[81.362274,21.205801],[81.361527,21.205649],[81.360587,21.205465],[81.360719,21.204953],[81.358928,21.204591],[81.35362,21.203578],[81.351144,21.203072],[81.351206,21.202784],[81.35141,21.201981],[81.350659,21.201884],[81.350408,21.202941],[81.350062,21.203446],[81.350006,21.203442],[81.348835,21.203128],[81.348218,21.203041],[81.346568,21.202748],[81.345305,21.202458],[81.344452,21.201655],[81.344537,21.200792],[81.340016,21.199812],[81.337072,21.199828],[81.336905,21.200663],[81.33821,21.200909],[81.338167,21.201331],[81.339391,21.201698],[81.340487,21.202181],[81.341002,21.202352],[81.346752,21.203478],[81.353635,21.204712],[81.356133,21.205209],[81.359041,21.205797],[81.360666,21.206124],[81.363677,21.206701],[81.36605,21.207175],[81.368802,21.207712],[81.369593,21.207899],[81.370043,21.208021],[81.370647,21.208094],[81.371159,21.208141],[81.371785,21.20819],[81.37251,21.208199],[81.373206,21.208201],[81.373847,21.208176],[81.374525,21.208065],[81.374944,21.20802],[81.375173,21.207998]]]}},{"type":"Feature","id":"OSM-way-1118705608","properties":{"id":"OSM-way-1118705608","tag":"forest","facilityId":null,"name":null,"cpcbCategory":null,"source":"OpenStreetMap via Overpass bulk load (© OpenStreetMap contributors, ODbL)","refreshedAt":"2026-09-29T11:06:04.248Z","mappedSince":null,"osmTags":{"landuse":"forest"}},"geometry":{"type":"Polygon","coordinates":[[[81.341422,21.186964],[81.343925,21.187501],[81.34373,21.18836],[81.341206,21.187722],[81.341422,21.186964]]]}},{"type":"Feature","id":"OSM-way-1138278167","properties":{"id":"OSM-way-1138278167","tag":"forest","facilityId":null,"name":null,"cpcbCategory":null,"source":"OpenStreetMap via Overpass bulk load (© OpenStreetMap contributors, ODbL)","refreshedAt":"2026-09-29T11:06:04.248Z","mappedSince":null,"osmTags":{"landuse":"forest"}},"geometry":{"type":"Polygon","coordinates":[[[81.332947,21.200528],[81.333032,21.200253],[81.33336,21.198972],[81.336014,21.199494],[81.336267,21.198806],[81.331698,21.197979],[81.328739,21.197402],[81.328479,21.1981],[81.327211,21.197883],[81.327021,21.197731],[81.325172,21.197276],[81.324796,21.199122],[81.327809,21.199725],[81.330791,21.200225],[81.332947,21.200528]]]}},{"type":"Feature","id":"OSM-way-1138333971","properties":{"id":"OSM-way-1138333971","tag":"farmland","facilityId":null,"name":null,"cpcbCategory":null,"source":"OpenStreetMap via Overpass bulk load (© OpenStreetMap contributors, ODbL)","refreshedAt":"2026-09-29T11:06:04.248Z","mappedSince":null,"osmTags":{"landuse":"farmland"}},"geometry":{"type":"Polygon","coordinates":[[[81.305987,21.211009],[81.306739,21.211366],[81.306739,21.211597],[81.307028,21.211652],[81.307366,21.211716],[81.307379,21.211719],[81.307664,21.211771],[81.307757,21.211684],[81.307762,21.210878],[81.307813,21.210359],[81.309085,21.210454],[81.309301,21.210249],[81.309301,21.209885],[81.309634,21.209908],[81.309638,21.209453],[81.310089,21.209497],[81.310047,21.209157],[81.309672,21.209124],[81.309501,21.20907],[81.309546,21.208687],[81.310288,21.208708],[81.310253,21.20753],[81.309606,21.207524],[81.309548,21.206746],[81.308599,21.206783],[81.308626,21.2067],[81.30828,21.206705],[81.308258,21.207189],[81.308391,21.207742],[81.308287,21.208273],[81.307702,21.208504],[81.307024,21.208508],[81.305987,21.211009]]]}},{"type":"Feature","id":"OSM-way-1224580452","properties":{"id":"OSM-way-1224580452","tag":"industrial","facilityId":"OSM-way-1224580452","name":"Bhilai Steel 74 MW Captive Power Plant","cpcbCategory":"Red","source":"OpenStreetMap via Overpass bulk load (© OpenStreetMap contributors, ODbL)","refreshedAt":"2026-09-29T11:06:04.248Z","mappedSince":null,"osmTags":{"landuse":"industrial","name:en":"Bhilai Steel 74 MW Captive Power Plant","plant:method":"combustion","plant:output:electricity":"yes","plant:source":"coal","power":"plant","wikipedia":"en:NSPCL Bhilai Power Plant"}},"geometry":{"type":"Polygon","coordinates":[[[81.391392,21.176761],[81.395426,21.180342],[81.395754,21.180044],[81.39705,21.18125],[81.397586,21.181026],[81.397867,21.180469],[81.39618,21.178365],[81.395184,21.177314],[81.393024,21.17508],[81.391392,21.176761]]]}},{"type":"Feature","id":"OSM-way-1265618886","properties":{"id":"OSM-way-1265618886","tag":"industrial","facilityId":null,"name":null,"cpcbCategory":null,"source":"OpenStreetMap via Overpass bulk load (© OpenStreetMap contributors, ODbL)","refreshedAt":"2026-09-29T11:06:04.248Z","mappedSince":null,"osmTags":{"description":"507880","landuse":"industrial","plant:method":"photovoltaic","plant:output:electricity":"yes","plant:source":"solar","plant:type":"solar_photovoltaic_panel","power":"plant"}},"geometry":{"type":"Polygon","coordinates":[[[81.464889,21.236112],[81.465854,21.236762],[81.467456,21.23804],[81.468504,21.238714],[81.469766,21.239712],[81.469921,21.239849],[81.470804,21.23937],[81.471137,21.239211],[81.471105,21.23866],[81.471055,21.238514],[81.471392,21.238473],[81.471522,21.238404],[81.472026,21.237502],[81.473039,21.235949],[81.472907,21.235912],[81.472971,21.235792],[81.470802,21.2345],[81.469527,21.233757],[81.469251,21.233566],[81.468524,21.233062],[81.467873,21.232575],[81.466727,21.231659],[81.465433,21.230687],[81.464469,21.229969],[81.463469,21.229206],[81.462695,21.228497],[81.462143,21.228126],[81.461731,21.2278],[81.46162,21.228076],[81.461257,21.22801],[81.461216,21.228112],[81.46092,21.228074],[81.460674,21.228258],[81.460467,21.228149],[81.458749,21.231074],[81.459426,21.231778],[81.459907,21.232183],[81.461077,21.233078],[81.462239,21.233958],[81.46236,21.234044],[81.46279,21.233844],[81.462917,21.233836],[81.463054,21.234063],[81.463341,21.234454],[81.463681,21.23493],[81.463818,21.23519],[81.463989,21.235643],[81.464889,21.236112]]]}},{"type":"Feature","id":"OSM-way-1340004426","properties":{"id":"OSM-way-1340004426","tag":"industrial","facilityId":null,"name":null,"cpcbCategory":null,"source":"OpenStreetMap via Overpass bulk load (© OpenStreetMap contributors, ODbL)","refreshedAt":"2026-09-29T11:06:04.248Z","mappedSince":null,"osmTags":{"landuse":"industrial"}},"geometry":{"type":"Polygon","coordinates":[[[81.336196,21.152443],[81.3365,21.152553],[81.336525,21.152486],[81.336226,21.152377],[81.336196,21.152443]]]}},{"type":"Feature","id":"OSM-way-1414810273","properties":{"id":"OSM-way-1414810273","tag":"forest","facilityId":null,"name":null,"cpcbCategory":null,"source":"OpenStreetMap via Overpass bulk load (© OpenStreetMap contributors, ODbL)","refreshedAt":"2026-09-29T11:06:04.248Z","mappedSince":null,"osmTags":{"natural":"wood"}},"geometry":{"type":"Polygon","coordinates":[[[81.315988,21.241447],[81.316125,21.241435],[81.316298,21.241454],[81.316295,21.241508],[81.316265,21.241596],[81.316243,21.241717],[81.316268,21.241778],[81.31612,21.241871],[81.31602,21.241967],[81.315881,21.242087],[81.315702,21.242269],[81.315577,21.242386],[81.315428,21.242491],[81.315342,21.242498],[81.315402,21.242414],[81.315486,21.242267],[81.315608,21.242175],[81.315636,21.242011],[81.315732,21.241924],[81.315838,21.241855],[81.315889,21.241758],[81.315875,21.241679],[81.315941,21.241593],[81.315997,21.241564],[81.315986,21.241522],[81.315965,21.241508],[81.315988,21.241447]]]}},{"type":"Feature","id":"OSM-way-1414810274","properties":{"id":"OSM-way-1414810274","tag":"forest","facilityId":null,"name":null,"cpcbCategory":null,"source":"OpenStreetMap via Overpass bulk load (© OpenStreetMap contributors, ODbL)","refreshedAt":"2026-09-29T11:06:04.248Z","mappedSince":null,"osmTags":{"natural":"wood"}},"geometry":{"type":"Polygon","coordinates":[[[81.31638,21.243452],[81.315544,21.242733],[81.315623,21.24259],[81.315775,21.242427],[81.315837,21.242326],[81.316044,21.242197],[81.316143,21.242057],[81.316304,21.241971],[81.316427,21.241989],[81.316557,21.24202],[81.316845,21.241916],[81.317076,21.241797],[81.317193,21.24173],[81.317169,21.241582],[81.317043,21.24136],[81.31701,21.241279],[81.31726,21.24117],[81.317528,21.241075],[81.317521,21.24114],[81.317434,21.241218],[81.317513,21.241239],[81.317609,21.241187],[81.317765,21.241245],[81.317772,21.241369],[81.317769,21.241521],[81.317667,21.241616],[81.317672,21.241698],[81.317842,21.241713],[81.317854,21.241825],[81.317758,21.24197],[81.317724,21.242191],[81.317886,21.242248],[81.317947,21.242381],[81.31804,21.242541],[81.318258,21.242628],[81.31838,21.242712],[81.31845,21.242849],[81.318483,21.243039],[81.318465,21.24325],[81.31841,21.243402],[81.318395,21.243555],[81.318422,21.243741],[81.318567,21.243856],[81.318725,21.243967],[81.318946,21.244033],[81.318994,21.244172],[81.318946,21.244268],[81.318576,21.244215],[81.318032,21.244151],[81.317668,21.244101],[81.317466,21.24409],[81.317232,21.244016],[81.317326,21.243824],[81.317562,21.243656],[81.317784,21.243564],[81.317872,21.243478],[81.317855,21.243366],[81.317792,21.243253],[81.317745,21.243133],[81.317638,21.243041],[81.31746,21.243184],[81.317209,21.243297],[81.317098,21.243428],[81.316926,21.243592],[81.316916,21.243718],[81.316912,21.243838],[81.316806,21.243801],[81.316575,21.243627],[81.31638,21.243452]]]}},{"type":"Feature","id":"OSM-way-1414810275","properties":{"id":"OSM-way-1414810275","tag":"forest","facilityId":null,"name":null,"cpcbCategory":null,"source":"OpenStreetMap via Overpass bulk load (© OpenStreetMap contributors, ODbL)","refreshedAt":"2026-09-29T11:06:04.248Z","mappedSince":null,"osmTags":{"natural":"wood"}},"geometry":{"type":"Polygon","coordinates":[[[81.315439,21.24304],[81.315732,21.243122],[81.316001,21.243271],[81.316566,21.24378],[81.316839,21.244003],[81.316833,21.244071],[81.316696,21.244098],[81.316444,21.244176],[81.316205,21.244218],[81.315793,21.244275],[81.315444,21.244406],[81.315251,21.244478],[81.315177,21.24448],[81.315122,21.244441],[81.314931,21.244398],[81.314776,21.24437],[81.314669,21.244307],[81.314674,21.244134],[81.314795,21.244048],[81.315075,21.244032],[81.315198,21.244176],[81.315336,21.244169],[81.315493,21.24406],[81.315413,21.243955],[81.315268,21.243845],[81.315165,21.243716],[81.31516,21.243541],[81.315327,21.243429],[81.315431,21.243409],[81.315404,21.243311],[81.315362,21.243209],[81.315439,21.24304]]]}},{"type":"Feature","id":"OSM-way-1414810281","properties":{"id":"OSM-way-1414810281","tag":"forest","facilityId":null,"name":null,"cpcbCategory":null,"source":"OpenStreetMap via Overpass bulk load (© OpenStreetMap contributors, ODbL)","refreshedAt":"2026-09-29T11:06:04.248Z","mappedSince":null,"osmTags":{"natural":"wood"}},"geometry":{"type":"Polygon","coordinates":[[[81.317018,21.245194],[81.31721,21.244759],[81.317269,21.24454],[81.317353,21.244399],[81.317761,21.244349],[81.318328,21.244396],[81.318668,21.244473],[81.318543,21.244809],[81.318581,21.244936],[81.31876,21.245016],[81.318762,21.245159],[81.318635,21.245327],[81.318505,21.245462],[81.318319,21.245447],[81.318105,21.245408],[81.317976,21.245441],[81.317776,21.245443],[81.31743,21.24539],[81.317172,21.245279],[81.317018,21.245194]]]}},{"type":"Feature","id":"OSM-way-71890912","properties":{"id":"OSM-way-71890912","tag":"forest","facilityId":null,"name":null,"cpcbCategory":null,"source":"OpenStreetMap via Overpass bulk load (© OpenStreetMap contributors, ODbL)","refreshedAt":"2026-09-29T11:06:04.248Z","mappedSince":null,"osmTags":{"natural":"wood","source":"landsat"}},"geometry":{"type":"Polygon","coordinates":[[[85.154435,21.055709],[85.136292,21.059393],[85.124752,21.064633],[85.11015,21.064536],[85.094889,21.053024],[85.093281,21.039404],[85.069401,21.029002],[85.056665,21.01117],[85.082667,21.006216],[85.113446,21.00572],[85.14104,20.99928],[85.157675,21.000267],[85.154743,21.002613],[85.152945,21.002143],[85.152646,21.004313],[85.15387,21.004706],[85.153871,21.00558],[85.14816,21.006962],[85.142824,21.011128],[85.141351,21.012639],[85.142743,21.013028],[85.14477,21.016915],[85.145357,21.019347],[85.14711,21.020965],[85.14706,21.022381],[85.149086,21.031436],[85.155641,21.033],[85.159093,21.035447],[85.158557,21.036675],[85.159158,21.03764],[85.16081,21.037742],[85.159019,21.038594],[85.159432,21.040182],[85.157943,21.039373],[85.156927,21.039366],[85.154613,21.044156],[85.158078,21.044416],[85.154435,21.055709]]]}},{"type":"Feature","id":"OSM-way-90989955","properties":{"id":"OSM-way-90989955","tag":"industrial","facilityId":null,"name":null,"cpcbCategory":null,"source":"OpenStreetMap via Overpass bulk load (© OpenStreetMap contributors, ODbL)","refreshedAt":"2026-09-29T11:06:04.248Z","mappedSince":null,"osmTags":{"landuse":"industrial"}},"geometry":{"type":"Polygon","coordinates":[[[85.1591,20.910311],[85.156828,20.915694],[85.156294,20.91766],[85.154869,20.92073],[85.157862,20.921267],[85.161709,20.927131],[85.162655,20.927317],[85.165195,20.920292],[85.167038,20.919594],[85.170425,20.910336],[85.161261,20.907452],[85.159957,20.910591],[85.1591,20.910311]]]}},{"type":"Feature","id":"OSM-way-90989998","properties":{"id":"OSM-way-90989998","tag":"industrial","facilityId":"OSM-way-90989998","name":"Angul Smelter power station","cpcbCategory":"Red","source":"OpenStreetMap via Overpass bulk load (© OpenStreetMap contributors, ODbL)","refreshedAt":"2026-09-29T11:06:04.248Z","mappedSince":null,"osmTags":{"landuse":"industrial","name":"Angul Smelter power station","operator":"National Aluminum Co Ltd","plant:method":"combustion","plant:output:electricity":"1200 MW","plant:source":"coal","power":"plant","ref":"https://www.gem.wiki/Angul_Smelter_power_station","start_date":"1985"}},"geometry":{"type":"Polygon","coordinates":[[[85.18602,20.86315],[85.194649,20.863553],[85.19435,20.858343],[85.195943,20.856513],[85.202348,20.855149],[85.202448,20.844046],[85.200689,20.842805],[85.191231,20.845442],[85.185124,20.845473],[85.185124,20.856979],[85.186219,20.857041],[85.18602,20.86315]]]}},{"type":"Feature","id":"OSM-way-231258311","properties":{"id":"OSM-way-231258311","tag":"industrial","facilityId":"OSM-way-231258311","name":"Talcher Thermal Power Station","cpcbCategory":"Red","source":"OpenStreetMap via Overpass bulk load (© OpenStreetMap contributors, ODbL)","refreshedAt":"2026-09-29T11:06:04.248Z","mappedSince":null,"osmTags":{"landuse":"industrial","name":"Talcher Thermal Power Station","operator":"NTPC","operator:wikidata":"Q1967805","plant:method":"combustion","plant:output:electricity":"460 MW","plant:source":"coal","power":"plant","wikidata":"Q7679081"}},"geometry":{"type":"Polygon","coordinates":[[[85.209565,20.908166],[85.211576,20.912651],[85.212126,20.912736],[85.212135,20.912844],[85.212336,20.913097],[85.211767,20.913732],[85.211358,20.914103],[85.211337,20.914387],[85.210427,20.915749],[85.209675,20.917101],[85.209105,20.918056],[85.207755,20.916717],[85.207207,20.916283],[85.207258,20.915711],[85.206756,20.914833],[85.206595,20.914369],[85.205569,20.91325],[85.205354,20.912801],[85.205236,20.912297],[85.2046,20.911472],[85.204197,20.910581],[85.2041,20.91019],[85.207346,20.909001],[85.209565,20.908166]]]}},{"type":"Feature","id":"OSM-way-396925739","properties":{"id":"OSM-way-396925739","tag":"industrial","facilityId":"OSM-way-396925739","name":"Kamalanga Thermal Power Plant","cpcbCategory":"Red","source":"OpenStreetMap via Overpass bulk load (© OpenStreetMap contributors, ODbL)","refreshedAt":"2026-09-29T11:06:04.248Z","mappedSince":null,"osmTags":{"landuse":"industrial","name":"Kamalanga Thermal Power Plant","operator":"GMR Energy","plant:method":"combustion","plant:output:electricity":"1050 MW","plant:source":"coal","power":"plant","wikidata":"Q11979976","wikipedia":"en:Kamalanga Thermal Power Plant"}},"geometry":{"type":"Polygon","coordinates":[[[85.257038,20.874101],[85.257365,20.874442],[85.257579,20.874816],[85.257947,20.875395],[85.258454,20.876025],[85.258712,20.876125],[85.259933,20.875831],[85.260763,20.875519],[85.261622,20.875481],[85.262096,20.875337],[85.262524,20.875252],[85.262946,20.875281],[85.264431,20.875287],[85.264512,20.875346],[85.266552,20.875498],[85.266771,20.875514],[85.267194,20.87559],[85.267953,20.875644],[85.268381,20.875719],[85.268923,20.875757],[85.269407,20.875741],[85.269586,20.875719],[85.26967,20.875154],[85.270099,20.874136],[85.270571,20.873311],[85.27062,20.872564],[85.271396,20.872245],[85.272558,20.872112],[85.273006,20.871988],[85.273108,20.871855],[85.272972,20.870778],[85.272992,20.870448],[85.273198,20.869826],[85.273377,20.869531],[85.273687,20.869193],[85.274255,20.867401],[85.274205,20.866532],[85.274313,20.866083],[85.274495,20.865217],[85.274452,20.865196],[85.274589,20.864013],[85.274169,20.863334],[85.271527,20.859294],[85.270742,20.858044],[85.269916,20.856823],[85.269291,20.855868],[85.267979,20.855806],[85.267333,20.85517],[85.267203,20.85488],[85.267087,20.854352],[85.265874,20.854347],[85.265995,20.855148],[85.265682,20.855216],[85.265653,20.855849],[85.264932,20.855941],[85.263253,20.855711],[85.26155,20.855386],[85.259989,20.85662],[85.258645,20.857689],[85.256262,20.859375],[85.256441,20.861272],[85.256059,20.862011],[85.256091,20.862834],[85.257756,20.863881],[85.258133,20.864171],[85.257527,20.864471],[85.257015,20.864533],[85.256751,20.86472],[85.256386,20.864763],[85.256485,20.865175],[85.25649,20.86679],[85.256655,20.868235],[85.257052,20.869583],[85.256968,20.869964],[85.257099,20.870809],[85.257151,20.872021],[85.257058,20.872392],[85.257081,20.873239],[85.257038,20.874101]]]}},{"type":"Feature","id":"OSM-way-835422583","properties":{"id":"OSM-way-835422583","tag":"industrial","facilityId":null,"name":null,"cpcbCategory":null,"source":"OpenStreetMap via Overpass bulk load (© OpenStreetMap contributors, ODbL)","refreshedAt":"2026-09-29T11:06:04.248Z","mappedSince":null,"osmTags":{"landuse":"industrial"}},"geometry":{"type":"Polygon","coordinates":[[[85.272542,20.98357],[85.273755,20.985603],[85.273143,20.985984],[85.273615,20.986725],[85.275804,20.985823],[85.277435,20.985543],[85.278819,20.985523],[85.277767,20.98381],[85.276566,20.983479],[85.275675,20.982077],[85.275696,20.981326],[85.274849,20.981546],[85.274077,20.982377],[85.273712,20.982948],[85.272542,20.98357]]]}},{"type":"Feature","id":"OSM-way-928075487","properties":{"id":"OSM-way-928075487","tag":"industrial","facilityId":null,"name":null,"cpcbCategory":null,"source":"OpenStreetMap via Overpass bulk load (© OpenStreetMap contributors, ODbL)","refreshedAt":"2026-09-29T11:06:04.248Z","mappedSince":null,"osmTags":{"landuse":"industrial"}},"geometry":{"type":"Polygon","coordinates":[[[85.208394,20.959045],[85.208994,20.960856],[85.213039,20.959689],[85.212439,20.957878],[85.208394,20.959045]]]}},{"type":"Feature","id":"OSM-way-928075503","properties":{"id":"OSM-way-928075503","tag":"industrial","facilityId":null,"name":null,"cpcbCategory":null,"source":"OpenStreetMap via Overpass bulk load (© OpenStreetMap contributors, ODbL)","refreshedAt":"2026-09-29T11:06:04.248Z","mappedSince":null,"osmTags":{"landuse":"industrial"}},"geometry":{"type":"Polygon","coordinates":[[[85.103381,20.914544],[85.108294,20.910866],[85.108531,20.910986],[85.106986,20.913953],[85.104593,20.915897],[85.103617,20.916148],[85.103381,20.914544]]]}},{"type":"Feature","id":"OSM-way-928075504","properties":{"id":"OSM-way-928075504","tag":"quarry","facilityId":null,"name":null,"cpcbCategory":null,"source":"OpenStreetMap via Overpass bulk load (© OpenStreetMap contributors, ODbL)","refreshedAt":"2026-09-29T11:06:04.248Z","mappedSince":null,"osmTags":{"landuse":"quarry"}},"geometry":{"type":"Polygon","coordinates":[[[85.129734,20.926989],[85.143814,20.926729],[85.145274,20.925003],[85.157308,20.931107],[85.159573,20.935815],[85.15357,20.939918],[85.148442,20.939777],[85.143678,20.941741],[85.139472,20.942663],[85.132928,20.939597],[85.132005,20.93625],[85.130417,20.932983],[85.128636,20.930659],[85.129734,20.926989]]]}},{"type":"Feature","id":"OSM-way-928075506","properties":{"id":"OSM-way-928075506","tag":"quarry","facilityId":"OSM-way-928075506","name":"Ananta coal mine","cpcbCategory":"Red","source":"OpenStreetMap via Overpass bulk load (© OpenStreetMap contributors, ODbL)","refreshedAt":"2026-09-29T11:06:04.248Z","mappedSince":null,"osmTags":{"description":"Bharatpur coal mine somewhere inside","landuse":"quarry","name":"Ananta coal mine","operator":"Mahanadi Coalfields Limited (MCL)","resource":"coal","source":"https://www.gem.wiki/Ananta_coal_mine"}},"geometry":{"type":"Polygon","coordinates":[[[85.162196,20.979152],[85.164256,20.982398],[85.160565,20.986164],[85.153055,20.984722],[85.14018,20.982317],[85.137423,20.982097],[85.131726,20.985132],[85.129162,20.983129],[85.129366,20.975966],[85.127349,20.972139],[85.121341,20.968613],[85.116234,20.971819],[85.114603,20.968693],[85.108037,20.969835],[85.105376,20.968453],[85.105805,20.960278],[85.10529,20.953184],[85.107071,20.953124],[85.113916,20.951922],[85.122113,20.948835],[85.124881,20.948635],[85.127306,20.949837],[85.131898,20.95116],[85.13164,20.956691],[85.132134,20.957793],[85.133636,20.958454],[85.146425,20.954366],[85.147562,20.955128],[85.153007,20.954145],[85.157607,20.953316],[85.159707,20.958634],[85.155501,20.965447],[85.163011,20.966048],[85.1649,20.972861],[85.16387,20.975185],[85.164084,20.97839],[85.162196,20.979152]]]}},{"type":"Feature","id":"OSM-way-982272879","properties":{"id":"OSM-way-982272879","tag":"quarry","facilityId":"OSM-way-982272879","name":"Lingaraj Coal Mine","cpcbCategory":"Red","source":"OpenStreetMap via Overpass bulk load (© OpenStreetMap contributors, ODbL)","refreshedAt":"2026-09-29T11:06:04.248Z","mappedSince":null,"osmTags":{"landuse":"quarry","name":"Lingaraj Coal Mine","operator":"Mahanadi Coalfields Limited (MCL)","resource":"coal","source":"https://www.gem.wiki/Lingaraj_coal_mine"}},"geometry":{"type":"Polygon","coordinates":[[[85.167818,20.966048],[85.161467,20.96152],[85.166359,20.958474],[85.180735,20.956751],[85.191894,20.957272],[85.197172,20.958113],[85.199318,20.963283],[85.195971,20.965287],[85.189919,20.96705],[85.186272,20.964606],[85.178933,20.966569],[85.167818,20.966048]]]}},{"type":"Feature","id":"OSM-way-986314149","properties":{"id":"OSM-way-986314149","tag":"quarry","facilityId":"OSM-way-986314149","name":"Nandira","cpcbCategory":"Red","source":"OpenStreetMap via Overpass bulk load (© OpenStreetMap contributors, ODbL)","refreshedAt":"2026-09-29T11:06:04.248Z","mappedSince":null,"osmTags":{"description":"underground mine","industrial":"mine","landuse":"industrial","name":"Nandira","operator":"MCL","resource":"coal"}},"geometry":{"type":"Polygon","coordinates":[[[85.123288,20.928309],[85.123018,20.928054],[85.122752,20.927803],[85.122854,20.927437],[85.123894,20.926445],[85.124543,20.925904],[85.125734,20.927026],[85.126228,20.927542],[85.124248,20.929005],[85.123288,20.928309]]]}},{"type":"Feature","id":"OSM-way-988893557","properties":{"id":"OSM-way-988893557","tag":"quarry","facilityId":"OSM-way-988893557","name":"Bhubhaneshwari coal mine","cpcbCategory":"Red","source":"OpenStreetMap via Overpass bulk load (© OpenStreetMap contributors, ODbL)","refreshedAt":"2026-09-29T11:06:04.248Z","mappedSince":null,"osmTags":{"landuse":"quarry","name":"Bhubhaneshwari coal mine","operator":"Mahanadi Coalfields Limited (MCL)","resource":"coal"}},"geometry":{"type":"Polygon","coordinates":[[[85.165179,20.978751],[85.171745,20.978911],[85.174642,20.975986],[85.17653,20.973001],[85.178225,20.970136],[85.178912,20.968913],[85.178654,20.967872],[85.175521,20.968954],[85.172732,20.967431],[85.166874,20.96719],[85.163312,20.965808],[85.164943,20.971097],[85.166573,20.974303],[85.1652,20.975786],[85.165071,20.97823],[85.165179,20.978751]]]}},{"type":"Feature","id":"OSM-way-1021846869","properties":{"id":"OSM-way-1021846869","tag":"quarry","facilityId":null,"name":null,"cpcbCategory":null,"source":"OpenStreetMap via Overpass bulk load (© OpenStreetMap contributors, ODbL)","refreshedAt":"2026-09-29T11:06:04.248Z","mappedSince":null,"osmTags":{"industrial":"mine","landuse":"industrial"}},"geometry":{"type":"Polygon","coordinates":[[[85.142991,20.942884],[85.148635,20.940839],[85.152841,20.940419],[85.158763,20.936631],[85.159578,20.937773],[85.161145,20.939797],[85.155437,20.942262],[85.154986,20.943585],[85.154128,20.943685],[85.15269,20.943164],[85.15136,20.943745],[85.148764,20.944246],[85.142863,20.944427],[85.142991,20.942884]]]}},{"type":"Feature","id":"OSM-way-1021846871","properties":{"id":"OSM-way-1021846871","tag":"quarry","facilityId":null,"name":null,"cpcbCategory":null,"source":"OpenStreetMap via Overpass bulk load (© OpenStreetMap contributors, ODbL)","refreshedAt":"2026-09-29T11:06:04.248Z","mappedSince":null,"osmTags":{"industrial":"mine","landuse":"industrial"}},"geometry":{"type":"Polygon","coordinates":[[[85.163527,20.929717],[85.165651,20.929697],[85.166327,20.929586],[85.167378,20.929176],[85.17109,20.927081],[85.170457,20.925408],[85.170747,20.924676],[85.170865,20.923694],[85.170833,20.923063],[85.166391,20.923243],[85.164685,20.924546],[85.163258,20.926139],[85.162797,20.928143],[85.163527,20.929717]]]}},{"type":"Feature","id":"OSM-way-195828543","properties":{"id":"OSM-way-195828543","tag":"industrial","facilityId":null,"name":null,"cpcbCategory":null,"source":"OpenStreetMap via Overpass bulk load (© OpenStreetMap contributors, ODbL)","refreshedAt":"2026-09-29T11:06:04.248Z","mappedSince":null,"osmTags":{"landuse":"industrial"}},"geometry":{"type":"Polygon","coordinates":[[[82.647187,24.124365],[82.647109,24.126229],[82.645693,24.126165],[82.645636,24.127381],[82.64705,24.12744],[82.647047,24.127536],[82.648751,24.1276],[82.649847,24.127644],[82.652456,24.127744],[82.652714,24.124598],[82.648576,24.124424],[82.647187,24.124365]]]}},{"type":"Feature","id":"OSM-way-195828544","properties":{"id":"OSM-way-195828544","tag":"industrial","facilityId":null,"name":null,"cpcbCategory":null,"source":"OpenStreetMap via Overpass bulk load (© OpenStreetMap contributors, ODbL)","refreshedAt":"2026-09-29T11:06:04.248Z","mappedSince":null,"osmTags":{"landuse":"industrial"}},"geometry":{"type":"Polygon","coordinates":[[[82.643275,24.124161],[82.640675,24.124081],[82.640631,24.125278],[82.640424,24.125272],[82.640401,24.125926],[82.643207,24.126012],[82.643275,24.124161]]]}},{"type":"Feature","id":"OSM-way-196019571","properties":{"id":"OSM-way-196019571","tag":"industrial","facilityId":"OSM-way-196019571","name":"Vindhyachal","cpcbCategory":"Red","source":"OpenStreetMap via Overpass bulk load (© OpenStreetMap contributors, ODbL)","refreshedAt":"2026-09-29T11:06:04.248Z","mappedSince":null,"osmTags":{"barrier":"wall","landuse":"industrial","name":"Vindhyachal","name:fr":"Centrale de Vindhyachal","operator":"NTPC","operator:wikidata":"Q1967805","plant:method":"combustion","plant:output:electricity":"4760 MW","plant:source":"coal","power":"plant","wikidata":"Q7932339"}},"geometry":{"type":"Polygon","coordinates":[[[82.660119,24.098222],[82.660202,24.098323],[82.661157,24.098372],[82.661175,24.098426],[82.661143,24.098465],[82.660124,24.098416],[82.660087,24.098438],[82.660076,24.099591],[82.661047,24.09966],[82.66113,24.099762],[82.661147,24.09985],[82.661143,24.099949],[82.661138,24.100029],[82.661237,24.100029],[82.661243,24.10025],[82.661066,24.100242],[82.660661,24.099998],[82.659816,24.099975],[82.659845,24.099535],[82.659684,24.099483],[82.659481,24.099511],[82.657442,24.099489],[82.657461,24.098846],[82.654645,24.098798],[82.654502,24.098884],[82.654429,24.102544],[82.654452,24.102836],[82.65727,24.103374],[82.657898,24.103526],[82.659164,24.103775],[82.659879,24.103938],[82.661122,24.104283],[82.661932,24.104494],[82.664438,24.105191],[82.66536,24.105446],[82.665298,24.105743],[82.665313,24.106044],[82.665425,24.106058],[82.665389,24.106478],[82.665429,24.107774],[82.665567,24.108279],[82.665702,24.108588],[82.665836,24.108783],[82.66614,24.109629],[82.666404,24.11025],[82.666429,24.11054],[82.666556,24.110755],[82.666955,24.111089],[82.667577,24.111574],[82.668161,24.111881],[82.668411,24.112013],[82.668596,24.111914],[82.668639,24.111914],[82.668845,24.112003],[82.669328,24.11213],[82.669548,24.112338],[82.669791,24.112765],[82.669932,24.113087],[82.669824,24.113122],[82.670064,24.113646],[82.670109,24.113693],[82.668643,24.114713],[82.668978,24.115905],[82.670248,24.116134],[82.670555,24.116597],[82.670692,24.116986],[82.670726,24.117095],[82.670439,24.117512],[82.67004,24.117791],[82.669625,24.118136],[82.669047,24.118625],[82.668216,24.119375],[82.667272,24.120239],[82.666728,24.120734],[82.666955,24.12093],[82.666999,24.120893],[82.667042,24.12093],[82.667063,24.120947],[82.667091,24.120971],[82.667129,24.121001],[82.667242,24.121097],[82.667683,24.120559],[82.667706,24.120577],[82.667765,24.120619],[82.669204,24.119292],[82.670754,24.117881],[82.670781,24.117874],[82.671155,24.117506],[82.671191,24.1175],[82.671473,24.117239],[82.67149,24.117202],[82.671718,24.116981],[82.67174,24.116881],[82.672038,24.116623],[82.673359,24.115402],[82.676386,24.112522],[82.676691,24.112238],[82.677564,24.111444],[82.6806,24.108647],[82.681358,24.107964],[82.681906,24.107603],[82.681689,24.107207],[82.681938,24.106999],[82.682369,24.106653],[82.682653,24.106237],[82.683096,24.105579],[82.683137,24.105387],[82.683131,24.105349],[82.683119,24.105333],[82.683184,24.104782],[82.683443,24.104346],[82.683629,24.104159],[82.683921,24.103886],[82.686214,24.103508],[82.686831,24.103534],[82.686902,24.103524],[82.687992,24.103376],[82.68896,24.104051],[82.689089,24.104232],[82.689204,24.104185],[82.689248,24.104167],[82.689303,24.104145],[82.68935,24.104126],[82.689411,24.104101],[82.689468,24.104078],[82.689529,24.104053],[82.689545,24.104046],[82.689509,24.103731],[82.689727,24.103004],[82.69012,24.102237],[82.690264,24.10215],[82.690381,24.10208],[82.690627,24.101935],[82.690915,24.101701],[82.69096,24.101662],[82.691121,24.101521],[82.691746,24.100914],[82.692564,24.100122],[82.692904,24.09976],[82.693202,24.099381],[82.693389,24.099025],[82.693566,24.098567],[82.693651,24.09806],[82.693691,24.097748],[82.693693,24.097333],[82.693651,24.097017],[82.693537,24.096563],[82.693396,24.09616],[82.69325,24.095905],[82.693056,24.095695],[82.691883,24.09509],[82.69174,24.094969],[82.691187,24.094691],[82.690802,24.09527],[82.690627,24.09518],[82.690408,24.095489],[82.69024,24.095414],[82.690042,24.095788],[82.689534,24.095471],[82.688524,24.094821],[82.685656,24.092991],[82.683363,24.091497],[82.681782,24.090484],[82.68155,24.090248],[82.680584,24.089283],[82.677014,24.089203],[82.670694,24.089071],[82.668622,24.089061],[82.668436,24.089061],[82.66815,24.089059],[82.667771,24.088967],[82.667269,24.088968],[82.667178,24.093238],[82.666943,24.093237],[82.666444,24.093242],[82.666453,24.093865],[82.666398,24.094089],[82.663828,24.094011],[82.661625,24.094053],[82.66126,24.094225],[82.660278,24.094188],[82.660119,24.098222]]]}},{"type":"Feature","id":"OSM-way-196411761","properties":{"id":"OSM-way-196411761","tag":"industrial","facilityId":"OSM-way-196411761","name":"Singrauli Super Thermal Power Station","cpcbCategory":"Red","source":"OpenStreetMap via Overpass bulk load (© OpenStreetMap contributors, ODbL)","refreshedAt":"2026-09-29T11:06:04.248Z","mappedSince":null,"osmTags":{"barrier":"wall","landuse":"industrial","name":"Singrauli Super Thermal Power Station","name:fr":"Centrale de Singrauli","operator":"NTPC","operator:wikidata":"Q1967805","plant:method":"combustion","plant:output:electricity":"2000 MW","plant:source":"coal","power":"plant","wikidata":"Q12000573"}},"geometry":{"type":"Polygon","coordinates":[[[82.71721,24.105391],[82.715355,24.10584],[82.714134,24.106142],[82.713239,24.10651],[82.712508,24.107025],[82.711884,24.107609],[82.711811,24.107617],[82.710795,24.108758],[82.710472,24.108957],[82.710182,24.10876],[82.70923,24.109202],[82.707663,24.10945],[82.707273,24.109504],[82.707179,24.109472],[82.706361,24.109732],[82.705699,24.109951],[82.705412,24.110002],[82.704539,24.109717],[82.702589,24.109008],[82.701993,24.109644],[82.701269,24.110031],[82.701019,24.10999],[82.699959,24.110416],[82.700533,24.11205],[82.700238,24.112242],[82.700193,24.112457],[82.698864,24.112283],[82.698453,24.111653],[82.698071,24.111812],[82.697918,24.111424],[82.696201,24.112191],[82.693784,24.111222],[82.693351,24.111099],[82.693202,24.111083],[82.69279,24.110696],[82.692554,24.109969],[82.692091,24.109101],[82.691879,24.108723],[82.691736,24.108224],[82.691664,24.107719],[82.691626,24.107221],[82.691408,24.107064],[82.691704,24.106612],[82.692013,24.106322],[82.692441,24.106048],[82.693011,24.105792],[82.693339,24.105574],[82.693742,24.105198],[82.694062,24.104916],[82.694291,24.10458],[82.694645,24.103834],[82.694998,24.103252],[82.69539,24.102936],[82.695866,24.102688],[82.697584,24.101915],[82.699692,24.100977],[82.70159,24.100172],[82.701963,24.099997],[82.702222,24.099824],[82.704537,24.098778],[82.706029,24.098201],[82.706398,24.098312],[82.714501,24.100943],[82.718012,24.102099],[82.72015,24.102786],[82.720357,24.102968],[82.720573,24.103143],[82.720696,24.103471],[82.720572,24.104174],[82.721595,24.104322],[82.721619,24.104356],[82.721626,24.10546],[82.721619,24.105696],[82.720623,24.105509],[82.719114,24.104738],[82.71805,24.104923],[82.717999,24.104891],[82.718063,24.104702],[82.716854,24.104655],[82.716364,24.10466],[82.715751,24.104474],[82.715682,24.10467],[82.715657,24.104738],[82.717224,24.105254],[82.717267,24.105303],[82.717238,24.105367],[82.71721,24.105391]]]}},{"type":"Feature","id":"OSM-way-196441523","properties":{"id":"OSM-way-196441523","tag":"industrial","facilityId":"OSM-way-196441523","name":"Field WorkShop","cpcbCategory":null,"source":"OpenStreetMap via Overpass bulk load (© OpenStreetMap contributors, ODbL)","refreshedAt":"2026-09-29T11:06:04.248Z","mappedSince":null,"osmTags":{"man_made":"works","name":"Field WorkShop"}},"geometry":{"type":"Polygon","coordinates":[[[82.65633,24.136887],[82.654899,24.139152],[82.656223,24.139849],[82.65653,24.139363],[82.657618,24.139935],[82.658743,24.138157],[82.65633,24.136887]]]}},{"type":"Feature","id":"OSM-way-196527355","properties":{"id":"OSM-way-196527355","tag":"quarry","facilityId":"OSM-way-196527355","name":"Khadia Mine","cpcbCategory":"Red","source":"OpenStreetMap via Overpass bulk load (© OpenStreetMap contributors, ODbL)","refreshedAt":"2026-09-29T11:06:04.248Z","mappedSince":null,"osmTags":{"landuse":"quarry","name":"Khadia Mine","operator":"Northern Coalfields Limited","resource":"coal"}},"geometry":{"type":"Polygon","coordinates":[[[82.681564,24.125989],[82.679433,24.127739],[82.679311,24.128766],[82.679601,24.129947],[82.680559,24.130947],[82.683786,24.1331],[82.688519,24.134336],[82.693206,24.13653],[82.696462,24.138071],[82.701667,24.140071],[82.70398,24.139793],[82.706339,24.139016],[82.708835,24.138849],[82.710442,24.143464],[82.717648,24.14177],[82.718778,24.139218],[82.72617,24.137565],[82.726047,24.134516],[82.728255,24.134444],[82.737887,24.132279],[82.737951,24.127485],[82.738892,24.119513],[82.733823,24.119953],[82.726516,24.120641],[82.721254,24.12511],[82.720748,24.12671],[82.719403,24.127457],[82.718379,24.126211],[82.717481,24.125037],[82.716387,24.124535],[82.714731,24.124506],[82.713322,24.124747],[82.712117,24.125256],[82.711483,24.125895],[82.711548,24.126799],[82.711375,24.127359],[82.709998,24.127702],[82.708847,24.127437],[82.707458,24.126887],[82.705973,24.126946],[82.703789,24.127732],[82.698602,24.128282],[82.696149,24.12781],[82.695159,24.126936],[82.694481,24.126259],[82.693437,24.126092],[82.693028,24.12566],[82.685151,24.125611],[82.681564,24.125989]]]}},{"type":"Feature","id":"OSM-way-196935284","properties":{"id":"OSM-way-196935284","tag":"quarry","facilityId":"OSM-way-196935284","name":"Bina Mine","cpcbCategory":"Red","source":"OpenStreetMap via Overpass bulk load (© OpenStreetMap contributors, ODbL)","refreshedAt":"2026-09-29T11:06:04.248Z","mappedSince":null,"osmTags":{"landuse":"quarry","name":"Bina Mine","operator":"Northern Coalfields Limited","resource":"coal","source":"https://www.gem.wiki/Bina_coal_mine"}},"geometry":{"type":"Polygon","coordinates":[[[82.756911,24.165844],[82.755868,24.166939],[82.751392,24.167708],[82.748573,24.168662],[82.745912,24.168241],[82.744715,24.168809],[82.742779,24.168828],[82.741567,24.170336],[82.742329,24.171452],[82.741083,24.171701],[82.739796,24.171243],[82.737583,24.167304],[82.732768,24.161416],[82.73146,24.157195],[82.732215,24.153974],[82.732524,24.152427],[82.734259,24.150631],[82.739904,24.146286],[82.741885,24.142584],[82.744586,24.141503],[82.746105,24.139156],[82.75207,24.13945],[82.755289,24.139078],[82.75677,24.137081],[82.761447,24.137884],[82.763732,24.138906],[82.760992,24.14688],[82.761961,24.156916],[82.76209,24.161472],[82.761972,24.164055],[82.760346,24.165695],[82.756911,24.165844]]]}},{"type":"Feature","id":"OSM-way-196937143","properties":{"id":"OSM-way-196937143","tag":"forest","facilityId":null,"name":null,"cpcbCategory":null,"source":"OpenStreetMap via Overpass bulk load (© OpenStreetMap contributors, ODbL)","refreshedAt":"2026-09-29T11:06:04.248Z","mappedSince":null,"osmTags":{"natural":"wood"}},"geometry":{"type":"Polygon","coordinates":[[[82.745633,24.139195],[82.746105,24.139156],[82.744586,24.141503],[82.741885,24.142584],[82.739904,24.146286],[82.734259,24.150631],[82.732524,24.152427],[82.732215,24.153974],[82.73146,24.157195],[82.732768,24.161416],[82.737583,24.167304],[82.739796,24.171243],[82.741083,24.171701],[82.739678,24.172102],[82.744543,24.18082],[82.747948,24.186769],[82.749815,24.186667],[82.75359,24.186662],[82.755082,24.188736],[82.760785,24.195058],[82.761018,24.197539],[82.755361,24.198418],[82.753325,24.199297],[82.750855,24.198531],[82.748663,24.197057],[82.74714,24.193683],[82.744623,24.195016],[82.744296,24.197752],[82.742556,24.199126],[82.741359,24.201125],[82.738189,24.201763],[82.734086,24.20199],[82.731016,24.197508],[82.727816,24.197474],[82.722027,24.198021],[82.719976,24.195852],[82.718981,24.191401],[82.72341,24.189629],[82.723224,24.188325],[82.705958,24.191429],[82.703223,24.18315],[82.704529,24.180018],[82.700737,24.181832],[82.697256,24.180372],[82.694971,24.17833],[82.694692,24.175693],[82.69205,24.174715],[82.691055,24.174389],[82.695189,24.172858],[82.696821,24.171837],[82.696044,24.168746],[82.694225,24.167187],[82.711687,24.149926],[82.715249,24.149534],[82.716107,24.148986],[82.715893,24.148124],[82.715077,24.148438],[82.713275,24.147693],[82.712417,24.144639],[82.71379,24.143777],[82.718811,24.142015],[82.720099,24.141036],[82.727051,24.138256],[82.728681,24.137237],[82.727974,24.136229],[82.727748,24.135299],[82.728349,24.13522],[82.729593,24.13664],[82.732286,24.139959],[82.733917,24.139783],[82.734025,24.139078],[82.734818,24.138432],[82.734539,24.136532],[82.733273,24.136728],[82.73293,24.134378],[82.735441,24.13334],[82.738423,24.132694],[82.738981,24.13148],[82.740011,24.131539],[82.740719,24.131284],[82.74132,24.131989],[82.7419,24.131833],[82.74205,24.132303],[82.743166,24.132244],[82.744389,24.133399],[82.74456,24.133908],[82.74411,24.134222],[82.743723,24.137149],[82.745633,24.139195]]]}},{"type":"Feature","id":"OSM-way-197159959","properties":{"id":"OSM-way-197159959","tag":"quarry","facilityId":"OSM-way-197159959","name":"Amlohri Coal Mine","cpcbCategory":"Red","source":"OpenStreetMap via Overpass bulk load (© OpenStreetMap contributors, ODbL)","refreshedAt":"2026-09-29T11:06:04.248Z","mappedSince":null,"osmTags":{"landuse":"quarry","name":"Amlohri Coal Mine","operator":"Northern Coalfields Limited","resource":"coal","source":"https://www.gem.wiki/Amlohri_coal_mine"}},"geometry":{"type":"Polygon","coordinates":[[[82.596175,24.154088],[82.602238,24.146728],[82.613858,24.133757],[82.614575,24.13222],[82.614686,24.130398],[82.613248,24.128733],[82.613506,24.126481],[82.61539,24.122792],[82.616125,24.118985],[82.61318,24.117307],[82.606385,24.116484],[82.60299,24.116133],[82.601692,24.1161],[82.600614,24.116166],[82.599703,24.11642],[82.598228,24.117294],[82.595606,24.119196],[82.594465,24.119731],[82.592811,24.120085],[82.591351,24.119984],[82.590064,24.119598],[82.587786,24.120752],[82.58833,24.122084],[82.589031,24.123011],[82.59012,24.123016],[82.590617,24.12323],[82.591313,24.125948],[82.592082,24.126683],[82.591752,24.128217],[82.591459,24.128503],[82.590873,24.128842],[82.589659,24.128814],[82.586901,24.128355],[82.586436,24.127453],[82.585687,24.126096],[82.584411,24.125069],[82.582997,24.123512],[82.582369,24.123273],[82.581276,24.121454],[82.580904,24.120417],[82.581689,24.120081],[82.581919,24.118969],[82.581897,24.11768],[82.57974,24.117354],[82.577668,24.119122],[82.575449,24.119773],[82.574488,24.124357],[82.574074,24.126653],[82.573967,24.128311],[82.574364,24.131017],[82.576179,24.133793],[82.57789,24.136491],[82.575996,24.140273],[82.576802,24.141199],[82.577327,24.141726],[82.577212,24.143354],[82.583342,24.145733],[82.58919,24.147714],[82.589868,24.15089],[82.594032,24.152587],[82.596175,24.154088]]]}},{"type":"Feature","id":"OSM-way-197159960","properties":{"id":"OSM-way-197159960","tag":"quarry","facilityId":"OSM-way-197159960","name":"Dudhichua Mine","cpcbCategory":"Red","source":"OpenStreetMap via Overpass bulk load (© OpenStreetMap contributors, ODbL)","refreshedAt":"2026-09-29T11:06:04.248Z","mappedSince":null,"osmTags":{"landuse":"quarry","name":"Dudhichua Mine","operator":"Northern Coalfields Limited","resource":"coal"}},"geometry":{"type":"Polygon","coordinates":[[[82.691646,24.162417],[82.679451,24.169867],[82.675038,24.163603],[82.670948,24.158085],[82.667118,24.155357],[82.669939,24.152971],[82.674063,24.149569],[82.677457,24.148194],[82.680561,24.148861],[82.683742,24.147361],[82.682372,24.144653],[82.678765,24.13932],[82.677442,24.136293],[82.677259,24.134432],[82.678796,24.133376],[82.681779,24.133876],[82.683674,24.134493],[82.685127,24.134549],[82.687684,24.135479],[82.693627,24.137222],[82.695948,24.138909],[82.699859,24.140138],[82.704386,24.142298],[82.705573,24.14336],[82.706644,24.145794],[82.710722,24.14785],[82.695508,24.164805],[82.691646,24.162417]]]}},{"type":"Feature","id":"OSM-way-197159969","properties":{"id":"OSM-way-197159969","tag":"quarry","facilityId":"OSM-way-197159969","name":"Jayant Mine","cpcbCategory":"Red","source":"OpenStreetMap via Overpass bulk load (© OpenStreetMap contributors, ODbL)","refreshedAt":"2026-09-29T11:06:04.248Z","mappedSince":null,"osmTags":{"landuse":"quarry","name":"Jayant Mine","operator":"Northern Coalfields Limited","resource":"coal"}},"geometry":{"type":"Polygon","coordinates":[[[82.666801,24.156029],[82.670667,24.158635],[82.675208,24.165154],[82.675456,24.167568],[82.6752,24.169554],[82.675411,24.171644],[82.675716,24.172124],[82.675795,24.174402],[82.66984,24.177589],[82.665197,24.179697],[82.662893,24.180611],[82.661057,24.18172],[82.659073,24.181939],[82.656444,24.181719],[82.656371,24.180213],[82.655362,24.180212],[82.652368,24.179562],[82.643452,24.17873],[82.634952,24.177957],[82.636372,24.166684],[82.636738,24.16205],[82.636874,24.156125],[82.637402,24.15317],[82.638435,24.151383],[82.639694,24.148319],[82.64139,24.150452],[82.6465,24.143384],[82.649116,24.144972],[82.65072,24.146153],[82.651614,24.147378],[82.651068,24.15098],[82.651735,24.15315],[82.651961,24.154073],[82.655204,24.154307],[82.661292,24.157001],[82.663833,24.15814],[82.666603,24.158195],[82.666801,24.156029]]]}},{"type":"Feature","id":"OSM-way-197159971","properties":{"id":"OSM-way-197159971","tag":"quarry","facilityId":"OSM-way-197159971","name":"Kakri Mine","cpcbCategory":"Red","source":"OpenStreetMap via Overpass bulk load (© OpenStreetMap contributors, ODbL)","refreshedAt":"2026-09-29T11:06:04.248Z","mappedSince":null,"osmTags":{"landuse":"quarry","name":"Kakri Mine","operator":"Northern Coalfields Limited","resource":"coal"}},"geometry":{"type":"Polygon","coordinates":[[[82.75898,24.167099],[82.758557,24.173826],[82.762855,24.176911],[82.756769,24.181832],[82.755994,24.183884],[82.754466,24.185003],[82.75359,24.186662],[82.749815,24.186667],[82.747948,24.186769],[82.744543,24.18082],[82.739678,24.172102],[82.741083,24.171701],[82.742329,24.171452],[82.741567,24.170336],[82.742779,24.168828],[82.744715,24.168809],[82.745912,24.168241],[82.748573,24.168662],[82.751392,24.167708],[82.755868,24.166939],[82.756557,24.166963],[82.75898,24.167099]]]}},{"type":"Feature","id":"OSM-way-197159973","properties":{"id":"OSM-way-197159973","tag":"quarry","facilityId":"OSM-way-197159973","name":"Nigahi Mine","cpcbCategory":"Red","source":"OpenStreetMap via Overpass bulk load (© OpenStreetMap contributors, ODbL)","refreshedAt":"2026-09-29T11:06:04.248Z","mappedSince":null,"osmTags":{"landuse":"quarry","name":"Nigahi Mine","operator":"Northern Coalfields Limited","resource":"coal"}},"geometry":{"type":"Polygon","coordinates":[[[82.609427,24.139465],[82.60715,24.141743],[82.605021,24.144384],[82.602238,24.146728],[82.596175,24.154088],[82.595916,24.155661],[82.601644,24.159326],[82.608,24.16222],[82.610914,24.163447],[82.613176,24.164393],[82.615084,24.16471],[82.617378,24.16457],[82.61942,24.165832],[82.622671,24.165243],[82.624288,24.166518],[82.626403,24.166522],[82.629894,24.166573],[82.630406,24.165776],[82.633519,24.165572],[82.633598,24.158661],[82.634194,24.157185],[82.635136,24.156182],[82.637124,24.151398],[82.638757,24.14774],[82.640065,24.145639],[82.641091,24.143232],[82.641238,24.142248],[82.640965,24.140777],[82.641185,24.139526],[82.640787,24.138686],[82.637993,24.138418],[82.636695,24.13795],[82.637218,24.136355],[82.638359,24.133538],[82.638663,24.132115],[82.638746,24.131102],[82.637156,24.129306],[82.636276,24.129182],[82.634016,24.131293],[82.63367,24.133729],[82.632812,24.135314],[82.63298,24.137597],[82.634843,24.139106],[82.636235,24.140271],[82.636486,24.141417],[82.635669,24.142544],[82.633597,24.142468],[82.630844,24.14095],[82.62693,24.139603],[82.624481,24.139183],[82.623298,24.137224],[82.621854,24.134751],[82.620315,24.133184],[82.619007,24.133519],[82.618274,24.134875],[82.617144,24.137397],[82.615804,24.140109],[82.61504,24.140663],[82.612539,24.140138],[82.609427,24.139465]]]}},{"type":"Feature","id":"OSM-way-666149609","properties":{"id":"OSM-way-666149609","tag":"forest","facilityId":null,"name":null,"cpcbCategory":null,"source":"OpenStreetMap via Overpass bulk load (© OpenStreetMap contributors, ODbL)","refreshedAt":"2026-09-29T11:06:04.248Z","mappedSince":null,"osmTags":{"natural":"wood"}},"geometry":{"type":"Polygon","coordinates":[[[82.577512,24.160674],[82.586868,24.155936],[82.587211,24.15018],[82.584915,24.147948],[82.581525,24.14834],[82.578821,24.147713],[82.578885,24.145226],[82.577899,24.144052],[82.578199,24.138079],[82.576396,24.134398],[82.572277,24.133301],[82.572899,24.140449],[82.570903,24.143836],[82.5788,24.15206],[82.582426,24.153489],[82.584572,24.155956],[82.577577,24.159754],[82.577512,24.160674]]]}},{"type":"Feature","id":"OSM-way-666149611","properties":{"id":"OSM-way-666149611","tag":"forest","facilityId":null,"name":null,"cpcbCategory":null,"source":"OpenStreetMap via Overpass bulk load (© OpenStreetMap contributors, ODbL)","refreshedAt":"2026-09-29T11:06:04.248Z","mappedSince":null,"osmTags":{"natural":"wood","source":"landsat"}},"geometry":{"type":"Polygon","coordinates":[[[82.633527,24.169165],[82.634588,24.170056],[82.633848,24.174788],[82.632114,24.18121],[82.628766,24.187317],[82.633546,24.191285],[82.633569,24.197407],[82.627053,24.203633],[82.624323,24.203341],[82.622081,24.202931],[82.619466,24.201694],[82.616289,24.201811],[82.614217,24.20252],[82.613219,24.202636],[82.612351,24.202278],[82.61004,24.202292],[82.608086,24.201861],[82.605414,24.201229],[82.605428,24.19986],[82.607881,24.199975],[82.609306,24.197613],[82.609748,24.195471],[82.609386,24.193677],[82.608985,24.193018],[82.600945,24.195569],[82.597133,24.198148],[82.595096,24.200231],[82.592627,24.200561],[82.589858,24.199938],[82.585061,24.199114],[82.58191,24.197156],[82.579469,24.195834],[82.58204,24.193737],[82.589378,24.19225],[82.597275,24.192524],[82.602596,24.190214],[82.600279,24.188374],[82.597489,24.186456],[82.597575,24.18258],[82.599506,24.180897],[82.607789,24.181562],[82.612896,24.178822],[82.613668,24.17385],[82.61251,24.170952],[82.608905,24.171618],[82.602124,24.16966],[82.600751,24.163826],[82.600849,24.160597],[82.60088,24.159598],[82.604227,24.160498],[82.608,24.16222],[82.610914,24.163447],[82.613176,24.164393],[82.615084,24.16471],[82.617378,24.16457],[82.61942,24.165832],[82.622671,24.165243],[82.624288,24.166518],[82.624569,24.168897],[82.632723,24.169073],[82.633527,24.169165]]]}},{"type":"Feature","id":"OSM-way-788319667","properties":{"id":"OSM-way-788319667","tag":"forest","facilityId":null,"name":null,"cpcbCategory":null,"source":"OpenStreetMap via Overpass bulk load (© OpenStreetMap contributors, ODbL)","refreshedAt":"2026-09-29T11:06:04.248Z","mappedSince":null,"osmTags":{"landuse":"forest"}},"geometry":{"type":"Polygon","coordinates":[[[82.66118,24.126662],[82.661175,24.125419],[82.663522,24.126676],[82.66118,24.126662]]]}},{"type":"Feature","id":"OSM-way-788319762","properties":{"id":"OSM-way-788319762","tag":"forest","facilityId":null,"name":null,"cpcbCategory":null,"source":"OpenStreetMap via Overpass bulk load (© OpenStreetMap contributors, ODbL)","refreshedAt":"2026-09-29T11:06:04.248Z","mappedSince":null,"osmTags":{"landuse":"forest"}},"geometry":{"type":"Polygon","coordinates":[[[82.661237,24.123929],[82.665832,24.121965],[82.661237,24.121974],[82.661237,24.123929]]]}},{"type":"Feature","id":"OSM-way-793384141","properties":{"id":"OSM-way-793384141","tag":"industrial","facilityId":null,"name":null,"cpcbCategory":null,"source":"OpenStreetMap via Overpass bulk load (© OpenStreetMap contributors, ODbL)","refreshedAt":"2026-09-29T11:06:04.248Z","mappedSince":null,"osmTags":{"man_made":"works"}},"geometry":{"type":"Polygon","coordinates":[[[82.674572,24.11884],[82.675255,24.118881],[82.675222,24.119359],[82.674538,24.119318],[82.674572,24.11884]]]}},{"type":"Feature","id":"OSM-way-793666250","properties":{"id":"OSM-way-793666250","tag":"farmland","facilityId":null,"name":null,"cpcbCategory":null,"source":"OpenStreetMap via Overpass bulk load (© OpenStreetMap contributors, ODbL)","refreshedAt":"2026-09-29T11:06:04.248Z","mappedSince":null,"osmTags":{"landuse":"farmland"}},"geometry":{"type":"Polygon","coordinates":[[[82.631548,24.090862],[82.631277,24.090223],[82.631822,24.089976],[82.632274,24.090651],[82.631548,24.090862]]]}},{"type":"Feature","id":"OSM-way-793880481","properties":{"id":"OSM-way-793880481","tag":"farmland","facilityId":null,"name":null,"cpcbCategory":null,"source":"OpenStreetMap via Overpass bulk load (© OpenStreetMap contributors, ODbL)","refreshedAt":"2026-09-29T11:06:04.248Z","mappedSince":null,"osmTags":{"landuse":"farmland"}},"geometry":{"type":"Polygon","coordinates":[[[82.610375,24.094923],[82.610749,24.09487],[82.610623,24.094593],[82.610303,24.094663],[82.610375,24.094923]]]}},{"type":"Feature","id":"OSM-way-794289076","properties":{"id":"OSM-way-794289076","tag":"farmland","facilityId":null,"name":null,"cpcbCategory":null,"source":"OpenStreetMap via Overpass bulk load (© OpenStreetMap contributors, ODbL)","refreshedAt":"2026-09-29T11:06:04.248Z","mappedSince":null,"osmTags":{"landuse":"farmland"}},"geometry":{"type":"Polygon","coordinates":[[[82.654091,24.134104],[82.654449,24.134109],[82.654406,24.134815],[82.654085,24.134802],[82.654091,24.134104]]]}},{"type":"Feature","id":"OSM-way-794304010","properties":{"id":"OSM-way-794304010","tag":"industrial","facilityId":null,"name":null,"cpcbCategory":null,"source":"OpenStreetMap via Overpass bulk load (© OpenStreetMap contributors, ODbL)","refreshedAt":"2026-09-29T11:06:04.248Z","mappedSince":null,"osmTags":{"man_made":"works"}},"geometry":{"type":"Polygon","coordinates":[[[82.7027,24.169485],[82.702646,24.166626],[82.705189,24.166584],[82.70545,24.167971],[82.704935,24.168637],[82.704551,24.168714],[82.704021,24.169254],[82.7027,24.169485]]]}},{"type":"Feature","id":"OSM-way-795231059","properties":{"id":"OSM-way-795231059","tag":"farmland","facilityId":null,"name":null,"cpcbCategory":null,"source":"OpenStreetMap via Overpass bulk load (© OpenStreetMap contributors, ODbL)","refreshedAt":"2026-09-29T11:06:04.248Z","mappedSince":null,"osmTags":{"landuse":"farmland"}},"geometry":{"type":"Polygon","coordinates":[[[82.679237,24.081746],[82.679485,24.082264],[82.680058,24.082071],[82.679848,24.081711],[82.67966,24.081386],[82.679469,24.081424],[82.679494,24.081526],[82.679166,24.081583],[82.679237,24.081746]]]}},{"type":"Feature","id":"OSM-way-795231060","properties":{"id":"OSM-way-795231060","tag":"farmland","facilityId":null,"name":null,"cpcbCategory":null,"source":"OpenStreetMap via Overpass bulk load (© OpenStreetMap contributors, ODbL)","refreshedAt":"2026-09-29T11:06:04.248Z","mappedSince":null,"osmTags":{"landuse":"farmland"}},"geometry":{"type":"Polygon","coordinates":[[[82.679689,24.08278],[82.67983,24.083075],[82.679987,24.082999],[82.68061,24.082704],[82.680299,24.082056],[82.679888,24.082177],[82.68005,24.082492],[82.679627,24.082632],[82.679689,24.08278]]]}},{"type":"Feature","id":"OSM-way-795231061","properties":{"id":"OSM-way-795231061","tag":"farmland","facilityId":null,"name":null,"cpcbCategory":null,"source":"OpenStreetMap via Overpass bulk load (© OpenStreetMap contributors, ODbL)","refreshedAt":"2026-09-29T11:06:04.248Z","mappedSince":null,"osmTags":{"landuse":"farmland"}},"geometry":{"type":"Polygon","coordinates":[[[82.679739,24.083249],[82.67988,24.083374],[82.680783,24.083026],[82.68063,24.082723],[82.679975,24.083037],[82.679739,24.083249]]]}},{"type":"Feature","id":"OSM-way-795231062","properties":{"id":"OSM-way-795231062","tag":"farmland","facilityId":null,"name":null,"cpcbCategory":null,"source":"OpenStreetMap via Overpass bulk load (© OpenStreetMap contributors, ODbL)","refreshedAt":"2026-09-29T11:06:04.248Z","mappedSince":null,"osmTags":{"landuse":"farmland"}},"geometry":{"type":"Polygon","coordinates":[[[82.680489,24.082383],[82.680812,24.083011],[82.681695,24.082681],[82.68162,24.082504],[82.681434,24.082405],[82.681276,24.082114],[82.680489,24.082383]]]}},{"type":"Feature","id":"OSM-way-795231063","properties":{"id":"OSM-way-795231063","tag":"farmland","facilityId":null,"name":null,"cpcbCategory":null,"source":"OpenStreetMap via Overpass bulk load (© OpenStreetMap contributors, ODbL)","refreshedAt":"2026-09-29T11:06:04.248Z","mappedSince":null,"osmTags":{"landuse":"farmland"}},"geometry":{"type":"Polygon","coordinates":[[[82.681529,24.082152],[82.681736,24.082477],[82.681919,24.082371],[82.681674,24.082012],[82.681529,24.082152]]]}},{"type":"Feature","id":"OSM-way-795231064","properties":{"id":"OSM-way-795231064","tag":"farmland","facilityId":null,"name":null,"cpcbCategory":null,"source":"OpenStreetMap via Overpass bulk load (© OpenStreetMap contributors, ODbL)","refreshedAt":"2026-09-29T11:06:04.248Z","mappedSince":null,"osmTags":{"landuse":"farmland"}},"geometry":{"type":"Polygon","coordinates":[[[82.681388,24.080627],[82.68177,24.081459],[82.682404,24.081145],[82.682035,24.0804],[82.681388,24.080627]]]}},{"type":"Feature","id":"OSM-way-795231065","properties":{"id":"OSM-way-795231065","tag":"farmland","facilityId":null,"name":null,"cpcbCategory":null,"source":"OpenStreetMap via Overpass bulk load (© OpenStreetMap contributors, ODbL)","refreshedAt":"2026-09-29T11:06:04.248Z","mappedSince":null,"osmTags":{"landuse":"farmland"}},"geometry":{"type":"Polygon","coordinates":[[[82.679983,24.081656],[82.680203,24.082008],[82.680348,24.081955],[82.68017,24.081558],[82.679983,24.081656]]]}},{"type":"Feature","id":"OSM-way-795231066","properties":{"id":"OSM-way-795231066","tag":"farmland","facilityId":null,"name":null,"cpcbCategory":null,"source":"OpenStreetMap via Overpass bulk load (© OpenStreetMap contributors, ODbL)","refreshedAt":"2026-09-29T11:06:04.248Z","mappedSince":null,"osmTags":{"landuse":"farmland"}},"geometry":{"type":"Polygon","coordinates":[[[82.680336,24.081005],[82.680514,24.081471],[82.680361,24.081554],[82.680431,24.081637],[82.680626,24.081618],[82.68068,24.08183],[82.680796,24.081781],[82.680771,24.081611],[82.680899,24.081565],[82.680742,24.08088],[82.680336,24.081005]]]}},{"type":"Feature","id":"OSM-way-795231067","properties":{"id":"OSM-way-795231067","tag":"farmland","facilityId":null,"name":null,"cpcbCategory":null,"source":"OpenStreetMap via Overpass bulk load (© OpenStreetMap contributors, ODbL)","refreshedAt":"2026-09-29T11:06:04.248Z","mappedSince":null,"osmTags":{"landuse":"farmland"}},"geometry":{"type":"Polygon","coordinates":[[[82.680986,24.080786],[82.681364,24.081584],[82.681625,24.081527],[82.681724,24.081459],[82.681368,24.080653],[82.680986,24.080786]]]}},{"type":"Feature","id":"OSM-way-795231077","properties":{"id":"OSM-way-795231077","tag":"farmland","facilityId":null,"name":null,"cpcbCategory":null,"source":"OpenStreetMap via Overpass bulk load (© OpenStreetMap contributors, ODbL)","refreshedAt":"2026-09-29T11:06:04.248Z","mappedSince":null,"osmTags":{"landuse":"farmland"}},"geometry":{"type":"Polygon","coordinates":[[[82.681564,24.081892],[82.681986,24.082359],[82.682358,24.082207],[82.681961,24.081436],[82.681602,24.081605],[82.681564,24.081892]]]}},{"type":"Feature","id":"OSM-way-795231078","properties":{"id":"OSM-way-795231078","tag":"farmland","facilityId":null,"name":null,"cpcbCategory":null,"source":"OpenStreetMap via Overpass bulk load (© OpenStreetMap contributors, ODbL)","refreshedAt":"2026-09-29T11:06:04.248Z","mappedSince":null,"osmTags":{"landuse":"farmland"}},"geometry":{"type":"Polygon","coordinates":[[[82.679848,24.081711],[82.680456,24.081459],[82.680296,24.081044],[82.679624,24.081219],[82.679848,24.081711]]]}},{"type":"Feature","id":"OSM-way-795231079","properties":{"id":"OSM-way-795231079","tag":"farmland","facilityId":null,"name":null,"cpcbCategory":null,"source":"OpenStreetMap via Overpass bulk load (© OpenStreetMap contributors, ODbL)","refreshedAt":"2026-09-29T11:06:04.248Z","mappedSince":null,"osmTags":{"landuse":"farmland"}},"geometry":{"type":"Polygon","coordinates":[[[82.677952,24.082131],[82.678202,24.082517],[82.679355,24.082131],[82.679169,24.081728],[82.677952,24.082131]]]}},{"type":"Feature","id":"OSM-way-795231080","properties":{"id":"OSM-way-795231080","tag":"farmland","facilityId":null,"name":null,"cpcbCategory":null,"source":"OpenStreetMap via Overpass bulk load (© OpenStreetMap contributors, ODbL)","refreshedAt":"2026-09-29T11:06:04.248Z","mappedSince":null,"osmTags":{"landuse":"farmland"}},"geometry":{"type":"Polygon","coordinates":[[[82.678016,24.083213],[82.678259,24.083564],[82.67858,24.083441],[82.678324,24.082681],[82.677888,24.082944],[82.678016,24.083213]]]}},{"type":"Feature","id":"OSM-way-795231091","properties":{"id":"OSM-way-795231091","tag":"farmland","facilityId":null,"name":null,"cpcbCategory":null,"source":"OpenStreetMap via Overpass bulk load (© OpenStreetMap contributors, ODbL)","refreshedAt":"2026-09-29T11:06:04.248Z","mappedSince":null,"osmTags":{"landuse":"farmland"}},"geometry":{"type":"Polygon","coordinates":[[[82.680004,24.080093],[82.680165,24.080043],[82.680214,24.080118],[82.680696,24.079935],[82.68058,24.079691],[82.680419,24.079767],[82.68033,24.07958],[82.680075,24.079652],[82.680166,24.079876],[82.679932,24.079975],[82.680004,24.080093]]]}},{"type":"Feature","id":"OSM-way-795231093","properties":{"id":"OSM-way-795231093","tag":"farmland","facilityId":null,"name":null,"cpcbCategory":null,"source":"OpenStreetMap via Overpass bulk load (© OpenStreetMap contributors, ODbL)","refreshedAt":"2026-09-29T11:06:04.248Z","mappedSince":null,"osmTags":{"landuse":"farmland"}},"geometry":{"type":"Polygon","coordinates":[[[82.678459,24.080607],[82.678629,24.08095],[82.678923,24.080824],[82.679015,24.080859],[82.679139,24.080765],[82.678948,24.080332],[82.678459,24.080607]]]}},{"type":"Feature","id":"OSM-way-795231094","properties":{"id":"OSM-way-795231094","tag":"farmland","facilityId":null,"name":null,"cpcbCategory":null,"source":"OpenStreetMap via Overpass bulk load (© OpenStreetMap contributors, ODbL)","refreshedAt":"2026-09-29T11:06:04.248Z","mappedSince":null,"osmTags":{"landuse":"farmland"}},"geometry":{"type":"Polygon","coordinates":[[[82.677777,24.080336],[82.677884,24.08062],[82.677994,24.080592],[82.677953,24.080268],[82.677777,24.080336]]]}},{"type":"Feature","id":"OSM-way-795231095","properties":{"id":"OSM-way-795231095","tag":"farmland","facilityId":null,"name":null,"cpcbCategory":null,"source":"OpenStreetMap via Overpass bulk load (© OpenStreetMap contributors, ODbL)","refreshedAt":"2026-09-29T11:06:04.248Z","mappedSince":null,"osmTags":{"landuse":"farmland"}},"geometry":{"type":"Polygon","coordinates":[[[82.680826,24.083842],[82.680127,24.083956],[82.680264,24.084118],[82.679959,24.084427],[82.679984,24.084627],[82.679828,24.084695],[82.679878,24.08482],[82.680259,24.084835],[82.680413,24.085122],[82.68169,24.084724],[82.681279,24.08403],[82.681238,24.083996],[82.681142,24.083824],[82.680826,24.083842]]]}},{"type":"Feature","id":"OSM-way-795231096","properties":{"id":"OSM-way-795231096","tag":"farmland","facilityId":null,"name":null,"cpcbCategory":null,"source":"OpenStreetMap via Overpass bulk load (© OpenStreetMap contributors, ODbL)","refreshedAt":"2026-09-29T11:06:04.248Z","mappedSince":null,"osmTags":{"landuse":"farmland"}},"geometry":{"type":"Polygon","coordinates":[[[82.681247,24.08378],[82.681475,24.08412],[82.681698,24.084004],[82.681475,24.083684],[82.681247,24.08378]]]}},{"type":"Feature","id":"OSM-way-795231113","properties":{"id":"OSM-way-795231113","tag":"farmland","facilityId":null,"name":null,"cpcbCategory":null,"source":"OpenStreetMap via Overpass bulk load (© OpenStreetMap contributors, ODbL)","refreshedAt":"2026-09-29T11:06:04.248Z","mappedSince":null,"osmTags":{"landuse":"farmland"}},"geometry":{"type":"Polygon","coordinates":[[[82.676824,24.08117],[82.676991,24.081442],[82.677451,24.081295],[82.677045,24.080766],[82.676824,24.08117]]]}},{"type":"Feature","id":"OSM-way-795231114","properties":{"id":"OSM-way-795231114","tag":"farmland","facilityId":null,"name":null,"cpcbCategory":null,"source":"OpenStreetMap via Overpass bulk load (© OpenStreetMap contributors, ODbL)","refreshedAt":"2026-09-29T11:06:04.248Z","mappedSince":null,"osmTags":{"landuse":"farmland"}},"geometry":{"type":"Polygon","coordinates":[[[82.677057,24.080259],[82.67726,24.080919],[82.677582,24.081301],[82.678078,24.08105],[82.677594,24.080068],[82.677057,24.080259]]]}},{"type":"Feature","id":"OSM-way-796391954","properties":{"id":"OSM-way-796391954","tag":"farmland","facilityId":null,"name":null,"cpcbCategory":null,"source":"OpenStreetMap via Overpass bulk load (© OpenStreetMap contributors, ODbL)","refreshedAt":"2026-09-29T11:06:04.248Z","mappedSince":null,"osmTags":{"landuse":"farmland"}},"geometry":{"type":"Polygon","coordinates":[[[82.575061,24.085173],[82.575008,24.085001],[82.575375,24.084917],[82.575405,24.085001],[82.57535,24.085013],[82.575373,24.085088],[82.575061,24.085173]]]}},{"type":"Feature","id":"OSM-way-796391957","properties":{"id":"OSM-way-796391957","tag":"farmland","facilityId":null,"name":null,"cpcbCategory":null,"source":"OpenStreetMap via Overpass bulk load (© OpenStreetMap contributors, ODbL)","refreshedAt":"2026-09-29T11:06:04.248Z","mappedSince":null,"osmTags":{"landuse":"farmland"}},"geometry":{"type":"Polygon","coordinates":[[[82.578634,24.082277],[82.578908,24.08215],[82.578634,24.081567],[82.57849,24.081621],[82.578387,24.08166],[82.578634,24.082277]]]}},{"type":"Feature","id":"OSM-way-796391959","properties":{"id":"OSM-way-796391959","tag":"industrial","facilityId":null,"name":null,"cpcbCategory":null,"source":"OpenStreetMap via Overpass bulk load (© OpenStreetMap contributors, ODbL)","refreshedAt":"2026-09-29T11:06:04.248Z","mappedSince":null,"osmTags":{"industrial":"warehouse","landuse":"industrial"}},"geometry":{"type":"Polygon","coordinates":[[[82.573436,24.083948],[82.574662,24.083635],[82.574498,24.083215],[82.575003,24.083071],[82.574969,24.082984],[82.57441,24.083123],[82.573321,24.083441],[82.573436,24.083948]]]}},{"type":"Feature","id":"OSM-way-797050148","properties":{"id":"OSM-way-797050148","tag":"farmland","facilityId":null,"name":"land","cpcbCategory":null,"source":"OpenStreetMap via Overpass bulk load (© OpenStreetMap contributors, ODbL)","refreshedAt":"2026-09-29T11:06:04.248Z","mappedSince":null,"osmTags":{"landuse":"farmland","name":"land"}},"geometry":{"type":"Polygon","coordinates":[[[82.619443,24.005321],[82.619598,24.005267],[82.619545,24.005183],[82.619413,24.005237],[82.619443,24.005321]]]}},{"type":"Feature","id":"OSM-way-797050775","properties":{"id":"OSM-way-797050775","tag":"farmland","facilityId":null,"name":"land","cpcbCategory":null,"source":"OpenStreetMap via Overpass bulk load (© OpenStreetMap contributors, ODbL)","refreshedAt":"2026-09-29T11:06:04.248Z","mappedSince":null,"osmTags":{"landuse":"farmland","name":"land"}},"geometry":{"type":"Polygon","coordinates":[[[82.620306,24.005267],[82.620419,24.005262],[82.620408,24.005215],[82.620296,24.00522],[82.620306,24.005267]]]}},{"type":"Feature","id":"OSM-way-797051923","properties":{"id":"OSM-way-797051923","tag":"farmland","facilityId":null,"name":"land3","cpcbCategory":null,"source":"OpenStreetMap via Overpass bulk load (© OpenStreetMap contributors, ODbL)","refreshedAt":"2026-09-29T11:06:04.248Z","mappedSince":null,"osmTags":{"landuse":"farmland","name":"land3"}},"geometry":{"type":"Polygon","coordinates":[[[82.621058,24.007338],[82.620947,24.007096],[82.621291,24.006981],[82.621406,24.00723],[82.621058,24.007338]]]}},{"type":"Feature","id":"OSM-way-797052547","properties":{"id":"OSM-way-797052547","tag":"farmland","facilityId":null,"name":"land","cpcbCategory":null,"source":"OpenStreetMap via Overpass bulk load (© OpenStreetMap contributors, ODbL)","refreshedAt":"2026-09-29T11:06:04.248Z","mappedSince":null,"osmTags":{"landuse":"farmland","name":"land"}},"geometry":{"type":"Polygon","coordinates":[[[82.625529,24.008228],[82.625725,24.008162],[82.625668,24.008015],[82.625451,24.008071],[82.625529,24.008228]]]}},{"type":"Feature","id":"OSM-way-797053058","properties":{"id":"OSM-way-797053058","tag":"farmland","facilityId":null,"name":"farmm","cpcbCategory":null,"source":"OpenStreetMap via Overpass bulk load (© OpenStreetMap contributors, ODbL)","refreshedAt":"2026-09-29T11:06:04.248Z","mappedSince":null,"osmTags":{"landuse":"farmland","name":"farmm"}},"geometry":{"type":"Polygon","coordinates":[[[82.627211,24.007961],[82.627361,24.007917],[82.62731,24.007699],[82.627119,24.007765],[82.627211,24.007961]]]}},{"type":"Feature","id":"OSM-way-797053346","properties":{"id":"OSM-way-797053346","tag":"farmland","facilityId":null,"name":null,"cpcbCategory":null,"source":"OpenStreetMap via Overpass bulk load (© OpenStreetMap contributors, ODbL)","refreshedAt":"2026-09-29T11:06:04.248Z","mappedSince":null,"osmTags":{"landuse":"farmland"}},"geometry":{"type":"Polygon","coordinates":[[[82.629721,24.008321],[82.629807,24.008294],[82.629772,24.008208],[82.629686,24.008237],[82.629721,24.008321]]]}},{"type":"Feature","id":"OSM-way-797054179","properties":{"id":"OSM-way-797054179","tag":"farmland","facilityId":null,"name":null,"cpcbCategory":null,"source":"OpenStreetMap via Overpass bulk load (© OpenStreetMap contributors, ODbL)","refreshedAt":"2026-09-29T11:06:04.248Z","mappedSince":null,"osmTags":{"landuse":"farmland"}},"geometry":{"type":"Polygon","coordinates":[[[82.629008,24.009093],[82.629096,24.009066],[82.629037,24.008941],[82.628959,24.00897],[82.629008,24.009093]]]}},{"type":"Feature","id":"OSM-way-797055623","properties":{"id":"OSM-way-797055623","tag":"farmland","facilityId":null,"name":"landfarm","cpcbCategory":null,"source":"OpenStreetMap via Overpass bulk load (© OpenStreetMap contributors, ODbL)","refreshedAt":"2026-09-29T11:06:04.248Z","mappedSince":null,"osmTags":{"landuse":"farmland","name":"landfarm"}},"geometry":{"type":"Polygon","coordinates":[[[82.625549,24.009368],[82.625517,24.009211],[82.62512,24.009349],[82.625141,24.009505],[82.625549,24.009368]]]}},{"type":"Feature","id":"OSM-way-797056184","properties":{"id":"OSM-way-797056184","tag":"farmland","facilityId":null,"name":null,"cpcbCategory":null,"source":"OpenStreetMap via Overpass bulk load (© OpenStreetMap contributors, ODbL)","refreshedAt":"2026-09-29T11:06:04.248Z","mappedSince":null,"osmTags":{"landuse":"farmland"}},"geometry":{"type":"Polygon","coordinates":[[[82.615029,24.005694],[82.615188,24.005697],[82.615281,24.005655],[82.61534,24.005584],[82.615303,24.005501],[82.615263,24.005447],[82.615142,24.005464],[82.61507,24.005474],[82.615026,24.005537],[82.615029,24.005611],[82.615029,24.005694]]]}},{"type":"Feature","id":"OSM-way-797075148","properties":{"id":"OSM-way-797075148","tag":"farmland","facilityId":null,"name":"cultivated land","cpcbCategory":null,"source":"OpenStreetMap via Overpass bulk load (© OpenStreetMap contributors, ODbL)","refreshedAt":"2026-09-29T11:06:04.248Z","mappedSince":null,"osmTags":{"landuse":"farmland","name":"cultivated land"}},"geometry":{"type":"Polygon","coordinates":[[[82.596611,24.008781],[82.597271,24.008511],[82.59725,24.008212],[82.596451,24.008448],[82.596611,24.008781]]]}},{"type":"Feature","id":"OSM-way-797075149","properties":{"id":"OSM-way-797075149","tag":"farmland","facilityId":null,"name":"Cultivated land","cpcbCategory":null,"source":"OpenStreetMap via Overpass bulk load (© OpenStreetMap contributors, ODbL)","refreshedAt":"2026-09-29T11:06:04.248Z","mappedSince":null,"osmTags":{"landuse":"farmland","name":"Cultivated land"}},"geometry":{"type":"Polygon","coordinates":[[[82.593801,24.010775],[82.594385,24.010545],[82.594251,24.01033],[82.593661,24.010545],[82.593801,24.010775]]]}},{"type":"Feature","id":"OSM-way-797089383","properties":{"id":"OSM-way-797089383","tag":"farmland","facilityId":null,"name":"farmlandyuard","cpcbCategory":null,"source":"OpenStreetMap via Overpass bulk load (© OpenStreetMap contributors, ODbL)","refreshedAt":"2026-09-29T11:06:04.248Z","mappedSince":null,"osmTags":{"landuse":"farmland","name":"farmlandyuard"}},"geometry":{"type":"Polygon","coordinates":[[[82.623217,24.013248],[82.623351,24.013189],[82.623212,24.013018],[82.62312,24.013047],[82.623217,24.013248]]]}},{"type":"Feature","id":"OSM-way-797089467","properties":{"id":"OSM-way-797089467","tag":"farmland","facilityId":null,"name":null,"cpcbCategory":null,"source":"OpenStreetMap via Overpass bulk load (© OpenStreetMap contributors, ODbL)","refreshedAt":"2026-09-29T11:06:04.248Z","mappedSince":null,"osmTags":{"landuse":"farmland"}},"geometry":{"type":"Polygon","coordinates":[[[82.623373,24.014203],[82.623544,24.014135],[82.623469,24.013909],[82.623265,24.013973],[82.623373,24.014203]]]}},{"type":"Feature","id":"OSM-way-799088179","properties":{"id":"OSM-way-799088179","tag":"farmland","facilityId":null,"name":null,"cpcbCategory":null,"source":"OpenStreetMap via Overpass bulk load (© OpenStreetMap contributors, ODbL)","refreshedAt":"2026-09-29T11:06:04.248Z","mappedSince":null,"osmTags":{"landuse":"farmland"}},"geometry":{"type":"Polygon","coordinates":[[[82.577942,24.112507],[82.578272,24.112294],[82.578081,24.112096],[82.577776,24.112228],[82.577837,24.112368],[82.577875,24.112427],[82.577942,24.112507]]]}},{"type":"Feature","id":"OSM-way-799088180","properties":{"id":"OSM-way-799088180","tag":"farmland","facilityId":null,"name":null,"cpcbCategory":null,"source":"OpenStreetMap via Overpass bulk load (© OpenStreetMap contributors, ODbL)","refreshedAt":"2026-09-29T11:06:04.248Z","mappedSince":null,"osmTags":{"landuse":"farmland"}},"geometry":{"type":"Polygon","coordinates":[[[82.578599,24.112385],[82.578484,24.112292],[82.578602,24.11213],[82.578728,24.112267],[82.578599,24.112385]]]}},{"type":"Feature","id":"OSM-way-799088644","properties":{"id":"OSM-way-799088644","tag":"farmland","facilityId":null,"name":null,"cpcbCategory":null,"source":"OpenStreetMap via Overpass bulk load (© OpenStreetMap contributors, ODbL)","refreshedAt":"2026-09-29T11:06:04.248Z","mappedSince":null,"osmTags":{"landuse":"farmland"}},"geometry":{"type":"Polygon","coordinates":[[[82.622455,24.059497],[82.622589,24.059431],[82.622317,24.058943],[82.622216,24.059007],[82.622243,24.059054],[82.622455,24.059497]]]}},{"type":"Feature","id":"OSM-way-799100978","properties":{"id":"OSM-way-799100978","tag":"farmland","facilityId":null,"name":null,"cpcbCategory":null,"source":"OpenStreetMap via Overpass bulk load (© OpenStreetMap contributors, ODbL)","refreshedAt":"2026-09-29T11:06:04.248Z","mappedSince":null,"osmTags":{"landuse":"farmland"}},"geometry":{"type":"Polygon","coordinates":[[[82.625121,24.098562],[82.624992,24.098244],[82.62437,24.09846],[82.624445,24.098685],[82.624472,24.098763],[82.625121,24.098562]]]}},{"type":"Feature","id":"OSM-way-799100979","properties":{"id":"OSM-way-799100979","tag":"farmland","facilityId":null,"name":null,"cpcbCategory":null,"source":"OpenStreetMap via Overpass bulk load (© OpenStreetMap contributors, ODbL)","refreshedAt":"2026-09-29T11:06:04.248Z","mappedSince":null,"osmTags":{"landuse":"farmland"}},"geometry":{"type":"Polygon","coordinates":[[[82.624086,24.098455],[82.624327,24.098367],[82.624268,24.098239],[82.624032,24.098322],[82.624086,24.098455]]]}},{"type":"Feature","id":"OSM-way-799100980","properties":{"id":"OSM-way-799100980","tag":"farmland","facilityId":null,"name":null,"cpcbCategory":null,"source":"OpenStreetMap via Overpass bulk load (© OpenStreetMap contributors, ODbL)","refreshedAt":"2026-09-29T11:06:04.248Z","mappedSince":null,"osmTags":{"landuse":"farmland"}},"geometry":{"type":"Polygon","coordinates":[[[82.623978,24.0982],[82.623989,24.098313],[82.623807,24.098391],[82.623742,24.098293],[82.623978,24.0982]]]}},{"type":"Feature","id":"OSM-way-799100984","properties":{"id":"OSM-way-799100984","tag":"farmland","facilityId":null,"name":null,"cpcbCategory":null,"source":"OpenStreetMap via Overpass bulk load (© OpenStreetMap contributors, ODbL)","refreshedAt":"2026-09-29T11:06:04.248Z","mappedSince":null,"osmTags":{"landuse":"farmland"}},"geometry":{"type":"Polygon","coordinates":[[[82.625158,24.099334],[82.625222,24.099503],[82.624943,24.099572],[82.624627,24.099638],[82.624611,24.099525],[82.624761,24.099462],[82.624889,24.099415],[82.625158,24.099334]]]}},{"type":"Feature","id":"OSM-way-799100985","properties":{"id":"OSM-way-799100985","tag":"farmland","facilityId":null,"name":null,"cpcbCategory":null,"source":"OpenStreetMap via Overpass bulk load (© OpenStreetMap contributors, ODbL)","refreshedAt":"2026-09-29T11:06:04.248Z","mappedSince":null,"osmTags":{"landuse":"farmland"}},"geometry":{"type":"Polygon","coordinates":[[[82.625447,24.099709],[82.625501,24.099807],[82.625222,24.099883],[82.625168,24.09979],[82.625447,24.099709]]]}},{"type":"Feature","id":"OSM-way-799100989","properties":{"id":"OSM-way-799100989","tag":"farmland","facilityId":null,"name":null,"cpcbCategory":null,"source":"OpenStreetMap via Overpass bulk load (© OpenStreetMap contributors, ODbL)","refreshedAt":"2026-09-29T11:06:04.248Z","mappedSince":null,"osmTags":{"landuse":"farmland"}},"geometry":{"type":"Polygon","coordinates":[[[82.624198,24.099277],[82.623876,24.09888],[82.624445,24.098685],[82.624514,24.098865],[82.624675,24.098836],[82.624686,24.0989],[82.625094,24.098807],[82.625094,24.098919],[82.624198,24.099277]]]}},{"type":"Feature","id":"OSM-way-799105355","properties":{"id":"OSM-way-799105355","tag":"farmland","facilityId":null,"name":null,"cpcbCategory":null,"source":"OpenStreetMap via Overpass bulk load (© OpenStreetMap contributors, ODbL)","refreshedAt":"2026-09-29T11:06:04.248Z","mappedSince":null,"osmTags":{"landuse":"farmland"}},"geometry":{"type":"Polygon","coordinates":[[[82.617331,24.058329],[82.617865,24.058091],[82.617709,24.057829],[82.617366,24.057981],[82.617409,24.058077],[82.617318,24.058111],[82.617275,24.058035],[82.617237,24.058055],[82.617326,24.058302],[82.617331,24.058329]]]}},{"type":"Feature","id":"OSM-way-799106310","properties":{"id":"OSM-way-799106310","tag":"farmland","facilityId":null,"name":null,"cpcbCategory":null,"source":"OpenStreetMap via Overpass bulk load (© OpenStreetMap contributors, ODbL)","refreshedAt":"2026-09-29T11:06:04.248Z","mappedSince":null,"osmTags":{"landuse":"farmland"}},"geometry":{"type":"Polygon","coordinates":[[[82.617974,24.057729],[82.617838,24.057427],[82.617559,24.057524],[82.617709,24.057829],[82.617974,24.057729]]]}},{"type":"Feature","id":"OSM-way-799106311","properties":{"id":"OSM-way-799106311","tag":"farmland","facilityId":null,"name":null,"cpcbCategory":null,"source":"OpenStreetMap via Overpass bulk load (© OpenStreetMap contributors, ODbL)","refreshedAt":"2026-09-29T11:06:04.248Z","mappedSince":null,"osmTags":{"landuse":"farmland"}},"geometry":{"type":"Polygon","coordinates":[[[82.617849,24.057428],[82.618031,24.057354],[82.617935,24.057131],[82.617756,24.057212],[82.617849,24.057428]]]}},{"type":"Feature","id":"OSM-way-799457257","properties":{"id":"OSM-way-799457257","tag":"farmland","facilityId":null,"name":null,"cpcbCategory":null,"source":"OpenStreetMap via Overpass bulk load (© OpenStreetMap contributors, ODbL)","refreshedAt":"2026-09-29T11:06:04.248Z","mappedSince":null,"osmTags":{"landuse":"farmland"}},"geometry":{"type":"Polygon","coordinates":[[[82.579255,24.110173],[82.580249,24.109787],[82.579918,24.109251],[82.578951,24.1096],[82.579255,24.110173]]]}},{"type":"Feature","id":"OSM-way-799457258","properties":{"id":"OSM-way-799457258","tag":"farmland","facilityId":null,"name":null,"cpcbCategory":null,"source":"OpenStreetMap via Overpass bulk load (© OpenStreetMap contributors, ODbL)","refreshedAt":"2026-09-29T11:06:04.248Z","mappedSince":null,"osmTags":{"landuse":"farmland"}},"geometry":{"type":"Polygon","coordinates":[[[82.579,24.10954],[82.580176,24.10907],[82.579486,24.108226],[82.578657,24.108817],[82.579053,24.109293],[82.579,24.10954]]]}},{"type":"Feature","id":"OSM-way-800007599","properties":{"id":"OSM-way-800007599","tag":"industrial","facilityId":null,"name":null,"cpcbCategory":null,"source":"OpenStreetMap via Overpass bulk load (© OpenStreetMap contributors, ODbL)","refreshedAt":"2026-09-29T11:06:04.248Z","mappedSince":null,"osmTags":{"landuse":"industrial"}},"geometry":{"type":"Polygon","coordinates":[[[82.650255,24.128981],[82.650269,24.128044],[82.652938,24.128115],[82.652924,24.129052],[82.650255,24.128981]]]}},{"type":"Feature","id":"OSM-way-800270507","properties":{"id":"OSM-way-800270507","tag":"farmland","facilityId":null,"name":null,"cpcbCategory":null,"source":"OpenStreetMap via Overpass bulk load (© OpenStreetMap contributors, ODbL)","refreshedAt":"2026-09-29T11:06:04.248Z","mappedSince":null,"osmTags":{"landuse":"farmland"}},"geometry":{"type":"Polygon","coordinates":[[[82.577695,24.112003],[82.577783,24.112206],[82.578097,24.112071],[82.578012,24.111876],[82.577695,24.112003]]]}},{"type":"Feature","id":"OSM-way-800270639","properties":{"id":"OSM-way-800270639","tag":"farmland","facilityId":null,"name":null,"cpcbCategory":null,"source":"OpenStreetMap via Overpass bulk load (© OpenStreetMap contributors, ODbL)","refreshedAt":"2026-09-29T11:06:04.248Z","mappedSince":null,"osmTags":{"landuse":"farmland"}},"geometry":{"type":"Polygon","coordinates":[[[82.57773,24.11177],[82.577802,24.111944],[82.578164,24.111778],[82.578022,24.111611],[82.57773,24.11177]]]}},{"type":"Feature","id":"OSM-way-800270756","properties":{"id":"OSM-way-800270756","tag":"farmland","facilityId":null,"name":null,"cpcbCategory":null,"source":"OpenStreetMap via Overpass bulk load (© OpenStreetMap contributors, ODbL)","refreshedAt":"2026-09-29T11:06:04.248Z","mappedSince":null,"osmTags":{"landuse":"farmland"}},"geometry":{"type":"Polygon","coordinates":[[[82.577936,24.111222],[82.577947,24.111273],[82.577925,24.111339],[82.578089,24.111555],[82.578371,24.111447],[82.578215,24.111144],[82.578129,24.111122],[82.577936,24.111222]]]}},{"type":"Feature","id":"OSM-way-800272799","properties":{"id":"OSM-way-800272799","tag":"farmland","facilityId":null,"name":null,"cpcbCategory":null,"source":"OpenStreetMap via Overpass bulk load (© OpenStreetMap contributors, ODbL)","refreshedAt":"2026-09-29T11:06:04.248Z","mappedSince":null,"osmTags":{"landuse":"farmland"}},"geometry":{"type":"Polygon","coordinates":[[[82.5773,24.111222],[82.577609,24.111817],[82.577885,24.111665],[82.577837,24.11155],[82.577705,24.111545],[82.577646,24.111325],[82.577566,24.111104],[82.5773,24.111222]]]}},{"type":"Feature","id":"OSM-way-800369760","properties":{"id":"OSM-way-800369760","tag":"forest","facilityId":null,"name":null,"cpcbCategory":null,"source":"OpenStreetMap via Overpass bulk load (© OpenStreetMap contributors, ODbL)","refreshedAt":"2026-09-29T11:06:04.248Z","mappedSince":null,"osmTags":{"natural":"wood"}},"geometry":{"type":"Polygon","coordinates":[[[82.619457,24.083832],[82.619569,24.083768],[82.61943,24.08368],[82.619371,24.083734],[82.619457,24.083832]]]}},{"type":"Feature","id":"OSM-way-800370074","properties":{"id":"OSM-way-800370074","tag":"forest","facilityId":null,"name":null,"cpcbCategory":null,"source":"OpenStreetMap via Overpass bulk load (© OpenStreetMap contributors, ODbL)","refreshedAt":"2026-09-29T11:06:04.248Z","mappedSince":null,"osmTags":{"natural":"wood"}},"geometry":{"type":"Polygon","coordinates":[[[82.618748,24.082789],[82.618856,24.082691],[82.618759,24.082642],[82.618673,24.082666],[82.618748,24.082789]]]}},{"type":"Feature","id":"OSM-way-800371955","properties":{"id":"OSM-way-800371955","tag":"forest","facilityId":null,"name":null,"cpcbCategory":null,"source":"OpenStreetMap via Overpass bulk load (© OpenStreetMap contributors, ODbL)","refreshedAt":"2026-09-29T11:06:04.248Z","mappedSince":null,"osmTags":{"natural":"wood"}},"geometry":{"type":"Polygon","coordinates":[[[82.624668,24.082047],[82.624851,24.082091],[82.624904,24.081968],[82.624802,24.08191],[82.624668,24.082047]]]}},{"type":"Feature","id":"OSM-way-800372887","properties":{"id":"OSM-way-800372887","tag":"farmland","facilityId":null,"name":null,"cpcbCategory":null,"source":"OpenStreetMap via Overpass bulk load (© OpenStreetMap contributors, ODbL)","refreshedAt":"2026-09-29T11:06:04.248Z","mappedSince":null,"osmTags":{"landuse":"farmland"}},"geometry":{"type":"Polygon","coordinates":[[[82.620458,24.080192],[82.620795,24.080072],[82.620711,24.079845],[82.620355,24.079916],[82.620458,24.080192]]]}},{"type":"Feature","id":"OSM-way-801850759","properties":{"id":"OSM-way-801850759","tag":"farmland","facilityId":null,"name":null,"cpcbCategory":null,"source":"OpenStreetMap via Overpass bulk load (© OpenStreetMap contributors, ODbL)","refreshedAt":"2026-09-29T11:06:04.248Z","mappedSince":null,"osmTags":{"landuse":"farmland","produce":"rice"}},"geometry":{"type":"Polygon","coordinates":[[[82.664865,24.069047],[82.665086,24.068899],[82.66501,24.068775],[82.6651,24.068718],[82.66491,24.068231],[82.664666,24.068371],[82.66487,24.068705],[82.664707,24.068808],[82.664865,24.069047]]]}},{"type":"Feature","id":"OSM-way-801850760","properties":{"id":"OSM-way-801850760","tag":"farmland","facilityId":null,"name":null,"cpcbCategory":null,"source":"OpenStreetMap via Overpass bulk load (© OpenStreetMap contributors, ODbL)","refreshedAt":"2026-09-29T11:06:04.248Z","mappedSince":null,"osmTags":{"landuse":"farmland","produce":"rice"}},"geometry":{"type":"Polygon","coordinates":[[[82.664856,24.069327],[82.664766,24.069196],[82.66491,24.069093],[82.665001,24.069249],[82.664964,24.069269],[82.664856,24.069327]]]}},{"type":"Feature","id":"OSM-way-801850761","properties":{"id":"OSM-way-801850761","tag":"farmland","facilityId":null,"name":null,"cpcbCategory":null,"source":"OpenStreetMap via Overpass bulk load (© OpenStreetMap contributors, ODbL)","refreshedAt":"2026-09-29T11:06:04.248Z","mappedSince":null,"osmTags":{"landuse":"farmland","produce":"rice"}},"geometry":{"type":"Polygon","coordinates":[[[82.664964,24.069269],[82.665014,24.069389],[82.665122,24.069352],[82.665055,24.069233],[82.664964,24.069269]]]}},{"type":"Feature","id":"OSM-way-801850762","properties":{"id":"OSM-way-801850762","tag":"farmland","facilityId":null,"name":null,"cpcbCategory":null,"source":"OpenStreetMap via Overpass bulk load (© OpenStreetMap contributors, ODbL)","refreshedAt":"2026-09-29T11:06:04.248Z","mappedSince":null,"osmTags":{"landuse":"farmland","produce":"rice"}},"geometry":{"type":"Polygon","coordinates":[[[82.664967,24.07009],[82.664989,24.070212],[82.665167,24.070307],[82.665279,24.070297],[82.665253,24.0701],[82.665233,24.070014],[82.665227,24.069988],[82.66519,24.069893],[82.664967,24.07009]]]}},{"type":"Feature","id":"OSM-way-801850763","properties":{"id":"OSM-way-801850763","tag":"farmland","facilityId":null,"name":null,"cpcbCategory":null,"source":"OpenStreetMap via Overpass bulk load (© OpenStreetMap contributors, ODbL)","refreshedAt":"2026-09-29T11:06:04.248Z","mappedSince":null,"osmTags":{"landuse":"farmland","produce":"rice"}},"geometry":{"type":"Polygon","coordinates":[[[82.665569,24.070531],[82.66542,24.070443],[82.665279,24.070297],[82.665297,24.070205],[82.665387,24.070195],[82.665379,24.070009],[82.665233,24.070014],[82.665234,24.069948],[82.665309,24.069914],[82.665253,24.069829],[82.665279,24.069775],[82.665264,24.06969],[82.665335,24.069629],[82.665383,24.069683],[82.665532,24.069673],[82.665535,24.069771],[82.665346,24.069791],[82.665357,24.06988],[82.665457,24.069869],[82.665491,24.070005],[82.665561,24.069998],[82.665576,24.070158],[82.665487,24.070165],[82.665465,24.070338],[82.665591,24.070341],[82.665684,24.070395],[82.665569,24.070531]]]}},{"type":"Feature","id":"OSM-way-801850764","properties":{"id":"OSM-way-801850764","tag":"farmland","facilityId":null,"name":null,"cpcbCategory":null,"source":"OpenStreetMap via Overpass bulk load (© OpenStreetMap contributors, ODbL)","refreshedAt":"2026-09-29T11:06:04.248Z","mappedSince":null,"osmTags":{"landuse":"farmland","produce":"rice"}},"geometry":{"type":"Polygon","coordinates":[[[82.666659,24.069735],[82.666791,24.06966],[82.666637,24.069315],[82.666506,24.069365],[82.666659,24.069735]]]}},{"type":"Feature","id":"OSM-way-801850765","properties":{"id":"OSM-way-801850765","tag":"farmland","facilityId":null,"name":null,"cpcbCategory":null,"source":"OpenStreetMap via Overpass bulk load (© OpenStreetMap contributors, ODbL)","refreshedAt":"2026-09-29T11:06:04.248Z","mappedSince":null,"osmTags":{"landuse":"farmland","produce":"rice"}},"geometry":{"type":"Polygon","coordinates":[[[82.666971,24.06992],[82.665907,24.067521],[82.667443,24.06719],[82.667564,24.067436],[82.667838,24.067991],[82.668238,24.067921],[82.668375,24.068392],[82.668222,24.068452],[82.668161,24.068607],[82.668403,24.069684],[82.668419,24.069795],[82.667821,24.06991],[82.666971,24.06992]]]}},{"type":"Feature","id":"OSM-way-801850775","properties":{"id":"OSM-way-801850775","tag":"farmland","facilityId":null,"name":null,"cpcbCategory":null,"source":"OpenStreetMap via Overpass bulk load (© OpenStreetMap contributors, ODbL)","refreshedAt":"2026-09-29T11:06:04.248Z","mappedSince":null,"osmTags":{"landuse":"farmland","produce":"rice"}},"geometry":{"type":"Polygon","coordinates":[[[82.661002,24.076545],[82.660947,24.076422],[82.661283,24.076266],[82.661366,24.076361],[82.661115,24.076488],[82.661002,24.076545]]]}},{"type":"Feature","id":"OSM-way-801850776","properties":{"id":"OSM-way-801850776","tag":"farmland","facilityId":null,"name":null,"cpcbCategory":null,"source":"OpenStreetMap via Overpass bulk load (© OpenStreetMap contributors, ODbL)","refreshedAt":"2026-09-29T11:06:04.248Z","mappedSince":null,"osmTags":{"landuse":"farmland","produce":"rice"}},"geometry":{"type":"Polygon","coordinates":[[[82.661115,24.076488],[82.6611,24.076654],[82.661277,24.076576],[82.661341,24.076548],[82.661265,24.076433],[82.661115,24.076488]]]}},{"type":"Feature","id":"OSM-way-801850777","properties":{"id":"OSM-way-801850777","tag":"farmland","facilityId":null,"name":null,"cpcbCategory":null,"source":"OpenStreetMap via Overpass bulk load (© OpenStreetMap contributors, ODbL)","refreshedAt":"2026-09-29T11:06:04.248Z","mappedSince":null,"osmTags":{"landuse":"farmland","produce":"rice"}},"geometry":{"type":"Polygon","coordinates":[[[82.661341,24.076548],[82.661286,24.076422],[82.661384,24.076383],[82.661451,24.076486],[82.661341,24.076548]]]}},{"type":"Feature","id":"OSM-way-801850778","properties":{"id":"OSM-way-801850778","tag":"farmland","facilityId":null,"name":null,"cpcbCategory":null,"source":"OpenStreetMap via Overpass bulk load (© OpenStreetMap contributors, ODbL)","refreshedAt":"2026-09-29T11:06:04.248Z","mappedSince":null,"osmTags":{"landuse":"farmland","produce":"rice"}},"geometry":{"type":"Polygon","coordinates":[[[82.661623,24.077056],[82.661277,24.076576],[82.661479,24.076497],[82.66173,24.076897],[82.661623,24.077056]]]}},{"type":"Feature","id":"OSM-way-801850779","properties":{"id":"OSM-way-801850779","tag":"farmland","facilityId":null,"name":null,"cpcbCategory":null,"source":"OpenStreetMap via Overpass bulk load (© OpenStreetMap contributors, ODbL)","refreshedAt":"2026-09-29T11:06:04.248Z","mappedSince":null,"osmTags":{"landuse":"farmland","produce":"rice"}},"geometry":{"type":"Polygon","coordinates":[[[82.66173,24.076863],[82.661384,24.076363],[82.66154,24.076327],[82.661607,24.076433],[82.661717,24.076394],[82.661766,24.076503],[82.661678,24.076553],[82.661717,24.076634],[82.661846,24.076782],[82.66173,24.076863]]]}},{"type":"Feature","id":"OSM-way-801850780","properties":{"id":"OSM-way-801850780","tag":"farmland","facilityId":null,"name":null,"cpcbCategory":null,"source":"OpenStreetMap via Overpass bulk load (© OpenStreetMap contributors, ODbL)","refreshedAt":"2026-09-29T11:06:04.248Z","mappedSince":null,"osmTags":{"landuse":"farmland","produce":"rice"}},"geometry":{"type":"Polygon","coordinates":[[[82.661803,24.07607],[82.661772,24.075995],[82.661913,24.075925],[82.66195,24.076006],[82.661803,24.07607]]]}},{"type":"Feature","id":"OSM-way-801850781","properties":{"id":"OSM-way-801850781","tag":"farmland","facilityId":null,"name":null,"cpcbCategory":null,"source":"OpenStreetMap via Overpass bulk load (© OpenStreetMap contributors, ODbL)","refreshedAt":"2026-09-29T11:06:04.248Z","mappedSince":null,"osmTags":{"landuse":"farmland","produce":"rice"}},"geometry":{"type":"Polygon","coordinates":[[[82.661766,24.075973],[82.661904,24.075908],[82.661877,24.075841],[82.661711,24.075895],[82.661766,24.075973]]]}},{"type":"Feature","id":"OSM-way-801850782","properties":{"id":"OSM-way-801850782","tag":"farmland","facilityId":null,"name":null,"cpcbCategory":null,"source":"OpenStreetMap via Overpass bulk load (© OpenStreetMap contributors, ODbL)","refreshedAt":"2026-09-29T11:06:04.248Z","mappedSince":null,"osmTags":{"landuse":"farmland","produce":"rice"}},"geometry":{"type":"Polygon","coordinates":[[[82.661711,24.075875],[82.66187,24.075816],[82.661803,24.075654],[82.661644,24.075721],[82.661711,24.075875]]]}},{"type":"Feature","id":"OSM-way-801850783","properties":{"id":"OSM-way-801850783","tag":"farmland","facilityId":null,"name":null,"cpcbCategory":null,"source":"OpenStreetMap via Overpass bulk load (© OpenStreetMap contributors, ODbL)","refreshedAt":"2026-09-29T11:06:04.248Z","mappedSince":null,"osmTags":{"landuse":"farmland","produce":"rice"}},"geometry":{"type":"Polygon","coordinates":[[[82.662063,24.075967],[82.66198,24.075992],[82.66191,24.075844],[82.66199,24.075813],[82.662063,24.075967]]]}},{"type":"Feature","id":"OSM-way-801850784","properties":{"id":"OSM-way-801850784","tag":"farmland","facilityId":null,"name":null,"cpcbCategory":null,"source":"OpenStreetMap via Overpass bulk load (© OpenStreetMap contributors, ODbL)","refreshedAt":"2026-09-29T11:06:04.248Z","mappedSince":null,"osmTags":{"landuse":"farmland","produce":"rice"}},"geometry":{"type":"Polygon","coordinates":[[[82.661895,24.075819],[82.661821,24.075652],[82.661965,24.07559],[82.661956,24.075688],[82.661962,24.07578],[82.661895,24.075819]]]}},{"type":"Feature","id":"OSM-way-801850785","properties":{"id":"OSM-way-801850785","tag":"farmland","facilityId":null,"name":null,"cpcbCategory":null,"source":"OpenStreetMap via Overpass bulk load (© OpenStreetMap contributors, ODbL)","refreshedAt":"2026-09-29T11:06:04.248Z","mappedSince":null,"osmTags":{"landuse":"farmland","produce":"rice"}},"geometry":{"type":"Polygon","coordinates":[[[82.661806,24.075635],[82.661776,24.075571],[82.661956,24.075509],[82.661993,24.075565],[82.661806,24.075635]]]}},{"type":"Feature","id":"OSM-way-801850786","properties":{"id":"OSM-way-801850786","tag":"farmland","facilityId":null,"name":null,"cpcbCategory":null,"source":"OpenStreetMap via Overpass bulk load (© OpenStreetMap contributors, ODbL)","refreshedAt":"2026-09-29T11:06:04.248Z","mappedSince":null,"osmTags":{"landuse":"farmland","produce":"rice"}},"geometry":{"type":"Polygon","coordinates":[[[82.661769,24.075546],[82.661721,24.075476],[82.661919,24.0754],[82.661959,24.075487],[82.661769,24.075546]]]}},{"type":"Feature","id":"OSM-way-801850787","properties":{"id":"OSM-way-801850787","tag":"farmland","facilityId":null,"name":null,"cpcbCategory":null,"source":"OpenStreetMap via Overpass bulk load (© OpenStreetMap contributors, ODbL)","refreshedAt":"2026-09-29T11:06:04.248Z","mappedSince":null,"osmTags":{"landuse":"farmland","produce":"rice"}},"geometry":{"type":"Polygon","coordinates":[[[82.661724,24.075456],[82.661675,24.075344],[82.661867,24.075266],[82.661919,24.075384],[82.661724,24.075456]]]}},{"type":"Feature","id":"OSM-way-801850788","properties":{"id":"OSM-way-801850788","tag":"farmland","facilityId":null,"name":null,"cpcbCategory":null,"source":"OpenStreetMap via Overpass bulk load (© OpenStreetMap contributors, ODbL)","refreshedAt":"2026-09-29T11:06:04.248Z","mappedSince":null,"osmTags":{"landuse":"farmland","produce":"rice"}},"geometry":{"type":"Polygon","coordinates":[[[82.661996,24.075481],[82.661944,24.075403],[82.662017,24.075364],[82.662042,24.075395],[82.662075,24.0754],[82.662109,24.075453],[82.662045,24.075481],[82.661996,24.075481]]]}},{"type":"Feature","id":"OSM-way-801850789","properties":{"id":"OSM-way-801850789","tag":"farmland","facilityId":null,"name":null,"cpcbCategory":null,"source":"OpenStreetMap via Overpass bulk load (© OpenStreetMap contributors, ODbL)","refreshedAt":"2026-09-29T11:06:04.248Z","mappedSince":null,"osmTags":{"landuse":"farmland","produce":"rice"}},"geometry":{"type":"Polygon","coordinates":[[[82.661944,24.075364],[82.661999,24.075342],[82.66195,24.075236],[82.661886,24.075261],[82.661944,24.075364]]]}},{"type":"Feature","id":"OSM-way-801855224","properties":{"id":"OSM-way-801855224","tag":"farmland","facilityId":null,"name":null,"cpcbCategory":null,"source":"OpenStreetMap via Overpass bulk load (© OpenStreetMap contributors, ODbL)","refreshedAt":"2026-09-29T11:06:04.248Z","mappedSince":null,"osmTags":{"landuse":"farmland"}},"geometry":{"type":"Polygon","coordinates":[[[82.611277,24.095694],[82.611677,24.095527],[82.611483,24.095047],[82.611264,24.095145],[82.611277,24.095257],[82.611131,24.095298],[82.611177,24.095515],[82.611277,24.095694]]]}},{"type":"Feature","id":"OSM-way-801855225","properties":{"id":"OSM-way-801855225","tag":"farmland","facilityId":null,"name":null,"cpcbCategory":null,"source":"OpenStreetMap via Overpass bulk load (© OpenStreetMap contributors, ODbL)","refreshedAt":"2026-09-29T11:06:04.248Z","mappedSince":null,"osmTags":{"landuse":"farmland"}},"geometry":{"type":"Polygon","coordinates":[[[82.612568,24.091954],[82.612556,24.091768],[82.613081,24.091667],[82.613097,24.091789],[82.612568,24.091954]]]}},{"type":"Feature","id":"OSM-way-801855226","properties":{"id":"OSM-way-801855226","tag":"farmland","facilityId":null,"name":null,"cpcbCategory":null,"source":"OpenStreetMap via Overpass bulk load (© OpenStreetMap contributors, ODbL)","refreshedAt":"2026-09-29T11:06:04.248Z","mappedSince":null,"osmTags":{"landuse":"farmland"}},"geometry":{"type":"Polygon","coordinates":[[[82.613201,24.091514],[82.613497,24.091437],[82.613477,24.091339],[82.613186,24.091416],[82.613201,24.091514]]]}},{"type":"Feature","id":"OSM-way-801855239","properties":{"id":"OSM-way-801855239","tag":"farmland","facilityId":null,"name":null,"cpcbCategory":null,"source":"OpenStreetMap via Overpass bulk load (© OpenStreetMap contributors, ODbL)","refreshedAt":"2026-09-29T11:06:04.248Z","mappedSince":null,"osmTags":{"landuse":"farmland"}},"geometry":{"type":"Polygon","coordinates":[[[82.614242,24.092314],[82.61429,24.092445],[82.614883,24.092218],[82.614816,24.092113],[82.614725,24.092148],[82.614701,24.092043],[82.614586,24.092057],[82.614596,24.0921],[82.6144,24.092161],[82.614433,24.092257],[82.614242,24.092314]]]}},{"type":"Feature","id":"OSM-way-801859689","properties":{"id":"OSM-way-801859689","tag":"farmland","facilityId":null,"name":null,"cpcbCategory":null,"source":"OpenStreetMap via Overpass bulk load (© OpenStreetMap contributors, ODbL)","refreshedAt":"2026-09-29T11:06:04.248Z","mappedSince":null,"osmTags":{"landuse":"farmland"}},"geometry":{"type":"Polygon","coordinates":[[[82.612865,24.08915],[82.613284,24.089024],[82.613663,24.088911],[82.61387,24.08885],[82.6138,24.088682],[82.613968,24.088632],[82.614046,24.088807],[82.614191,24.088768],[82.614082,24.088479],[82.613604,24.088632],[82.613538,24.088493],[82.613393,24.088536],[82.613448,24.088714],[82.613209,24.08875],[82.613178,24.088632],[82.612955,24.088686],[82.612908,24.088504],[82.612701,24.088582],[82.612814,24.088997],[82.612865,24.08915]]]}},{"type":"Feature","id":"OSM-way-801859697","properties":{"id":"OSM-way-801859697","tag":"farmland","facilityId":null,"name":null,"cpcbCategory":null,"source":"OpenStreetMap via Overpass bulk load (© OpenStreetMap contributors, ODbL)","refreshedAt":"2026-09-29T11:06:04.248Z","mappedSince":null,"osmTags":{"landuse":"farmland"}},"geometry":{"type":"Polygon","coordinates":[[[82.614234,24.090974],[82.614535,24.090858],[82.614491,24.090745],[82.614363,24.090724],[82.614251,24.09076],[82.614261,24.090847],[82.614172,24.090866],[82.614234,24.090974]]]}},{"type":"Feature","id":"OSM-way-801859698","properties":{"id":"OSM-way-801859698","tag":"farmland","facilityId":null,"name":null,"cpcbCategory":null,"source":"OpenStreetMap via Overpass bulk load (© OpenStreetMap contributors, ODbL)","refreshedAt":"2026-09-29T11:06:04.248Z","mappedSince":null,"osmTags":{"landuse":"farmland"}},"geometry":{"type":"Polygon","coordinates":[[[82.61399,24.091679],[82.614212,24.091613],[82.614176,24.091441],[82.613949,24.091499],[82.61399,24.091679]]]}},{"type":"Feature","id":"OSM-way-801891013","properties":{"id":"OSM-way-801891013","tag":"farmland","facilityId":null,"name":null,"cpcbCategory":null,"source":"OpenStreetMap via Overpass bulk load (© OpenStreetMap contributors, ODbL)","refreshedAt":"2026-09-29T11:06:04.248Z","mappedSince":null,"osmTags":{"landuse":"farmland","produce":"rice"}},"geometry":{"type":"Polygon","coordinates":[[[82.663259,24.06746],[82.663498,24.067341],[82.663263,24.067011],[82.66306,24.067102],[82.663259,24.06746]]]}},{"type":"Feature","id":"OSM-way-801891014","properties":{"id":"OSM-way-801891014","tag":"farmland","facilityId":null,"name":null,"cpcbCategory":null,"source":"OpenStreetMap via Overpass bulk load (© OpenStreetMap contributors, ODbL)","refreshedAt":"2026-09-29T11:06:04.248Z","mappedSince":null,"osmTags":{"landuse":"farmland","produce":"rice"}},"geometry":{"type":"Polygon","coordinates":[[[82.663411,24.066401],[82.663582,24.066326],[82.663966,24.067032],[82.663889,24.067082],[82.663664,24.066706],[82.663587,24.066756],[82.663411,24.066401]]]}},{"type":"Feature","id":"OSM-way-801891018","properties":{"id":"OSM-way-801891018","tag":"farmland","facilityId":null,"name":null,"cpcbCategory":null,"source":"OpenStreetMap via Overpass bulk load (© OpenStreetMap contributors, ODbL)","refreshedAt":"2026-09-29T11:06:04.248Z","mappedSince":null,"osmTags":{"landuse":"farmland","produce":"rice"}},"geometry":{"type":"Polygon","coordinates":[[[82.661284,24.067843],[82.661158,24.067678],[82.661284,24.067544],[82.661432,24.067744],[82.661284,24.067843]]]}},{"type":"Feature","id":"OSM-way-801891019","properties":{"id":"OSM-way-801891019","tag":"farmland","facilityId":null,"name":null,"cpcbCategory":null,"source":"OpenStreetMap via Overpass bulk load (© OpenStreetMap contributors, ODbL)","refreshedAt":"2026-09-29T11:06:04.248Z","mappedSince":null,"osmTags":{"landuse":"farmland","produce":"rice"}},"geometry":{"type":"Polygon","coordinates":[[[82.662531,24.069748],[82.662662,24.070055],[82.6628,24.070069],[82.663203,24.070052],[82.663041,24.069567],[82.663356,24.069446],[82.663625,24.069857],[82.663904,24.069837],[82.663442,24.068894],[82.663271,24.068955],[82.663145,24.068737],[82.663054,24.068782],[82.663023,24.068698],[82.662834,24.068793],[82.66291,24.068947],[82.662727,24.069017],[82.662665,24.068857],[82.662305,24.069002],[82.662604,24.069692],[82.662531,24.069748]]]}},{"type":"Feature","id":"OSM-way-801891020","properties":{"id":"OSM-way-801891020","tag":"farmland","facilityId":null,"name":null,"cpcbCategory":null,"source":"OpenStreetMap via Overpass bulk load (© OpenStreetMap contributors, ODbL)","refreshedAt":"2026-09-29T11:06:04.248Z","mappedSince":null,"osmTags":{"landuse":"farmland","produce":"rice"}},"geometry":{"type":"Polygon","coordinates":[[[82.661372,24.069845],[82.661021,24.069144],[82.660878,24.069169],[82.660637,24.068775],[82.660878,24.068803],[82.660889,24.068878],[82.661098,24.068803],[82.661197,24.068883],[82.661548,24.069449],[82.661751,24.069374],[82.661833,24.069625],[82.661372,24.069845]]]}},{"type":"Feature","id":"OSM-way-801891021","properties":{"id":"OSM-way-801891021","tag":"farmland","facilityId":null,"name":null,"cpcbCategory":null,"source":"OpenStreetMap via Overpass bulk load (© OpenStreetMap contributors, ODbL)","refreshedAt":"2026-09-29T11:06:04.248Z","mappedSince":null,"osmTags":{"landuse":"farmland","produce":"rice"}},"geometry":{"type":"Polygon","coordinates":[[[82.661578,24.070783],[82.661303,24.070283],[82.662376,24.069923],[82.662526,24.070057],[82.662562,24.070149],[82.662712,24.070174],[82.662712,24.070629],[82.662461,24.070744],[82.662419,24.070878],[82.66185,24.070989],[82.661718,24.070738],[82.661578,24.070783]]]}},{"type":"Feature","id":"OSM-way-801891022","properties":{"id":"OSM-way-801891022","tag":"farmland","facilityId":null,"name":null,"cpcbCategory":null,"source":"OpenStreetMap via Overpass bulk load (© OpenStreetMap contributors, ODbL)","refreshedAt":"2026-09-29T11:06:04.248Z","mappedSince":null,"osmTags":{"landuse":"farmland","produce":"rice"}},"geometry":{"type":"Polygon","coordinates":[[[82.663311,24.071056],[82.66329,24.070934],[82.663171,24.070936],[82.663152,24.070842],[82.663235,24.070814],[82.663213,24.070749],[82.663293,24.070735],[82.663318,24.070828],[82.663428,24.070797],[82.663452,24.070864],[82.663351,24.070895],[82.663394,24.071043],[82.663311,24.071056]]]}},{"type":"Feature","id":"OSM-way-801891029","properties":{"id":"OSM-way-801891029","tag":"farmland","facilityId":null,"name":null,"cpcbCategory":null,"source":"OpenStreetMap via Overpass bulk load (© OpenStreetMap contributors, ODbL)","refreshedAt":"2026-09-29T11:06:04.248Z","mappedSince":null,"osmTags":{"landuse":"farmland","produce":"rice"}},"geometry":{"type":"Polygon","coordinates":[[[82.662529,24.076497],[82.662446,24.076437],[82.662622,24.076162],[82.662743,24.076317],[82.662529,24.076497]]]}},{"type":"Feature","id":"OSM-way-801891030","properties":{"id":"OSM-way-801891030","tag":"farmland","facilityId":null,"name":null,"cpcbCategory":null,"source":"OpenStreetMap via Overpass bulk load (© OpenStreetMap contributors, ODbL)","refreshedAt":"2026-09-29T11:06:04.248Z","mappedSince":null,"osmTags":{"landuse":"farmland","produce":"rice"}},"geometry":{"type":"Polygon","coordinates":[[[82.661327,24.075085],[82.661673,24.07495],[82.661536,24.074709],[82.661229,24.074855],[82.661327,24.075085]]]}},{"type":"Feature","id":"OSM-way-801891031","properties":{"id":"OSM-way-801891031","tag":"farmland","facilityId":null,"name":null,"cpcbCategory":null,"source":"OpenStreetMap via Overpass bulk load (© OpenStreetMap contributors, ODbL)","refreshedAt":"2026-09-29T11:06:04.248Z","mappedSince":null,"osmTags":{"landuse":"farmland","produce":"rice"}},"geometry":{"type":"Polygon","coordinates":[[[82.662732,24.076232],[82.662666,24.076117],[82.662874,24.076021],[82.662918,24.076147],[82.662732,24.076232]]]}},{"type":"Feature","id":"OSM-way-801891032","properties":{"id":"OSM-way-801891032","tag":"farmland","facilityId":null,"name":null,"cpcbCategory":null,"source":"OpenStreetMap via Overpass bulk load (© OpenStreetMap contributors, ODbL)","refreshedAt":"2026-09-29T11:06:04.248Z","mappedSince":null,"osmTags":{"landuse":"farmland","produce":"rice"}},"geometry":{"type":"Polygon","coordinates":[[[82.663077,24.076487],[82.663242,24.076372],[82.663149,24.076192],[82.663049,24.076256],[82.662978,24.076302],[82.663077,24.076487]]]}},{"type":"Feature","id":"OSM-way-801891033","properties":{"id":"OSM-way-801891033","tag":"farmland","facilityId":null,"name":null,"cpcbCategory":null,"source":"OpenStreetMap via Overpass bulk load (© OpenStreetMap contributors, ODbL)","refreshedAt":"2026-09-29T11:06:04.248Z","mappedSince":null,"osmTags":{"landuse":"farmland","produce":"rice"}},"geometry":{"type":"Polygon","coordinates":[[[82.663049,24.076256],[82.662957,24.076127],[82.66316,24.076047],[82.663209,24.076147],[82.663049,24.076256]]]}},{"type":"Feature","id":"OSM-way-801891034","properties":{"id":"OSM-way-801891034","tag":"farmland","facilityId":null,"name":null,"cpcbCategory":null,"source":"OpenStreetMap via Overpass bulk load (© OpenStreetMap contributors, ODbL)","refreshedAt":"2026-09-29T11:06:04.248Z","mappedSince":null,"osmTags":{"landuse":"farmland","produce":"rice"}},"geometry":{"type":"Polygon","coordinates":[[[82.663291,24.076402],[82.663247,24.076292],[82.663401,24.076222],[82.66345,24.076347],[82.663291,24.076402]]]}},{"type":"Feature","id":"OSM-way-801891035","properties":{"id":"OSM-way-801891035","tag":"farmland","facilityId":null,"name":null,"cpcbCategory":null,"source":"OpenStreetMap via Overpass bulk load (© OpenStreetMap contributors, ODbL)","refreshedAt":"2026-09-29T11:06:04.248Z","mappedSince":null,"osmTags":{"landuse":"farmland","produce":"rice"}},"geometry":{"type":"Polygon","coordinates":[[[82.663171,24.076608],[82.663077,24.076487],[82.66345,24.076347],[82.663604,24.076753],[82.663461,24.076843],[82.663341,24.076572],[82.663171,24.076608]]]}},{"type":"Feature","id":"OSM-way-801891036","properties":{"id":"OSM-way-801891036","tag":"farmland","facilityId":null,"name":null,"cpcbCategory":null,"source":"OpenStreetMap via Overpass bulk load (© OpenStreetMap contributors, ODbL)","refreshedAt":"2026-09-29T11:06:04.248Z","mappedSince":null,"osmTags":{"landuse":"farmland","produce":"rice"}},"geometry":{"type":"Polygon","coordinates":[[[82.663401,24.076222],[82.663412,24.076187],[82.663917,24.075961],[82.663944,24.076037],[82.663401,24.076222]]]}},{"type":"Feature","id":"OSM-way-801891037","properties":{"id":"OSM-way-801891037","tag":"farmland","facilityId":null,"name":null,"cpcbCategory":null,"source":"OpenStreetMap via Overpass bulk load (© OpenStreetMap contributors, ODbL)","refreshedAt":"2026-09-29T11:06:04.248Z","mappedSince":null,"osmTags":{"landuse":"farmland","produce":"rice"}},"geometry":{"type":"Polygon","coordinates":[[[82.663261,24.07616],[82.663166,24.07597],[82.663365,24.075917],[82.663429,24.076079],[82.663261,24.07616]]]}},{"type":"Feature","id":"OSM-way-801891038","properties":{"id":"OSM-way-801891038","tag":"farmland","facilityId":null,"name":null,"cpcbCategory":null,"source":"OpenStreetMap via Overpass bulk load (© OpenStreetMap contributors, ODbL)","refreshedAt":"2026-09-29T11:06:04.248Z","mappedSince":null,"osmTags":{"landuse":"farmland","produce":"rice"}},"geometry":{"type":"Polygon","coordinates":[[[82.662957,24.076127],[82.662918,24.076147],[82.662874,24.076021],[82.662928,24.075987],[82.6629,24.0759],[82.663062,24.075853],[82.663148,24.076028],[82.662957,24.076127]]]}},{"type":"Feature","id":"OSM-way-801891039","properties":{"id":"OSM-way-801891039","tag":"farmland","facilityId":null,"name":null,"cpcbCategory":null,"source":"OpenStreetMap via Overpass bulk load (© OpenStreetMap contributors, ODbL)","refreshedAt":"2026-09-29T11:06:04.248Z","mappedSince":null,"osmTags":{"landuse":"farmland","produce":"rice"}},"geometry":{"type":"Polygon","coordinates":[[[82.663133,24.07595],[82.663084,24.07585],[82.663191,24.075836],[82.663212,24.075928],[82.663133,24.07595]]]}},{"type":"Feature","id":"OSM-way-801891040","properties":{"id":"OSM-way-801891040","tag":"farmland","facilityId":null,"name":null,"cpcbCategory":null,"source":"OpenStreetMap via Overpass bulk load (© OpenStreetMap contributors, ODbL)","refreshedAt":"2026-09-29T11:06:04.248Z","mappedSince":null,"osmTags":{"landuse":"farmland","produce":"rice"}},"geometry":{"type":"Polygon","coordinates":[[[82.663231,24.07592],[82.663191,24.075836],[82.663292,24.075808],[82.663331,24.075892],[82.663231,24.07592]]]}},{"type":"Feature","id":"OSM-way-801891041","properties":{"id":"OSM-way-801891041","tag":"farmland","facilityId":null,"name":null,"cpcbCategory":null,"source":"OpenStreetMap via Overpass bulk load (© OpenStreetMap contributors, ODbL)","refreshedAt":"2026-09-29T11:06:04.248Z","mappedSince":null,"osmTags":{"landuse":"farmland","produce":"rice"}},"geometry":{"type":"Polygon","coordinates":[[[82.663457,24.076065],[82.663689,24.075967],[82.663653,24.075839],[82.663705,24.075811],[82.663383,24.075917],[82.663457,24.076065]]]}},{"type":"Feature","id":"OSM-way-801891042","properties":{"id":"OSM-way-801891042","tag":"farmland","facilityId":null,"name":null,"cpcbCategory":null,"source":"OpenStreetMap via Overpass bulk load (© OpenStreetMap contributors, ODbL)","refreshedAt":"2026-09-29T11:06:04.248Z","mappedSince":null,"osmTags":{"landuse":"farmland","produce":"rice"}},"geometry":{"type":"Polygon","coordinates":[[[82.663371,24.075895],[82.66331,24.075766],[82.663231,24.075615],[82.663405,24.075534],[82.663558,24.075839],[82.663371,24.075895]]]}},{"type":"Feature","id":"OSM-way-801891043","properties":{"id":"OSM-way-801891043","tag":"farmland","facilityId":null,"name":null,"cpcbCategory":null,"source":"OpenStreetMap via Overpass bulk load (© OpenStreetMap contributors, ODbL)","refreshedAt":"2026-09-29T11:06:04.248Z","mappedSince":null,"osmTags":{"landuse":"farmland","produce":"rice"}},"geometry":{"type":"Polygon","coordinates":[[[82.663579,24.075819],[82.663512,24.075677],[82.663937,24.075487],[82.664013,24.075643],[82.663906,24.075691],[82.663879,24.075629],[82.663824,24.07566],[82.663851,24.075721],[82.663579,24.075819]]]}},{"type":"Feature","id":"OSM-way-801891044","properties":{"id":"OSM-way-801891044","tag":"farmland","facilityId":null,"name":null,"cpcbCategory":null,"source":"OpenStreetMap via Overpass bulk load (© OpenStreetMap contributors, ODbL)","refreshedAt":"2026-09-29T11:06:04.248Z","mappedSince":null,"osmTags":{"landuse":"farmland","produce":"rice"}},"geometry":{"type":"Polygon","coordinates":[[[82.66283,24.075816],[82.662772,24.075738],[82.663179,24.075582],[82.663237,24.075679],[82.66283,24.075816]]]}},{"type":"Feature","id":"OSM-way-801891045","properties":{"id":"OSM-way-801891045","tag":"farmland","facilityId":null,"name":null,"cpcbCategory":null,"source":"OpenStreetMap via Overpass bulk load (© OpenStreetMap contributors, ODbL)","refreshedAt":"2026-09-29T11:06:04.248Z","mappedSince":null,"osmTags":{"landuse":"farmland","produce":"rice"}},"geometry":{"type":"Polygon","coordinates":[[[82.663998,24.07554],[82.663971,24.075473],[82.664489,24.075253],[82.664496,24.075328],[82.664019,24.075537],[82.663998,24.07554]]]}},{"type":"Feature","id":"OSM-way-801891046","properties":{"id":"OSM-way-801891046","tag":"farmland","facilityId":null,"name":null,"cpcbCategory":null,"source":"OpenStreetMap via Overpass bulk load (© OpenStreetMap contributors, ODbL)","refreshedAt":"2026-09-29T11:06:04.248Z","mappedSince":null,"osmTags":{"landuse":"farmland","produce":"rice"}},"geometry":{"type":"Polygon","coordinates":[[[82.663763,24.076673],[82.663698,24.076567],[82.66438,24.07633],[82.664405,24.076377],[82.663763,24.076673]]]}},{"type":"Feature","id":"OSM-way-801891047","properties":{"id":"OSM-way-801891047","tag":"farmland","facilityId":null,"name":null,"cpcbCategory":null,"source":"OpenStreetMap via Overpass bulk load (© OpenStreetMap contributors, ODbL)","refreshedAt":"2026-09-29T11:06:04.248Z","mappedSince":null,"osmTags":{"landuse":"farmland","produce":"rice"}},"geometry":{"type":"Polygon","coordinates":[[[82.664435,24.076372],[82.664402,24.076324],[82.664729,24.076202],[82.664756,24.07626],[82.664435,24.076372]]]}},{"type":"Feature","id":"OSM-way-801913199","properties":{"id":"OSM-way-801913199","tag":"farmland","facilityId":null,"name":null,"cpcbCategory":null,"source":"OpenStreetMap via Overpass bulk load (© OpenStreetMap contributors, ODbL)","refreshedAt":"2026-09-29T11:06:04.248Z","mappedSince":null,"osmTags":{"landuse":"farmland","produce":"rice"}},"geometry":{"type":"Polygon","coordinates":[[[82.664968,24.076504],[82.664915,24.076123],[82.665338,24.075958],[82.665345,24.075976],[82.665167,24.076072],[82.665182,24.07613],[82.665539,24.075958],[82.665577,24.076033],[82.665655,24.075997],[82.66571,24.076084],[82.665846,24.076036],[82.665854,24.076063],[82.665866,24.076077],[82.665937,24.076047],[82.665987,24.076116],[82.665562,24.076311],[82.665285,24.076408],[82.665152,24.076452],[82.664968,24.076504]]]}},{"type":"Feature","id":"OSM-way-801913200","properties":{"id":"OSM-way-801913200","tag":"farmland","facilityId":null,"name":null,"cpcbCategory":null,"source":"OpenStreetMap via Overpass bulk load (© OpenStreetMap contributors, ODbL)","refreshedAt":"2026-09-29T11:06:04.248Z","mappedSince":null,"osmTags":{"landuse":"farmland","produce":"rice"}},"geometry":{"type":"Polygon","coordinates":[[[82.665049,24.075968],[82.665018,24.075916],[82.665157,24.075863],[82.665164,24.075831],[82.66536,24.075778],[82.665288,24.075652],[82.666057,24.075303],[82.666115,24.075427],[82.665539,24.075652],[82.66564,24.075797],[82.665237,24.075981],[82.665204,24.075912],[82.665049,24.075968]]]}},{"type":"Feature","id":"OSM-way-801913203","properties":{"id":"OSM-way-801913203","tag":"farmland","facilityId":null,"name":null,"cpcbCategory":null,"source":"OpenStreetMap via Overpass bulk load (© OpenStreetMap contributors, ODbL)","refreshedAt":"2026-09-29T11:06:04.248Z","mappedSince":null,"osmTags":{"landuse":"farmland","produce":"rice"}},"geometry":{"type":"Polygon","coordinates":[[[82.665813,24.076452],[82.665738,24.076302],[82.665896,24.076238],[82.665959,24.07639],[82.665813,24.076452]]]}},{"type":"Feature","id":"OSM-way-801913204","properties":{"id":"OSM-way-801913204","tag":"farmland","facilityId":null,"name":null,"cpcbCategory":null,"source":"OpenStreetMap via Overpass bulk load (© OpenStreetMap contributors, ODbL)","refreshedAt":"2026-09-29T11:06:04.248Z","mappedSince":null,"osmTags":{"landuse":"farmland","produce":"rice"}},"geometry":{"type":"Polygon","coordinates":[[[82.665982,24.076392],[82.665917,24.076247],[82.66601,24.076203],[82.666073,24.076346],[82.665982,24.076392]]]}},{"type":"Feature","id":"OSM-way-801913206","properties":{"id":"OSM-way-801913206","tag":"farmland","facilityId":null,"name":null,"cpcbCategory":null,"source":"OpenStreetMap via Overpass bulk load (© OpenStreetMap contributors, ODbL)","refreshedAt":"2026-09-29T11:06:04.248Z","mappedSince":null,"osmTags":{"landuse":"farmland","produce":"rice"}},"geometry":{"type":"Polygon","coordinates":[[[82.666213,24.0763],[82.666143,24.076155],[82.666239,24.076093],[82.666309,24.076256],[82.666213,24.0763]]]}},{"type":"Feature","id":"OSM-way-801913207","properties":{"id":"OSM-way-801913207","tag":"farmland","facilityId":null,"name":null,"cpcbCategory":null,"source":"OpenStreetMap via Overpass bulk load (© OpenStreetMap contributors, ODbL)","refreshedAt":"2026-09-29T11:06:04.248Z","mappedSince":null,"osmTags":{"landuse":"farmland","produce":"rice"}},"geometry":{"type":"Polygon","coordinates":[[[82.666337,24.076254],[82.666256,24.076089],[82.666344,24.076061],[82.666417,24.076222],[82.666337,24.076254]]]}},{"type":"Feature","id":"OSM-way-801913208","properties":{"id":"OSM-way-801913208","tag":"farmland","facilityId":null,"name":null,"cpcbCategory":null,"source":"OpenStreetMap via Overpass bulk load (© OpenStreetMap contributors, ODbL)","refreshedAt":"2026-09-29T11:06:04.248Z","mappedSince":null,"osmTags":{"landuse":"farmland","produce":"rice"}},"geometry":{"type":"Polygon","coordinates":[[[82.666427,24.076206],[82.666365,24.076054],[82.666425,24.076024],[82.666503,24.076171],[82.666427,24.076206]]]}},{"type":"Feature","id":"OSM-way-801913209","properties":{"id":"OSM-way-801913209","tag":"farmland","facilityId":null,"name":null,"cpcbCategory":null,"source":"OpenStreetMap via Overpass bulk load (© OpenStreetMap contributors, ODbL)","refreshedAt":"2026-09-29T11:06:04.248Z","mappedSince":null,"osmTags":{"landuse":"farmland","produce":"rice"}},"geometry":{"type":"Polygon","coordinates":[[[82.666528,24.076167],[82.666455,24.076024],[82.666551,24.075992],[82.666606,24.076137],[82.666528,24.076167]]]}},{"type":"Feature","id":"OSM-way-801913210","properties":{"id":"OSM-way-801913210","tag":"farmland","facilityId":null,"name":null,"cpcbCategory":null,"source":"OpenStreetMap via Overpass bulk load (© OpenStreetMap contributors, ODbL)","refreshedAt":"2026-09-29T11:06:04.248Z","mappedSince":null,"osmTags":{"landuse":"farmland","produce":"rice"}},"geometry":{"type":"Polygon","coordinates":[[[82.666634,24.076134],[82.666566,24.075985],[82.666659,24.075939],[82.666732,24.076077],[82.666634,24.076134]]]}},{"type":"Feature","id":"OSM-way-801913211","properties":{"id":"OSM-way-801913211","tag":"farmland","facilityId":null,"name":null,"cpcbCategory":null,"source":"OpenStreetMap via Overpass bulk load (© OpenStreetMap contributors, ODbL)","refreshedAt":"2026-09-29T11:06:04.248Z","mappedSince":null,"osmTags":{"landuse":"farmland","produce":"rice"}},"geometry":{"type":"Polygon","coordinates":[[[82.666762,24.076082],[82.666679,24.075939],[82.66678,24.075884],[82.666855,24.076027],[82.666762,24.076082]]]}},{"type":"Feature","id":"OSM-way-801913212","properties":{"id":"OSM-way-801913212","tag":"farmland","facilityId":null,"name":null,"cpcbCategory":null,"source":"OpenStreetMap via Overpass bulk load (© OpenStreetMap contributors, ODbL)","refreshedAt":"2026-09-29T11:06:04.248Z","mappedSince":null,"osmTags":{"landuse":"farmland","produce":"rice"}},"geometry":{"type":"Polygon","coordinates":[[[82.666875,24.076029],[82.666792,24.075877],[82.666938,24.075817],[82.667006,24.075969],[82.666875,24.076029]]]}},{"type":"Feature","id":"OSM-way-801913213","properties":{"id":"OSM-way-801913213","tag":"farmland","facilityId":null,"name":null,"cpcbCategory":null,"source":"OpenStreetMap via Overpass bulk load (© OpenStreetMap contributors, ODbL)","refreshedAt":"2026-09-29T11:06:04.248Z","mappedSince":null,"osmTags":{"landuse":"farmland","produce":"rice"}},"geometry":{"type":"Polygon","coordinates":[[[82.666206,24.076509],[82.666322,24.076463],[82.666213,24.0763],[82.666118,24.07636],[82.666206,24.076509]]]}},{"type":"Feature","id":"OSM-way-801913214","properties":{"id":"OSM-way-801913214","tag":"farmland","facilityId":null,"name":null,"cpcbCategory":null,"source":"OpenStreetMap via Overpass bulk load (© OpenStreetMap contributors, ODbL)","refreshedAt":"2026-09-29T11:06:04.248Z","mappedSince":null,"osmTags":{"landuse":"farmland","produce":"rice"}},"geometry":{"type":"Polygon","coordinates":[[[82.666903,24.076217],[82.666843,24.076068],[82.666989,24.075999],[82.667059,24.076146],[82.666903,24.076217]]]}},{"type":"Feature","id":"OSM-way-801913215","properties":{"id":"OSM-way-801913215","tag":"farmland","facilityId":null,"name":null,"cpcbCategory":null,"source":"OpenStreetMap via Overpass bulk load (© OpenStreetMap contributors, ODbL)","refreshedAt":"2026-09-29T11:06:04.248Z","mappedSince":null,"osmTags":{"landuse":"farmland","produce":"rice"}},"geometry":{"type":"Polygon","coordinates":[[[82.666795,24.075135],[82.666359,24.075312],[82.666395,24.075395],[82.666664,24.075266],[82.666754,24.07542],[82.666921,24.07534],[82.666885,24.075275],[82.666772,24.075317],[82.666737,24.075245],[82.666832,24.0752],[82.666795,24.075135]]]}},{"type":"Feature","id":"OSM-way-801913216","properties":{"id":"OSM-way-801913216","tag":"farmland","facilityId":null,"name":null,"cpcbCategory":null,"source":"OpenStreetMap via Overpass bulk load (© OpenStreetMap contributors, ODbL)","refreshedAt":"2026-09-29T11:06:04.248Z","mappedSince":null,"osmTags":{"landuse":"farmland","produce":"rice"}},"geometry":{"type":"Polygon","coordinates":[[[82.668084,24.076547],[82.667942,24.076261],[82.66801,24.076218],[82.668164,24.076536],[82.668099,24.07657],[82.668084,24.076547]]]}},{"type":"Feature","id":"OSM-way-801913217","properties":{"id":"OSM-way-801913217","tag":"farmland","facilityId":null,"name":null,"cpcbCategory":null,"source":"OpenStreetMap via Overpass bulk load (© OpenStreetMap contributors, ODbL)","refreshedAt":"2026-09-29T11:06:04.248Z","mappedSince":null,"osmTags":{"landuse":"farmland","produce":"rice"}},"geometry":{"type":"Polygon","coordinates":[[[82.668309,24.076466],[82.668079,24.075955],[82.668142,24.075904],[82.668249,24.07622],[82.668268,24.076215],[82.668329,24.076373],[82.668414,24.076348],[82.668445,24.076407],[82.668309,24.076466]]]}},{"type":"Feature","id":"OSM-way-801913218","properties":{"id":"OSM-way-801913218","tag":"farmland","facilityId":null,"name":null,"cpcbCategory":null,"source":"OpenStreetMap via Overpass bulk load (© OpenStreetMap contributors, ODbL)","refreshedAt":"2026-09-29T11:06:04.248Z","mappedSince":null,"osmTags":{"landuse":"farmland","produce":"rice"}},"geometry":{"type":"Polygon","coordinates":[[[82.668668,24.076324],[82.668527,24.076027],[82.668643,24.075977],[82.668757,24.076292],[82.668668,24.076324]]]}},{"type":"Feature","id":"OSM-way-801913223","properties":{"id":"OSM-way-801913223","tag":"farmland","facilityId":null,"name":null,"cpcbCategory":null,"source":"OpenStreetMap via Overpass bulk load (© OpenStreetMap contributors, ODbL)","refreshedAt":"2026-09-29T11:06:04.248Z","mappedSince":null,"osmTags":{"landuse":"farmland","produce":"rice"}},"geometry":{"type":"Polygon","coordinates":[[[82.671413,24.076185],[82.67137,24.076112],[82.671547,24.076051],[82.671575,24.076112],[82.671413,24.076185]]]}},{"type":"Feature","id":"OSM-way-801913224","properties":{"id":"OSM-way-801913224","tag":"farmland","facilityId":null,"name":null,"cpcbCategory":null,"source":"OpenStreetMap via Overpass bulk load (© OpenStreetMap contributors, ODbL)","refreshedAt":"2026-09-29T11:06:04.248Z","mappedSince":null,"osmTags":{"landuse":"farmland","produce":"rice"}},"geometry":{"type":"Polygon","coordinates":[[[82.671679,24.076352],[82.67171,24.076417],[82.671538,24.076484],[82.671352,24.076232],[82.671413,24.076185],[82.671577,24.076393],[82.671679,24.076352]]]}},{"type":"Feature","id":"OSM-way-801913225","properties":{"id":"OSM-way-801913225","tag":"farmland","facilityId":null,"name":null,"cpcbCategory":null,"source":"OpenStreetMap via Overpass bulk load (© OpenStreetMap contributors, ODbL)","refreshedAt":"2026-09-29T11:06:04.248Z","mappedSince":null,"osmTags":{"landuse":"farmland","produce":"rice"}},"geometry":{"type":"Polygon","coordinates":[[[82.671459,24.076051],[82.671535,24.076026],[82.671489,24.075937],[82.671416,24.075965],[82.671459,24.076051]]]}},{"type":"Feature","id":"OSM-way-801913226","properties":{"id":"OSM-way-801913226","tag":"farmland","facilityId":null,"name":null,"cpcbCategory":null,"source":"OpenStreetMap via Overpass bulk load (© OpenStreetMap contributors, ODbL)","refreshedAt":"2026-09-29T11:06:04.248Z","mappedSince":null,"osmTags":{"landuse":"farmland","produce":"rice"}},"geometry":{"type":"Polygon","coordinates":[[[82.671177,24.076308],[82.67107,24.076182],[82.671138,24.076124],[82.671263,24.076266],[82.671177,24.076308]]]}},{"type":"Feature","id":"OSM-way-801913227","properties":{"id":"OSM-way-801913227","tag":"farmland","facilityId":null,"name":null,"cpcbCategory":null,"source":"OpenStreetMap via Overpass bulk load (© OpenStreetMap contributors, ODbL)","refreshedAt":"2026-09-29T11:06:04.248Z","mappedSince":null,"osmTags":{"landuse":"farmland","produce":"rice"}},"geometry":{"type":"Polygon","coordinates":[[[82.671208,24.076043],[82.671385,24.075965],[82.671269,24.07575],[82.671184,24.075775],[82.671235,24.075881],[82.671141,24.075923],[82.671208,24.076043]]]}},{"type":"Feature","id":"OSM-way-801913228","properties":{"id":"OSM-way-801913228","tag":"farmland","facilityId":null,"name":null,"cpcbCategory":null,"source":"OpenStreetMap via Overpass bulk load (© OpenStreetMap contributors, ODbL)","refreshedAt":"2026-09-29T11:06:04.248Z","mappedSince":null,"osmTags":{"landuse":"farmland","produce":"rice"}},"geometry":{"type":"Polygon","coordinates":[[[82.671235,24.075663],[82.67134,24.075618],[82.671309,24.075557],[82.671208,24.075596],[82.671235,24.075663]]]}},{"type":"Feature","id":"OSM-way-801913229","properties":{"id":"OSM-way-801913229","tag":"farmland","facilityId":null,"name":null,"cpcbCategory":null,"source":"OpenStreetMap via Overpass bulk load (© OpenStreetMap contributors, ODbL)","refreshedAt":"2026-09-29T11:06:04.248Z","mappedSince":null,"osmTags":{"landuse":"farmland","produce":"rice"}},"geometry":{"type":"Polygon","coordinates":[[[82.670838,24.075822],[82.670921,24.0758],[82.670838,24.075671],[82.670746,24.075708],[82.670838,24.075822]]]}},{"type":"Feature","id":"OSM-way-801913230","properties":{"id":"OSM-way-801913230","tag":"farmland","facilityId":null,"name":null,"cpcbCategory":null,"source":"OpenStreetMap via Overpass bulk load (© OpenStreetMap contributors, ODbL)","refreshedAt":"2026-09-29T11:06:04.248Z","mappedSince":null,"osmTags":{"landuse":"farmland","produce":"rice"}},"geometry":{"type":"Polygon","coordinates":[[[82.670346,24.07599],[82.6703,24.075878],[82.670664,24.075772],[82.670716,24.07587],[82.670346,24.07599]]]}},{"type":"Feature","id":"OSM-way-801913231","properties":{"id":"OSM-way-801913231","tag":"farmland","facilityId":null,"name":null,"cpcbCategory":null,"source":"OpenStreetMap via Overpass bulk load (© OpenStreetMap contributors, ODbL)","refreshedAt":"2026-09-29T11:06:04.248Z","mappedSince":null,"osmTags":{"landuse":"farmland","produce":"rice"}},"geometry":{"type":"Polygon","coordinates":[[[82.671349,24.072182],[82.671333,24.07214],[82.671532,24.07207],[82.671844,24.07202],[82.672223,24.071967],[82.672229,24.072025],[82.672101,24.072042],[82.672095,24.07221],[82.671972,24.072235],[82.671954,24.072168],[82.671768,24.07219],[82.671789,24.072282],[82.671621,24.072313],[82.671593,24.072215],[82.671532,24.072224],[82.671498,24.07214],[82.671349,24.072182]]]}},{"type":"Feature","id":"OSM-way-801913232","properties":{"id":"OSM-way-801913232","tag":"farmland","facilityId":null,"name":null,"cpcbCategory":null,"source":"OpenStreetMap via Overpass bulk load (© OpenStreetMap contributors, ODbL)","refreshedAt":"2026-09-29T11:06:04.248Z","mappedSince":null,"osmTags":{"landuse":"farmland","produce":"rice"}},"geometry":{"type":"Polygon","coordinates":[[[82.671275,24.071986],[82.671248,24.071897],[82.671349,24.071861],[82.671321,24.071769],[82.671425,24.071724],[82.671434,24.07176],[82.671587,24.07171],[82.671654,24.071883],[82.67156,24.071917],[82.671532,24.07183],[82.67145,24.071852],[82.671477,24.071931],[82.671275,24.071986]]]}},{"type":"Feature","id":"OSM-way-801913233","properties":{"id":"OSM-way-801913233","tag":"farmland","facilityId":null,"name":null,"cpcbCategory":null,"source":"OpenStreetMap via Overpass bulk load (© OpenStreetMap contributors, ODbL)","refreshedAt":"2026-09-29T11:06:04.248Z","mappedSince":null,"osmTags":{"landuse":"farmland","produce":"rice"}},"geometry":{"type":"Polygon","coordinates":[[[82.671976,24.072874],[82.671969,24.072799],[82.671865,24.072698],[82.672107,24.072628],[82.672165,24.072668],[82.672034,24.072882],[82.671976,24.072874]]]}},{"type":"Feature","id":"OSM-way-801913234","properties":{"id":"OSM-way-801913234","tag":"farmland","facilityId":null,"name":null,"cpcbCategory":null,"source":"OpenStreetMap via Overpass bulk load (© OpenStreetMap contributors, ODbL)","refreshedAt":"2026-09-29T11:06:04.248Z","mappedSince":null,"osmTags":{"landuse":"farmland","produce":"rice"}},"geometry":{"type":"Polygon","coordinates":[[[82.672653,24.070483],[82.671422,24.070358],[82.670709,24.070431],[82.670093,24.070143],[82.669591,24.069855],[82.669381,24.069337],[82.670223,24.069049],[82.670234,24.068959],[82.670113,24.068999],[82.669948,24.068633],[82.669877,24.068659],[82.669833,24.068558],[82.669959,24.068418],[82.669872,24.068178],[82.669713,24.067927],[82.669921,24.067772],[82.670173,24.06778],[82.67022,24.067772],[82.670239,24.067777],[82.670206,24.067532],[82.670299,24.067321],[82.670546,24.067056],[82.67081,24.066817],[82.670963,24.0667],[82.671479,24.06662],[82.671419,24.066945],[82.671446,24.067026],[82.671611,24.067006],[82.671611,24.067096],[82.671495,24.067161],[82.671523,24.067356],[82.672027,24.067346],[82.672088,24.067481],[82.671951,24.067556],[82.671964,24.067688],[82.671967,24.067717],[82.671825,24.067762],[82.671556,24.067797],[82.671567,24.067942],[82.671408,24.067972],[82.671468,24.068133],[82.671534,24.068268],[82.671452,24.068328],[82.671474,24.068463],[82.671748,24.068388],[82.671934,24.068338],[82.672166,24.068312],[82.672384,24.068288],[82.672461,24.068498],[82.672038,24.068613],[82.671989,24.068493],[82.671852,24.068533],[82.671973,24.068764],[82.671764,24.068874],[82.671781,24.069009],[82.670897,24.069244],[82.670919,24.069365],[82.670848,24.069365],[82.670864,24.069455],[82.671671,24.069265],[82.671715,24.06933],[82.671633,24.06937],[82.671704,24.069545],[82.67177,24.069545],[82.671797,24.069615],[82.671863,24.06962],[82.671973,24.069911],[82.672093,24.069891],[82.67211,24.069991],[82.672049,24.070076],[82.672115,24.070141],[82.672132,24.070226],[82.67245,24.070256],[82.672669,24.070256],[82.672653,24.070483]]]}},{"type":"Feature","id":"OSM-way-801913239","properties":{"id":"OSM-way-801913239","tag":"farmland","facilityId":null,"name":null,"cpcbCategory":null,"source":"OpenStreetMap via Overpass bulk load (© OpenStreetMap contributors, ODbL)","refreshedAt":"2026-09-29T11:06:04.248Z","mappedSince":null,"osmTags":{"landuse":"farmland","produce":"rice"}},"geometry":{"type":"Polygon","coordinates":[[[82.669521,24.068638],[82.669504,24.068575],[82.669525,24.068505],[82.669705,24.068458],[82.669759,24.06859],[82.669521,24.068638]]]}},{"type":"Feature","id":"OSM-way-801913248","properties":{"id":"OSM-way-801913248","tag":"farmland","facilityId":null,"name":null,"cpcbCategory":null,"source":"OpenStreetMap via Overpass bulk load (© OpenStreetMap contributors, ODbL)","refreshedAt":"2026-09-29T11:06:04.248Z","mappedSince":null,"osmTags":{"landuse":"farmland","produce":"rice"}},"geometry":{"type":"Polygon","coordinates":[[[82.664076,24.068917],[82.664199,24.068856],[82.664028,24.068503],[82.66392,24.068531],[82.664076,24.068917]]]}},{"type":"Feature","id":"OSM-way-801913252","properties":{"id":"OSM-way-801913252","tag":"farmland","facilityId":null,"name":null,"cpcbCategory":null,"source":"OpenStreetMap via Overpass bulk load (© OpenStreetMap contributors, ODbL)","refreshedAt":"2026-09-29T11:06:04.248Z","mappedSince":null,"osmTags":{"landuse":"farmland","produce":"rice"}},"geometry":{"type":"Polygon","coordinates":[[[82.662346,24.075676],[82.662507,24.075644],[82.662474,24.075418],[82.662306,24.075453],[82.662346,24.075676]]]}},{"type":"Feature","id":"OSM-way-801913253","properties":{"id":"OSM-way-801913253","tag":"farmland","facilityId":null,"name":null,"cpcbCategory":null,"source":"OpenStreetMap via Overpass bulk load (© OpenStreetMap contributors, ODbL)","refreshedAt":"2026-09-29T11:06:04.248Z","mappedSince":null,"osmTags":{"landuse":"farmland","produce":"rice"}},"geometry":{"type":"Polygon","coordinates":[[[82.662575,24.075655],[82.662515,24.075536],[82.662749,24.075457],[82.662794,24.075561],[82.662575,24.075655]]]}},{"type":"Feature","id":"OSM-way-801913254","properties":{"id":"OSM-way-801913254","tag":"farmland","facilityId":null,"name":null,"cpcbCategory":null,"source":"OpenStreetMap via Overpass bulk load (© OpenStreetMap contributors, ODbL)","refreshedAt":"2026-09-29T11:06:04.248Z","mappedSince":null,"osmTags":{"landuse":"farmland","produce":"rice"}},"geometry":{"type":"Polygon","coordinates":[[[82.662837,24.075572],[82.662791,24.075451],[82.662955,24.075384],[82.663018,24.075338],[82.663098,24.075347],[82.663224,24.075285],[82.66328,24.075388],[82.663131,24.075441],[82.662837,24.075572]]]}},{"type":"Feature","id":"OSM-way-801913255","properties":{"id":"OSM-way-801913255","tag":"farmland","facilityId":null,"name":null,"cpcbCategory":null,"source":"OpenStreetMap via Overpass bulk load (© OpenStreetMap contributors, ODbL)","refreshedAt":"2026-09-29T11:06:04.248Z","mappedSince":null,"osmTags":{"landuse":"farmland","produce":"rice"}},"geometry":{"type":"Polygon","coordinates":[[[82.662379,24.075416],[82.662498,24.075378],[82.662428,24.075263],[82.662346,24.075273],[82.662379,24.075416]]]}},{"type":"Feature","id":"OSM-way-801913256","properties":{"id":"OSM-way-801913256","tag":"farmland","facilityId":null,"name":null,"cpcbCategory":null,"source":"OpenStreetMap via Overpass bulk load (© OpenStreetMap contributors, ODbL)","refreshedAt":"2026-09-29T11:06:04.248Z","mappedSince":null,"osmTags":{"landuse":"farmland","produce":"rice"}},"geometry":{"type":"Polygon","coordinates":[[[82.662483,24.075232],[82.662398,24.075246],[82.662186,24.075243],[82.662182,24.075175],[82.662428,24.075073],[82.662483,24.075232]]]}},{"type":"Feature","id":"OSM-way-801913257","properties":{"id":"OSM-way-801913257","tag":"farmland","facilityId":null,"name":null,"cpcbCategory":null,"source":"OpenStreetMap via Overpass bulk load (© OpenStreetMap contributors, ODbL)","refreshedAt":"2026-09-29T11:06:04.248Z","mappedSince":null,"osmTags":{"landuse":"farmland","produce":"rice"}},"geometry":{"type":"Polygon","coordinates":[[[82.66252,24.075236],[82.662468,24.0751],[82.662565,24.075053],[82.662621,24.075165],[82.66252,24.075236]]]}},{"type":"Feature","id":"OSM-way-801913258","properties":{"id":"OSM-way-801913258","tag":"farmland","facilityId":null,"name":null,"cpcbCategory":null,"source":"OpenStreetMap via Overpass bulk load (© OpenStreetMap contributors, ODbL)","refreshedAt":"2026-09-29T11:06:04.248Z","mappedSince":null,"osmTags":{"landuse":"farmland","produce":"rice"}},"geometry":{"type":"Polygon","coordinates":[[[82.662669,24.075178],[82.662598,24.075059],[82.662784,24.074981],[82.662825,24.075117],[82.662669,24.075178]]]}},{"type":"Feature","id":"OSM-way-801913259","properties":{"id":"OSM-way-801913259","tag":"farmland","facilityId":null,"name":null,"cpcbCategory":null,"source":"OpenStreetMap via Overpass bulk load (© OpenStreetMap contributors, ODbL)","refreshedAt":"2026-09-29T11:06:04.248Z","mappedSince":null,"osmTags":{"landuse":"farmland","produce":"rice"}},"geometry":{"type":"Polygon","coordinates":[[[82.663174,24.075154],[82.663104,24.075029],[82.663412,24.074903],[82.663483,24.075029],[82.663174,24.075154]]]}},{"type":"Feature","id":"OSM-way-801913260","properties":{"id":"OSM-way-801913260","tag":"farmland","facilityId":null,"name":null,"cpcbCategory":null,"source":"OpenStreetMap via Overpass bulk load (© OpenStreetMap contributors, ODbL)","refreshedAt":"2026-09-29T11:06:04.248Z","mappedSince":null,"osmTags":{"landuse":"farmland","produce":"rice"}},"geometry":{"type":"Polygon","coordinates":[[[82.663795,24.07511],[82.663691,24.07511],[82.663628,24.075215],[82.663739,24.075266],[82.663914,24.075358],[82.663984,24.075365],[82.663936,24.075243],[82.663943,24.075154],[82.663795,24.07511]]]}},{"type":"Feature","id":"OSM-way-801913261","properties":{"id":"OSM-way-801913261","tag":"farmland","facilityId":null,"name":null,"cpcbCategory":null,"source":"OpenStreetMap via Overpass bulk load (© OpenStreetMap contributors, ODbL)","refreshedAt":"2026-09-29T11:06:04.248Z","mappedSince":null,"osmTags":{"landuse":"farmland","produce":"rice"}},"geometry":{"type":"Polygon","coordinates":[[[82.661952,24.074686],[82.661926,24.074598],[82.662004,24.074581],[82.66203,24.07469],[82.661952,24.074686]]]}},{"type":"Feature","id":"OSM-way-802760455","properties":{"id":"OSM-way-802760455","tag":"farmland","facilityId":null,"name":null,"cpcbCategory":null,"source":"OpenStreetMap via Overpass bulk load (© OpenStreetMap contributors, ODbL)","refreshedAt":"2026-09-29T11:06:04.248Z","mappedSince":null,"osmTags":{"landuse":"farmland"}},"geometry":{"type":"Polygon","coordinates":[[[82.677182,24.067836],[82.677022,24.067544],[82.677401,24.067377],[82.677438,24.067437],[82.67759,24.067681],[82.677182,24.067836]]]}},{"type":"Feature","id":"OSM-way-803109664","properties":{"id":"OSM-way-803109664","tag":"industrial","facilityId":null,"name":null,"cpcbCategory":null,"source":"OpenStreetMap via Overpass bulk load (© OpenStreetMap contributors, ODbL)","refreshedAt":"2026-09-29T11:06:04.248Z","mappedSince":null,"osmTags":{"landuse":"industrial"}},"geometry":{"type":"Polygon","coordinates":[[[82.619988,24.115631],[82.620171,24.116213],[82.619569,24.116356],[82.619374,24.115924],[82.619442,24.115911],[82.619431,24.115887],[82.619493,24.115874],[82.619466,24.115796],[82.61963,24.115763],[82.619623,24.115748],[82.61967,24.115739],[82.619667,24.1157],[82.619988,24.115631]]]}},{"type":"Feature","id":"OSM-way-803192463","properties":{"id":"OSM-way-803192463","tag":"farmland","facilityId":null,"name":null,"cpcbCategory":null,"source":"OpenStreetMap via Overpass bulk load (© OpenStreetMap contributors, ODbL)","refreshedAt":"2026-09-29T11:06:04.248Z","mappedSince":null,"osmTags":{"landuse":"farmland"}},"geometry":{"type":"Polygon","coordinates":[[[82.581468,24.044926],[82.581405,24.04485],[82.581321,24.044876],[82.581235,24.044821],[82.581062,24.04476],[82.580918,24.04459],[82.581053,24.044316],[82.581046,24.044208],[82.581123,24.044149],[82.581021,24.04384],[82.58095,24.043556],[82.581347,24.043367],[82.581628,24.043913],[82.581628,24.044135],[82.581919,24.044654],[82.581468,24.044926]]]}},{"type":"Feature","id":"OSM-way-803192464","properties":{"id":"OSM-way-803192464","tag":"farmland","facilityId":null,"name":null,"cpcbCategory":null,"source":"OpenStreetMap via Overpass bulk load (© OpenStreetMap contributors, ODbL)","refreshedAt":"2026-09-29T11:06:04.248Z","mappedSince":null,"osmTags":{"landuse":"farmland"}},"geometry":{"type":"Polygon","coordinates":[[[82.583061,24.045514],[82.582808,24.045013],[82.582753,24.045082],[82.582293,24.044343],[82.582108,24.044424],[82.581786,24.043879],[82.581573,24.043498],[82.581765,24.043366],[82.581676,24.043234],[82.581834,24.043153],[82.58169,24.04279],[82.583055,24.042151],[82.583432,24.042928],[82.583466,24.042965],[82.583726,24.042871],[82.5842,24.043898],[82.58422,24.045727],[82.584035,24.045777],[82.583939,24.045633],[82.583795,24.045683],[82.583699,24.045526],[82.583583,24.045564],[82.583466,24.045389],[82.583061,24.045514]]]}},{"type":"Feature","id":"OSM-way-803192465","properties":{"id":"OSM-way-803192465","tag":"farmland","facilityId":null,"name":null,"cpcbCategory":null,"source":"OpenStreetMap via Overpass bulk load (© OpenStreetMap contributors, ODbL)","refreshedAt":"2026-09-29T11:06:04.248Z","mappedSince":null,"osmTags":{"landuse":"farmland"}},"geometry":{"type":"Polygon","coordinates":[[[82.583665,24.042809],[82.583096,24.041688],[82.583178,24.041612],[82.583027,24.041362],[82.583534,24.041105],[82.5835,24.041049],[82.58422,24.040773],[82.5842,24.043898],[82.583665,24.042809]]]}},{"type":"Feature","id":"OSM-way-803192466","properties":{"id":"OSM-way-803192466","tag":"farmland","facilityId":null,"name":null,"cpcbCategory":null,"source":"OpenStreetMap via Overpass bulk load (© OpenStreetMap contributors, ODbL)","refreshedAt":"2026-09-29T11:06:04.248Z","mappedSince":null,"osmTags":{"landuse":"farmland"}},"geometry":{"type":"Polygon","coordinates":[[[82.58241,24.046453],[82.582341,24.046284],[82.582465,24.046021],[82.583096,24.045564],[82.58326,24.045545],[82.583336,24.045627],[82.583473,24.045583],[82.58361,24.046046],[82.583768,24.046453],[82.58241,24.046453]]]}},{"type":"Feature","id":"OSM-way-803778816","properties":{"id":"OSM-way-803778816","tag":"industrial","facilityId":null,"name":null,"cpcbCategory":null,"source":"OpenStreetMap via Overpass bulk load (© OpenStreetMap contributors, ODbL)","refreshedAt":"2026-09-29T11:06:04.248Z","mappedSince":null,"osmTags":{"landuse":"industrial"}},"geometry":{"type":"Polygon","coordinates":[[[82.660243,24.096478],[82.661564,24.096478],[82.661587,24.098315],[82.660191,24.09826],[82.660243,24.096478]]]}},{"type":"Feature","id":"OSM-way-804096656","properties":{"id":"OSM-way-804096656","tag":"farmland","facilityId":null,"name":null,"cpcbCategory":null,"source":"OpenStreetMap via Overpass bulk load (© OpenStreetMap contributors, ODbL)","refreshedAt":"2026-09-29T11:06:04.248Z","mappedSince":null,"osmTags":{"landuse":"farmland"}},"geometry":{"type":"Polygon","coordinates":[[[82.675214,24.114652],[82.675148,24.114692],[82.675225,24.114787],[82.67527,24.114755],[82.675214,24.114652]]]}},{"type":"Feature","id":"OSM-way-804126449","properties":{"id":"OSM-way-804126449","tag":"farmland","facilityId":null,"name":null,"cpcbCategory":null,"source":"OpenStreetMap via Overpass bulk load (© OpenStreetMap contributors, ODbL)","refreshedAt":"2026-09-29T11:06:04.248Z","mappedSince":null,"osmTags":{"landuse":"farmland"}},"geometry":{"type":"Polygon","coordinates":[[[82.672136,24.109316],[82.672173,24.1094],[82.672206,24.10949],[82.672222,24.109531],[82.672354,24.109479],[82.672416,24.109457],[82.672413,24.109375],[82.67239,24.109321],[82.672373,24.109274],[82.672356,24.109252],[82.672214,24.109282],[82.672136,24.109316]]]}},{"type":"Feature","id":"OSM-way-804126450","properties":{"id":"OSM-way-804126450","tag":"farmland","facilityId":null,"name":null,"cpcbCategory":null,"source":"OpenStreetMap via Overpass bulk load (© OpenStreetMap contributors, ODbL)","refreshedAt":"2026-09-29T11:06:04.248Z","mappedSince":null,"osmTags":{"landuse":"farmland"}},"geometry":{"type":"Polygon","coordinates":[[[82.672431,24.109466],[82.67256,24.10942],[82.672661,24.109393],[82.672721,24.109381],[82.672756,24.109373],[82.672717,24.109246],[82.672679,24.109192],[82.672668,24.109157],[82.672644,24.109109],[82.672553,24.109133],[82.672472,24.109151],[82.672395,24.109192],[82.672343,24.1092],[82.672356,24.109252],[82.672373,24.109274],[82.67239,24.109321],[82.672413,24.109375],[82.672416,24.109457],[82.672431,24.109466]]]}},{"type":"Feature","id":"OSM-way-804126451","properties":{"id":"OSM-way-804126451","tag":"farmland","facilityId":null,"name":null,"cpcbCategory":null,"source":"OpenStreetMap via Overpass bulk load (© OpenStreetMap contributors, ODbL)","refreshedAt":"2026-09-29T11:06:04.248Z","mappedSince":null,"osmTags":{"landuse":"farmland"}},"geometry":{"type":"Polygon","coordinates":[[[82.672689,24.10941],[82.672755,24.109535],[82.672789,24.109603],[82.672806,24.109633],[82.673024,24.109547],[82.67317,24.109504],[82.673117,24.109383],[82.673089,24.109298],[82.673068,24.109243],[82.672689,24.10941]]]}},{"type":"Feature","id":"OSM-way-804128857","properties":{"id":"OSM-way-804128857","tag":"farmland","facilityId":null,"name":null,"cpcbCategory":null,"source":"OpenStreetMap via Overpass bulk load (© OpenStreetMap contributors, ODbL)","refreshedAt":"2026-09-29T11:06:04.248Z","mappedSince":null,"osmTags":{"landuse":"farmland"}},"geometry":{"type":"Polygon","coordinates":[[[82.67243,24.108681],[82.672323,24.108418],[82.67263,24.108302],[82.672724,24.108526],[82.67243,24.108681]]]}},{"type":"Feature","id":"OSM-way-804961431","properties":{"id":"OSM-way-804961431","tag":"industrial","facilityId":null,"name":null,"cpcbCategory":null,"source":"OpenStreetMap via Overpass bulk load (© OpenStreetMap contributors, ODbL)","refreshedAt":"2026-09-29T11:06:04.248Z","mappedSince":null,"osmTags":{"landuse":"industrial"}},"geometry":{"type":"Polygon","coordinates":[[[82.678482,24.058967],[82.678708,24.05876],[82.67856,24.058585],[82.678284,24.058792],[82.678482,24.058967]]]}},{"type":"Feature","id":"OSM-way-805296908","properties":{"id":"OSM-way-805296908","tag":"farmland","facilityId":null,"name":null,"cpcbCategory":null,"source":"OpenStreetMap via Overpass bulk load (© OpenStreetMap contributors, ODbL)","refreshedAt":"2026-09-29T11:06:04.248Z","mappedSince":null,"osmTags":{"landuse":"farmland"}},"geometry":{"type":"Polygon","coordinates":[[[82.686999,24.090242],[82.688201,24.089781],[82.6883,24.089523],[82.687996,24.089531],[82.687966,24.089336],[82.687294,24.089543],[82.687419,24.089789],[82.687102,24.089925],[82.686858,24.090066],[82.686999,24.090242]]]}},{"type":"Feature","id":"OSM-way-805296909","properties":{"id":"OSM-way-805296909","tag":"farmland","facilityId":null,"name":"dry farm land","cpcbCategory":null,"source":"OpenStreetMap via Overpass bulk load (© OpenStreetMap contributors, ODbL)","refreshedAt":"2026-09-29T11:06:04.248Z","mappedSince":null,"osmTags":{"landuse":"farmland","name":"dry farm land"}},"geometry":{"type":"Polygon","coordinates":[[[82.68495,24.090371],[82.685177,24.090456],[82.685288,24.090289],[82.685233,24.08975],[82.684963,24.089785],[82.68495,24.090371]]]}},{"type":"Feature","id":"OSM-way-805296910","properties":{"id":"OSM-way-805296910","tag":"farmland","facilityId":null,"name":"farm land","cpcbCategory":null,"source":"OpenStreetMap via Overpass bulk load (© OpenStreetMap contributors, ODbL)","refreshedAt":"2026-09-29T11:06:04.248Z","mappedSince":null,"osmTags":{"landuse":"farmland","name":"farm land"}},"geometry":{"type":"Polygon","coordinates":[[[82.685335,24.090304],[82.685524,24.090382],[82.685536,24.090164],[82.685784,24.090062],[82.685738,24.089746],[82.685665,24.089605],[82.685699,24.089328],[82.685712,24.089043],[82.685476,24.08909],[82.685562,24.089472],[82.68522,24.089621],[82.685335,24.090304]]]}},{"type":"Feature","id":"OSM-way-805296911","properties":{"id":"OSM-way-805296911","tag":"farmland","facilityId":null,"name":"farm land","cpcbCategory":null,"source":"OpenStreetMap via Overpass bulk load (© OpenStreetMap contributors, ODbL)","refreshedAt":"2026-09-29T11:06:04.248Z","mappedSince":null,"osmTags":{"landuse":"farmland","name":"farm land"}},"geometry":{"type":"Polygon","coordinates":[[[82.68389,24.089652],[82.684886,24.090093],[82.684908,24.089875],[82.684801,24.089664],[82.684613,24.089371],[82.68454,24.089293],[82.683937,24.089512],[82.68389,24.089652]]]}},{"type":"Feature","id":"OSM-way-805296912","properties":{"id":"OSM-way-805296912","tag":"farmland","facilityId":null,"name":"dry farm land","cpcbCategory":null,"source":"OpenStreetMap via Overpass bulk load (© OpenStreetMap contributors, ODbL)","refreshedAt":"2026-09-29T11:06:04.248Z","mappedSince":null,"osmTags":{"landuse":"farmland","name":"dry farm land"}},"geometry":{"type":"Polygon","coordinates":[[[82.683727,24.089328],[82.683646,24.089148],[82.684369,24.088863],[82.685121,24.088606],[82.685297,24.088883],[82.684736,24.089113],[82.683727,24.089328]]]}},{"type":"Feature","id":"OSM-way-807712889","properties":{"id":"OSM-way-807712889","tag":"farmland","facilityId":null,"name":null,"cpcbCategory":null,"source":"OpenStreetMap via Overpass bulk load (© OpenStreetMap contributors, ODbL)","refreshedAt":"2026-09-29T11:06:04.248Z","mappedSince":null,"osmTags":{"landuse":"farmland"}},"geometry":{"type":"Polygon","coordinates":[[[82.686559,24.088294],[82.686029,24.087202],[82.685748,24.086597],[82.688599,24.086585],[82.688585,24.087873],[82.688381,24.088338],[82.688068,24.088511],[82.688166,24.088862],[82.687488,24.088958],[82.687076,24.088224],[82.686559,24.088294]]]}},{"type":"Feature","id":"OSM-way-807712890","properties":{"id":"OSM-way-807712890","tag":"farmland","facilityId":null,"name":null,"cpcbCategory":null,"source":"OpenStreetMap via Overpass bulk load (© OpenStreetMap contributors, ODbL)","refreshedAt":"2026-09-29T11:06:04.248Z","mappedSince":null,"osmTags":{"landuse":"farmland"}},"geometry":{"type":"Polygon","coordinates":[[[82.68319,24.088537],[82.683169,24.086617],[82.685678,24.086642],[82.685966,24.087179],[82.685566,24.087325],[82.685622,24.087586],[82.685231,24.087778],[82.685496,24.088033],[82.68319,24.088537]]]}},{"type":"Feature","id":"OSM-way-808303865","properties":{"id":"OSM-way-808303865","tag":"industrial","facilityId":null,"name":null,"cpcbCategory":null,"source":"OpenStreetMap via Overpass bulk load (© OpenStreetMap contributors, ODbL)","refreshedAt":"2026-09-29T11:06:04.248Z","mappedSince":null,"osmTags":{"building":"yes","man_made":"works"}},"geometry":{"type":"Polygon","coordinates":[[[82.630225,24.048287],[82.630637,24.048215],[82.630571,24.047899],[82.630545,24.047771],[82.63053,24.047702],[82.630427,24.04772],[82.630176,24.047763],[82.630186,24.047809],[82.630128,24.047819],[82.630225,24.048287]]]}},{"type":"Feature","id":"OSM-way-808303883","properties":{"id":"OSM-way-808303883","tag":"industrial","facilityId":null,"name":null,"cpcbCategory":null,"source":"OpenStreetMap via Overpass bulk load (© OpenStreetMap contributors, ODbL)","refreshedAt":"2026-09-29T11:06:04.248Z","mappedSince":null,"osmTags":{"building":"yes","man_made":"works"}},"geometry":{"type":"Polygon","coordinates":[[[82.631752,24.050616],[82.631753,24.050637],[82.631784,24.050635],[82.631792,24.05076],[82.631599,24.05077],[82.631591,24.050645],[82.631629,24.050643],[82.631627,24.050624],[82.631575,24.050627],[82.631568,24.050521],[82.631775,24.05051],[82.631781,24.050614],[82.631752,24.050616]]]}},{"type":"Feature","id":"OSM-way-808303885","properties":{"id":"OSM-way-808303885","tag":"industrial","facilityId":null,"name":null,"cpcbCategory":null,"source":"OpenStreetMap via Overpass bulk load (© OpenStreetMap contributors, ODbL)","refreshedAt":"2026-09-29T11:06:04.248Z","mappedSince":null,"osmTags":{"building":"yes","man_made":"works"}},"geometry":{"type":"Polygon","coordinates":[[[82.632877,24.050804],[82.632846,24.050671],[82.632594,24.050721],[82.63273,24.051305],[82.632852,24.051281],[82.632747,24.05083],[82.632877,24.050804]]]}},{"type":"Feature","id":"OSM-way-808303886","properties":{"id":"OSM-way-808303886","tag":"industrial","facilityId":null,"name":null,"cpcbCategory":null,"source":"OpenStreetMap via Overpass bulk load (© OpenStreetMap contributors, ODbL)","refreshedAt":"2026-09-29T11:06:04.248Z","mappedSince":null,"osmTags":{"building":"yes","man_made":"works"}},"geometry":{"type":"Polygon","coordinates":[[[82.633194,24.051273],[82.633103,24.051293],[82.633092,24.051251],[82.633032,24.051264],[82.633001,24.051145],[82.633126,24.051118],[82.633151,24.051219],[82.633179,24.051213],[82.633194,24.051273]]]}},{"type":"Feature","id":"OSM-way-808303887","properties":{"id":"OSM-way-808303887","tag":"industrial","facilityId":null,"name":null,"cpcbCategory":null,"source":"OpenStreetMap via Overpass bulk load (© OpenStreetMap contributors, ODbL)","refreshedAt":"2026-09-29T11:06:04.248Z","mappedSince":null,"osmTags":{"building":"yes","man_made":"works"}},"geometry":{"type":"Polygon","coordinates":[[[82.633131,24.051091],[82.632981,24.051115],[82.63296,24.051004],[82.63311,24.05098],[82.633131,24.051091]]]}},{"type":"Feature","id":"OSM-way-808303888","properties":{"id":"OSM-way-808303888","tag":"industrial","facilityId":null,"name":null,"cpcbCategory":null,"source":"OpenStreetMap via Overpass bulk load (© OpenStreetMap contributors, ODbL)","refreshedAt":"2026-09-29T11:06:04.248Z","mappedSince":null,"osmTags":{"building":"yes","man_made":"works"}},"geometry":{"type":"Polygon","coordinates":[[[82.633094,24.050926],[82.633067,24.05082],[82.632921,24.050851],[82.632948,24.050957],[82.633094,24.050926]]]}},{"type":"Feature","id":"OSM-way-808303889","properties":{"id":"OSM-way-808303889","tag":"industrial","facilityId":null,"name":null,"cpcbCategory":null,"source":"OpenStreetMap via Overpass bulk load (© OpenStreetMap contributors, ODbL)","refreshedAt":"2026-09-29T11:06:04.248Z","mappedSince":null,"osmTags":{"building":"yes","man_made":"works"}},"geometry":{"type":"Polygon","coordinates":[[[82.632883,24.050799],[82.632963,24.050782],[82.632948,24.050726],[82.632869,24.050743],[82.632883,24.050799]]]}},{"type":"Feature","id":"OSM-way-808303890","properties":{"id":"OSM-way-808303890","tag":"industrial","facilityId":null,"name":null,"cpcbCategory":null,"source":"OpenStreetMap via Overpass bulk load (© OpenStreetMap contributors, ODbL)","refreshedAt":"2026-09-29T11:06:04.248Z","mappedSince":null,"osmTags":{"building":"yes","man_made":"works"}},"geometry":{"type":"Polygon","coordinates":[[[82.632888,24.050659],[82.633017,24.050629],[82.632994,24.050547],[82.632865,24.050578],[82.632888,24.050659]]]}},{"type":"Feature","id":"OSM-way-809936024","properties":{"id":"OSM-way-809936024","tag":"forest","facilityId":null,"name":null,"cpcbCategory":null,"source":"OpenStreetMap via Overpass bulk load (© OpenStreetMap contributors, ODbL)","refreshedAt":"2026-09-29T11:06:04.248Z","mappedSince":null,"osmTags":{"natural":"wood"}},"geometry":{"type":"Polygon","coordinates":[[[82.612549,24.051951],[82.612744,24.051802],[82.612777,24.051821],[82.612769,24.05189],[82.612619,24.051989],[82.612506,24.052044],[82.612298,24.052243],[82.612308,24.052136],[82.612549,24.051951]]]}},{"type":"Feature","id":"OSM-way-810663521","properties":{"id":"OSM-way-810663521","tag":"farmland","facilityId":null,"name":null,"cpcbCategory":null,"source":"OpenStreetMap via Overpass bulk load (© OpenStreetMap contributors, ODbL)","refreshedAt":"2026-09-29T11:06:04.248Z","mappedSince":null,"osmTags":{"landuse":"farmland"}},"geometry":{"type":"Polygon","coordinates":[[[82.591859,24.032204],[82.592022,24.03217],[82.591954,24.031983],[82.591811,24.032002],[82.591859,24.032204]]]}},{"type":"Feature","id":"OSM-way-810663522","properties":{"id":"OSM-way-810663522","tag":"farmland","facilityId":null,"name":null,"cpcbCategory":null,"source":"OpenStreetMap via Overpass bulk load (© OpenStreetMap contributors, ODbL)","refreshedAt":"2026-09-29T11:06:04.248Z","mappedSince":null,"osmTags":{"landuse":"farmland"}},"geometry":{"type":"Polygon","coordinates":[[[82.592045,24.032163],[82.591978,24.031986],[82.59216,24.031946],[82.592212,24.032124],[82.592045,24.032163]]]}},{"type":"Feature","id":"OSM-way-810663523","properties":{"id":"OSM-way-810663523","tag":"farmland","facilityId":null,"name":null,"cpcbCategory":null,"source":"OpenStreetMap via Overpass bulk load (© OpenStreetMap contributors, ODbL)","refreshedAt":"2026-09-29T11:06:04.248Z","mappedSince":null,"osmTags":{"landuse":"farmland"}},"geometry":{"type":"Polygon","coordinates":[[[82.591926,24.032426],[82.592086,24.032392],[82.592031,24.03219],[82.591868,24.032232],[82.591926,24.032426]]]}},{"type":"Feature","id":"OSM-way-810663524","properties":{"id":"OSM-way-810663524","tag":"farmland","facilityId":null,"name":null,"cpcbCategory":null,"source":"OpenStreetMap via Overpass bulk load (© OpenStreetMap contributors, ODbL)","refreshedAt":"2026-09-29T11:06:04.248Z","mappedSince":null,"osmTags":{"landuse":"farmland"}},"geometry":{"type":"Polygon","coordinates":[[[82.592108,24.03238],[82.592046,24.032195],[82.59221,24.03215],[82.592269,24.032334],[82.592108,24.03238]]]}},{"type":"Feature","id":"OSM-way-810663525","properties":{"id":"OSM-way-810663525","tag":"farmland","facilityId":null,"name":null,"cpcbCategory":null,"source":"OpenStreetMap via Overpass bulk load (© OpenStreetMap contributors, ODbL)","refreshedAt":"2026-09-29T11:06:04.248Z","mappedSince":null,"osmTags":{"landuse":"farmland"}},"geometry":{"type":"Polygon","coordinates":[[[82.591993,24.032671],[82.592092,24.03263],[82.59202,24.032423],[82.591921,24.032457],[82.591993,24.032671]]]}},{"type":"Feature","id":"OSM-way-810663526","properties":{"id":"OSM-way-810663526","tag":"farmland","facilityId":null,"name":null,"cpcbCategory":null,"source":"OpenStreetMap via Overpass bulk load (© OpenStreetMap contributors, ODbL)","refreshedAt":"2026-09-29T11:06:04.248Z","mappedSince":null,"osmTags":{"landuse":"farmland"}},"geometry":{"type":"Polygon","coordinates":[[[82.592108,24.032623],[82.592032,24.03242],[82.59214,24.032383],[82.592208,24.032566],[82.592202,24.032587],[82.592205,24.032601],[82.592108,24.032623]]]}},{"type":"Feature","id":"OSM-way-810663527","properties":{"id":"OSM-way-810663527","tag":"farmland","facilityId":null,"name":null,"cpcbCategory":null,"source":"OpenStreetMap via Overpass bulk load (© OpenStreetMap contributors, ODbL)","refreshedAt":"2026-09-29T11:06:04.248Z","mappedSince":null,"osmTags":{"landuse":"farmland"}},"geometry":{"type":"Polygon","coordinates":[[[82.592235,24.032584],[82.592148,24.032384],[82.592215,24.032358],[82.592325,24.032556],[82.592235,24.032584]]]}},{"type":"Feature","id":"OSM-way-810663528","properties":{"id":"OSM-way-810663528","tag":"farmland","facilityId":null,"name":null,"cpcbCategory":null,"source":"OpenStreetMap via Overpass bulk load (© OpenStreetMap contributors, ODbL)","refreshedAt":"2026-09-29T11:06:04.248Z","mappedSince":null,"osmTags":{"landuse":"farmland"}},"geometry":{"type":"Polygon","coordinates":[[[82.592348,24.032561],[82.592287,24.032472],[82.592227,24.032359],[82.592335,24.032302],[82.592395,24.032396],[82.592493,24.032498],[82.592348,24.032561]]]}},{"type":"Feature","id":"OSM-way-810663529","properties":{"id":"OSM-way-810663529","tag":"farmland","facilityId":null,"name":null,"cpcbCategory":null,"source":"OpenStreetMap via Overpass bulk load (© OpenStreetMap contributors, ODbL)","refreshedAt":"2026-09-29T11:06:04.248Z","mappedSince":null,"osmTags":{"landuse":"farmland"}},"geometry":{"type":"Polygon","coordinates":[[[82.592662,24.03244],[82.592519,24.032506],[82.592597,24.032594],[82.592743,24.03253],[82.592662,24.03244]]]}},{"type":"Feature","id":"OSM-way-810663530","properties":{"id":"OSM-way-810663530","tag":"farmland","facilityId":null,"name":null,"cpcbCategory":null,"source":"OpenStreetMap via Overpass bulk load (© OpenStreetMap contributors, ODbL)","refreshedAt":"2026-09-29T11:06:04.248Z","mappedSince":null,"osmTags":{"landuse":"farmland"}},"geometry":{"type":"Polygon","coordinates":[[[82.592416,24.032674],[82.592365,24.032591],[82.592491,24.032524],[82.592571,24.032599],[82.592416,24.032674]]]}},{"type":"Feature","id":"OSM-way-810663531","properties":{"id":"OSM-way-810663531","tag":"farmland","facilityId":null,"name":null,"cpcbCategory":null,"source":"OpenStreetMap via Overpass bulk load (© OpenStreetMap contributors, ODbL)","refreshedAt":"2026-09-29T11:06:04.248Z","mappedSince":null,"osmTags":{"landuse":"farmland"}},"geometry":{"type":"Polygon","coordinates":[[[82.592733,24.032552],[82.592789,24.032602],[82.592826,24.032653],[82.592683,24.032714],[82.592598,24.032608],[82.592733,24.032552]]]}},{"type":"Feature","id":"OSM-way-810663532","properties":{"id":"OSM-way-810663532","tag":"farmland","facilityId":null,"name":null,"cpcbCategory":null,"source":"OpenStreetMap via Overpass bulk load (© OpenStreetMap contributors, ODbL)","refreshedAt":"2026-09-29T11:06:04.248Z","mappedSince":null,"osmTags":{"landuse":"farmland"}},"geometry":{"type":"Polygon","coordinates":[[[82.592061,24.032833],[82.591999,24.032685],[82.592164,24.032632],[82.592229,24.032766],[82.592061,24.032833]]]}},{"type":"Feature","id":"OSM-way-810663533","properties":{"id":"OSM-way-810663533","tag":"farmland","facilityId":null,"name":null,"cpcbCategory":null,"source":"OpenStreetMap via Overpass bulk load (© OpenStreetMap contributors, ODbL)","refreshedAt":"2026-09-29T11:06:04.248Z","mappedSince":null,"osmTags":{"landuse":"farmland"}},"geometry":{"type":"Polygon","coordinates":[[[82.592249,24.032761],[82.592184,24.032621],[82.592325,24.032566],[82.592406,24.032698],[82.592249,24.032761]]]}},{"type":"Feature","id":"OSM-way-810663534","properties":{"id":"OSM-way-810663534","tag":"farmland","facilityId":null,"name":null,"cpcbCategory":null,"source":"OpenStreetMap via Overpass bulk load (© OpenStreetMap contributors, ODbL)","refreshedAt":"2026-09-29T11:06:04.248Z","mappedSince":null,"osmTags":{"landuse":"farmland"}},"geometry":{"type":"Polygon","coordinates":[[[82.592067,24.032839],[82.592228,24.03278],[82.592333,24.033004],[82.592176,24.0331],[82.592067,24.032839]]]}},{"type":"Feature","id":"OSM-way-810663535","properties":{"id":"OSM-way-810663535","tag":"farmland","facilityId":null,"name":null,"cpcbCategory":null,"source":"OpenStreetMap via Overpass bulk load (© OpenStreetMap contributors, ODbL)","refreshedAt":"2026-09-29T11:06:04.248Z","mappedSince":null,"osmTags":{"landuse":"farmland"}},"geometry":{"type":"Polygon","coordinates":[[[82.592578,24.032609],[82.592429,24.032685],[82.592499,24.032819],[82.592654,24.032729],[82.592578,24.032609]]]}},{"type":"Feature","id":"OSM-way-810663536","properties":{"id":"OSM-way-810663536","tag":"farmland","facilityId":null,"name":null,"cpcbCategory":null,"source":"OpenStreetMap via Overpass bulk load (© OpenStreetMap contributors, ODbL)","refreshedAt":"2026-09-29T11:06:04.248Z","mappedSince":null,"osmTags":{"landuse":"farmland"}},"geometry":{"type":"Polygon","coordinates":[[[82.592247,24.032774],[82.592407,24.032713],[82.592472,24.03281],[82.592512,24.032906],[82.592351,24.032997],[82.592247,24.032774]]]}},{"type":"Feature","id":"OSM-way-810663537","properties":{"id":"OSM-way-810663537","tag":"farmland","facilityId":null,"name":null,"cpcbCategory":null,"source":"OpenStreetMap via Overpass bulk load (© OpenStreetMap contributors, ODbL)","refreshedAt":"2026-09-29T11:06:04.248Z","mappedSince":null,"osmTags":{"landuse":"farmland"}},"geometry":{"type":"Polygon","coordinates":[[[82.592674,24.032742],[82.592806,24.032687],[82.592874,24.032744],[82.592923,24.032838],[82.592766,24.03292],[82.592674,24.032742]]]}},{"type":"Feature","id":"OSM-way-810663538","properties":{"id":"OSM-way-810663538","tag":"farmland","facilityId":null,"name":null,"cpcbCategory":null,"source":"OpenStreetMap via Overpass bulk load (© OpenStreetMap contributors, ODbL)","refreshedAt":"2026-09-29T11:06:04.248Z","mappedSince":null,"osmTags":{"landuse":"farmland"}},"geometry":{"type":"Polygon","coordinates":[[[82.592607,24.03301],[82.592503,24.032835],[82.592654,24.032746],[82.592752,24.032923],[82.592607,24.03301]]]}},{"type":"Feature","id":"OSM-way-810663539","properties":{"id":"OSM-way-810663539","tag":"farmland","facilityId":null,"name":null,"cpcbCategory":null,"source":"OpenStreetMap via Overpass bulk load (© OpenStreetMap contributors, ODbL)","refreshedAt":"2026-09-29T11:06:04.248Z","mappedSince":null,"osmTags":{"landuse":"farmland"}},"geometry":{"type":"Polygon","coordinates":[[[82.592448,24.03312],[82.592369,24.033001],[82.592513,24.032919],[82.592525,24.032932],[82.592536,24.032926],[82.592585,24.033021],[82.592448,24.03312]]]}},{"type":"Feature","id":"OSM-way-810663540","properties":{"id":"OSM-way-810663540","tag":"farmland","facilityId":null,"name":null,"cpcbCategory":null,"source":"OpenStreetMap via Overpass bulk load (© OpenStreetMap contributors, ODbL)","refreshedAt":"2026-09-29T11:06:04.248Z","mappedSince":null,"osmTags":{"landuse":"farmland"}},"geometry":{"type":"Polygon","coordinates":[[[82.592186,24.033108],[82.59236,24.033017],[82.592437,24.033133],[82.592276,24.033244],[82.592186,24.033108]]]}},{"type":"Feature","id":"OSM-way-810663541","properties":{"id":"OSM-way-810663541","tag":"farmland","facilityId":null,"name":null,"cpcbCategory":null,"source":"OpenStreetMap via Overpass bulk load (© OpenStreetMap contributors, ODbL)","refreshedAt":"2026-09-29T11:06:04.248Z","mappedSince":null,"osmTags":{"landuse":"farmland"}},"geometry":{"type":"Polygon","coordinates":[[[82.593133,24.03274],[82.593032,24.032796],[82.593114,24.032914],[82.593247,24.032827],[82.593133,24.03274]]]}},{"type":"Feature","id":"OSM-way-810663542","properties":{"id":"OSM-way-810663542","tag":"farmland","facilityId":null,"name":null,"cpcbCategory":null,"source":"OpenStreetMap via Overpass bulk load (© OpenStreetMap contributors, ODbL)","refreshedAt":"2026-09-29T11:06:04.248Z","mappedSince":null,"osmTags":{"landuse":"farmland"}},"geometry":{"type":"Polygon","coordinates":[[[82.593013,24.032807],[82.593097,24.032927],[82.592935,24.033014],[82.592899,24.032966],[82.592849,24.032901],[82.593013,24.032807]]]}},{"type":"Feature","id":"OSM-way-810663543","properties":{"id":"OSM-way-810663543","tag":"farmland","facilityId":null,"name":null,"cpcbCategory":null,"source":"OpenStreetMap via Overpass bulk load (© OpenStreetMap contributors, ODbL)","refreshedAt":"2026-09-29T11:06:04.248Z","mappedSince":null,"osmTags":{"landuse":"farmland"}},"geometry":{"type":"Polygon","coordinates":[[[82.593126,24.032935],[82.593275,24.03282],[82.593404,24.032913],[82.593195,24.033055],[82.593126,24.032935]]]}},{"type":"Feature","id":"OSM-way-810663544","properties":{"id":"OSM-way-810663544","tag":"farmland","facilityId":null,"name":null,"cpcbCategory":null,"source":"OpenStreetMap via Overpass bulk load (© OpenStreetMap contributors, ODbL)","refreshedAt":"2026-09-29T11:06:04.248Z","mappedSince":null,"osmTags":{"landuse":"farmland"}},"geometry":{"type":"Polygon","coordinates":[[[82.593069,24.033146],[82.593186,24.033076],[82.593118,24.032953],[82.592979,24.033017],[82.593069,24.033146]]]}},{"type":"Feature","id":"OSM-way-810663545","properties":{"id":"OSM-way-810663545","tag":"farmland","facilityId":null,"name":null,"cpcbCategory":null,"source":"OpenStreetMap via Overpass bulk load (© OpenStreetMap contributors, ODbL)","refreshedAt":"2026-09-29T11:06:04.248Z","mappedSince":null,"osmTags":{"landuse":"farmland"}},"geometry":{"type":"Polygon","coordinates":[[[82.592872,24.033082],[82.592957,24.033023],[82.593025,24.033098],[82.593049,24.033152],[82.592947,24.033213],[82.592872,24.033082]]]}},{"type":"Feature","id":"OSM-way-810663546","properties":{"id":"OSM-way-810663546","tag":"farmland","facilityId":null,"name":null,"cpcbCategory":null,"source":"OpenStreetMap via Overpass bulk load (© OpenStreetMap contributors, ODbL)","refreshedAt":"2026-09-29T11:06:04.248Z","mappedSince":null,"osmTags":{"landuse":"farmland"}},"geometry":{"type":"Polygon","coordinates":[[[82.592841,24.032905],[82.592899,24.032966],[82.592887,24.032983],[82.592925,24.033014],[82.592832,24.033081],[82.592736,24.03296],[82.592841,24.032905]]]}},{"type":"Feature","id":"OSM-way-810663547","properties":{"id":"OSM-way-810663547","tag":"farmland","facilityId":null,"name":null,"cpcbCategory":null,"source":"OpenStreetMap via Overpass bulk load (© OpenStreetMap contributors, ODbL)","refreshedAt":"2026-09-29T11:06:04.248Z","mappedSince":null,"osmTags":{"landuse":"farmland"}},"geometry":{"type":"Polygon","coordinates":[[[82.592615,24.033029],[82.592729,24.032966],[82.592826,24.033086],[82.592692,24.033164],[82.592615,24.033029]]]}},{"type":"Feature","id":"OSM-way-810663548","properties":{"id":"OSM-way-810663548","tag":"farmland","facilityId":null,"name":null,"cpcbCategory":null,"source":"OpenStreetMap via Overpass bulk load (© OpenStreetMap contributors, ODbL)","refreshedAt":"2026-09-29T11:06:04.248Z","mappedSince":null,"osmTags":{"landuse":"farmland"}},"geometry":{"type":"Polygon","coordinates":[[[82.592465,24.033132],[82.592591,24.033042],[82.592671,24.03316],[82.592555,24.033245],[82.592465,24.033132]]]}},{"type":"Feature","id":"OSM-way-810663549","properties":{"id":"OSM-way-810663549","tag":"farmland","facilityId":null,"name":null,"cpcbCategory":null,"source":"OpenStreetMap via Overpass bulk load (© OpenStreetMap contributors, ODbL)","refreshedAt":"2026-09-29T11:06:04.248Z","mappedSince":null,"osmTags":{"landuse":"farmland"}},"geometry":{"type":"Polygon","coordinates":[[[82.592456,24.033135],[82.592372,24.033194],[82.592401,24.033244],[82.592373,24.033288],[82.592456,24.033333],[82.59254,24.033257],[82.592456,24.033135]]]}},{"type":"Feature","id":"OSM-way-810663550","properties":{"id":"OSM-way-810663550","tag":"farmland","facilityId":null,"name":null,"cpcbCategory":null,"source":"OpenStreetMap via Overpass bulk load (© OpenStreetMap contributors, ODbL)","refreshedAt":"2026-09-29T11:06:04.248Z","mappedSince":null,"osmTags":{"landuse":"farmland"}},"geometry":{"type":"Polygon","coordinates":[[[82.592469,24.033343],[82.592557,24.033261],[82.592668,24.033343],[82.592612,24.033405],[82.592469,24.033343]]]}},{"type":"Feature","id":"OSM-way-810663551","properties":{"id":"OSM-way-810663551","tag":"farmland","facilityId":null,"name":null,"cpcbCategory":null,"source":"OpenStreetMap via Overpass bulk load (© OpenStreetMap contributors, ODbL)","refreshedAt":"2026-09-29T11:06:04.248Z","mappedSince":null,"osmTags":{"landuse":"farmland"}},"geometry":{"type":"Polygon","coordinates":[[[82.592574,24.033254],[82.592701,24.033171],[82.592774,24.033285],[82.592675,24.03334],[82.592574,24.033254]]]}},{"type":"Feature","id":"OSM-way-810663552","properties":{"id":"OSM-way-810663552","tag":"farmland","facilityId":null,"name":null,"cpcbCategory":null,"source":"OpenStreetMap via Overpass bulk load (© OpenStreetMap contributors, ODbL)","refreshedAt":"2026-09-29T11:06:04.248Z","mappedSince":null,"osmTags":{"landuse":"farmland"}},"geometry":{"type":"Polygon","coordinates":[[[82.592789,24.033275],[82.59272,24.033164],[82.592858,24.033079],[82.592924,24.03322],[82.592789,24.033275]]]}},{"type":"Feature","id":"OSM-way-810663553","properties":{"id":"OSM-way-810663553","tag":"farmland","facilityId":null,"name":null,"cpcbCategory":null,"source":"OpenStreetMap via Overpass bulk load (© OpenStreetMap contributors, ODbL)","refreshedAt":"2026-09-29T11:06:04.248Z","mappedSince":null,"osmTags":{"landuse":"farmland"}},"geometry":{"type":"Polygon","coordinates":[[[82.593447,24.033146],[82.59332,24.033],[82.593433,24.032907],[82.593511,24.032974],[82.59357,24.033045],[82.593447,24.033146]]]}},{"type":"Feature","id":"OSM-way-810663554","properties":{"id":"OSM-way-810663554","tag":"farmland","facilityId":null,"name":null,"cpcbCategory":null,"source":"OpenStreetMap via Overpass bulk load (© OpenStreetMap contributors, ODbL)","refreshedAt":"2026-09-29T11:06:04.248Z","mappedSince":null,"osmTags":{"landuse":"farmland"}},"geometry":{"type":"Polygon","coordinates":[[[82.593285,24.033235],[82.593206,24.033065],[82.593299,24.033005],[82.593436,24.033159],[82.593285,24.033235]]]}},{"type":"Feature","id":"OSM-way-810663555","properties":{"id":"OSM-way-810663555","tag":"farmland","facilityId":null,"name":null,"cpcbCategory":null,"source":"OpenStreetMap via Overpass bulk load (© OpenStreetMap contributors, ODbL)","refreshedAt":"2026-09-29T11:06:04.248Z","mappedSince":null,"osmTags":{"landuse":"farmland"}},"geometry":{"type":"Polygon","coordinates":[[[82.59307,24.03316],[82.593196,24.03309],[82.593241,24.033174],[82.593266,24.033243],[82.59316,24.033293],[82.59307,24.03316]]]}},{"type":"Feature","id":"OSM-way-810663556","properties":{"id":"OSM-way-810663556","tag":"farmland","facilityId":null,"name":null,"cpcbCategory":null,"source":"OpenStreetMap via Overpass bulk load (© OpenStreetMap contributors, ODbL)","refreshedAt":"2026-09-29T11:06:04.248Z","mappedSince":null,"osmTags":{"landuse":"farmland"}},"geometry":{"type":"Polygon","coordinates":[[[82.592948,24.033221],[82.593053,24.033167],[82.59314,24.033297],[82.593023,24.033361],[82.592948,24.033221]]]}},{"type":"Feature","id":"OSM-way-810663557","properties":{"id":"OSM-way-810663557","tag":"farmland","facilityId":null,"name":null,"cpcbCategory":null,"source":"OpenStreetMap via Overpass bulk load (© OpenStreetMap contributors, ODbL)","refreshedAt":"2026-09-29T11:06:04.248Z","mappedSince":null,"osmTags":{"landuse":"farmland"}},"geometry":{"type":"Polygon","coordinates":[[[82.59287,24.033423],[82.592798,24.033294],[82.592924,24.033231],[82.592993,24.033363],[82.59287,24.033423]]]}},{"type":"Feature","id":"OSM-way-810663558","properties":{"id":"OSM-way-810663558","tag":"farmland","facilityId":null,"name":null,"cpcbCategory":null,"source":"OpenStreetMap via Overpass bulk load (© OpenStreetMap contributors, ODbL)","refreshedAt":"2026-09-29T11:06:04.248Z","mappedSince":null,"osmTags":{"landuse":"farmland"}},"geometry":{"type":"Polygon","coordinates":[[[82.592777,24.033306],[82.59268,24.03335],[82.59263,24.033409],[82.592728,24.033481],[82.592856,24.033424],[82.592777,24.033306]]]}},{"type":"Feature","id":"OSM-way-810663559","properties":{"id":"OSM-way-810663559","tag":"farmland","facilityId":null,"name":null,"cpcbCategory":null,"source":"OpenStreetMap via Overpass bulk load (© OpenStreetMap contributors, ODbL)","refreshedAt":"2026-09-29T11:06:04.248Z","mappedSince":null,"osmTags":{"landuse":"farmland"}},"geometry":{"type":"Polygon","coordinates":[[[82.592879,24.033439],[82.592741,24.033496],[82.59279,24.033606],[82.592936,24.033551],[82.592879,24.033439]]]}},{"type":"Feature","id":"OSM-way-810663560","properties":{"id":"OSM-way-810663560","tag":"farmland","facilityId":null,"name":null,"cpcbCategory":null,"source":"OpenStreetMap via Overpass bulk load (© OpenStreetMap contributors, ODbL)","refreshedAt":"2026-09-29T11:06:04.248Z","mappedSince":null,"osmTags":{"landuse":"farmland"}},"geometry":{"type":"Polygon","coordinates":[[[82.592799,24.033621],[82.592931,24.03357],[82.592928,24.033586],[82.592973,24.033672],[82.592864,24.033723],[82.592799,24.033621]]]}},{"type":"Feature","id":"OSM-way-810663561","properties":{"id":"OSM-way-810663561","tag":"farmland","facilityId":null,"name":null,"cpcbCategory":null,"source":"OpenStreetMap via Overpass bulk load (© OpenStreetMap contributors, ODbL)","refreshedAt":"2026-09-29T11:06:04.248Z","mappedSince":null,"osmTags":{"landuse":"farmland"}},"geometry":{"type":"Polygon","coordinates":[[[82.592939,24.033873],[82.593027,24.033824],[82.592976,24.033689],[82.592872,24.033729],[82.592939,24.033873]]]}},{"type":"Feature","id":"OSM-way-810663564","properties":{"id":"OSM-way-810663564","tag":"farmland","facilityId":null,"name":null,"cpcbCategory":null,"source":"OpenStreetMap via Overpass bulk load (© OpenStreetMap contributors, ODbL)","refreshedAt":"2026-09-29T11:06:04.248Z","mappedSince":null,"osmTags":{"landuse":"farmland"}},"geometry":{"type":"Polygon","coordinates":[[[82.592176,24.033319],[82.592077,24.033353],[82.592117,24.033428],[82.59222,24.033383],[82.592176,24.033319]]]}},{"type":"Feature","id":"OSM-way-810663565","properties":{"id":"OSM-way-810663565","tag":"farmland","facilityId":null,"name":null,"cpcbCategory":null,"source":"OpenStreetMap via Overpass bulk load (© OpenStreetMap contributors, ODbL)","refreshedAt":"2026-09-29T11:06:04.248Z","mappedSince":null,"osmTags":{"landuse":"farmland"}},"geometry":{"type":"Polygon","coordinates":[[[82.591932,24.033429],[82.592077,24.033353],[82.592117,24.033428],[82.591975,24.033496],[82.591932,24.033429]]]}},{"type":"Feature","id":"OSM-way-810663566","properties":{"id":"OSM-way-810663566","tag":"farmland","facilityId":null,"name":null,"cpcbCategory":null,"source":"OpenStreetMap via Overpass bulk load (© OpenStreetMap contributors, ODbL)","refreshedAt":"2026-09-29T11:06:04.248Z","mappedSince":null,"osmTags":{"landuse":"farmland"}},"geometry":{"type":"Polygon","coordinates":[[[82.592214,24.033399],[82.592253,24.033454],[82.592163,24.033501],[82.592123,24.033436],[82.592214,24.033399]]]}},{"type":"Feature","id":"OSM-way-810663567","properties":{"id":"OSM-way-810663567","tag":"farmland","facilityId":null,"name":null,"cpcbCategory":null,"source":"OpenStreetMap via Overpass bulk load (© OpenStreetMap contributors, ODbL)","refreshedAt":"2026-09-29T11:06:04.248Z","mappedSince":null,"osmTags":{"landuse":"farmland"}},"geometry":{"type":"Polygon","coordinates":[[[82.592259,24.033467],[82.592336,24.033428],[82.592392,24.033531],[82.592305,24.033575],[82.592259,24.033467]]]}},{"type":"Feature","id":"OSM-way-810663568","properties":{"id":"OSM-way-810663568","tag":"farmland","facilityId":null,"name":null,"cpcbCategory":null,"source":"OpenStreetMap via Overpass bulk load (© OpenStreetMap contributors, ODbL)","refreshedAt":"2026-09-29T11:06:04.248Z","mappedSince":null,"osmTags":{"landuse":"farmland"}},"geometry":{"type":"Polygon","coordinates":[[[82.591779,24.033497],[82.591924,24.033435],[82.59196,24.033498],[82.591811,24.033566],[82.591779,24.033497]]]}},{"type":"Feature","id":"OSM-way-810663569","properties":{"id":"OSM-way-810663569","tag":"farmland","facilityId":null,"name":null,"cpcbCategory":null,"source":"OpenStreetMap via Overpass bulk load (© OpenStreetMap contributors, ODbL)","refreshedAt":"2026-09-29T11:06:04.248Z","mappedSince":null,"osmTags":{"landuse":"farmland"}},"geometry":{"type":"Polygon","coordinates":[[[82.59198,24.033505],[82.592111,24.033443],[82.592152,24.033509],[82.592009,24.033574],[82.59198,24.033505]]]}},{"type":"Feature","id":"OSM-way-810663570","properties":{"id":"OSM-way-810663570","tag":"farmland","facilityId":null,"name":null,"cpcbCategory":null,"source":"OpenStreetMap via Overpass bulk load (© OpenStreetMap contributors, ODbL)","refreshedAt":"2026-09-29T11:06:04.248Z","mappedSince":null,"osmTags":{"landuse":"farmland"}},"geometry":{"type":"Polygon","coordinates":[[[82.591799,24.033576],[82.591762,24.033503],[82.591677,24.033542],[82.591707,24.033613],[82.591799,24.033576]]]}},{"type":"Feature","id":"OSM-way-810663571","properties":{"id":"OSM-way-810663571","tag":"farmland","facilityId":null,"name":null,"cpcbCategory":null,"source":"OpenStreetMap via Overpass bulk load (© OpenStreetMap contributors, ODbL)","refreshedAt":"2026-09-29T11:06:04.248Z","mappedSince":null,"osmTags":{"landuse":"farmland"}},"geometry":{"type":"Polygon","coordinates":[[[82.591658,24.033545],[82.591562,24.033582],[82.591594,24.033654],[82.591698,24.033617],[82.591658,24.033545]]]}},{"type":"Feature","id":"OSM-way-810663572","properties":{"id":"OSM-way-810663572","tag":"farmland","facilityId":null,"name":null,"cpcbCategory":null,"source":"OpenStreetMap via Overpass bulk load (© OpenStreetMap contributors, ODbL)","refreshedAt":"2026-09-29T11:06:04.248Z","mappedSince":null,"osmTags":{"landuse":"farmland"}},"geometry":{"type":"Polygon","coordinates":[[[82.591549,24.033592],[82.591614,24.03371],[82.591489,24.033771],[82.591422,24.033636],[82.591549,24.033592]]]}},{"type":"Feature","id":"OSM-way-810663573","properties":{"id":"OSM-way-810663573","tag":"farmland","facilityId":null,"name":null,"cpcbCategory":null,"source":"OpenStreetMap via Overpass bulk load (© OpenStreetMap contributors, ODbL)","refreshedAt":"2026-09-29T11:06:04.248Z","mappedSince":null,"osmTags":{"landuse":"farmland"}},"geometry":{"type":"Polygon","coordinates":[[[82.591616,24.03373],[82.591645,24.033788],[82.591653,24.03384],[82.591563,24.033881],[82.591514,24.033831],[82.591494,24.033778],[82.591616,24.03373]]]}},{"type":"Feature","id":"OSM-way-810663574","properties":{"id":"OSM-way-810663574","tag":"farmland","facilityId":null,"name":null,"cpcbCategory":null,"source":"OpenStreetMap via Overpass bulk load (© OpenStreetMap contributors, ODbL)","refreshedAt":"2026-09-29T11:06:04.248Z","mappedSince":null,"osmTags":{"landuse":"farmland"}},"geometry":{"type":"Polygon","coordinates":[[[82.59181,24.033595],[82.591855,24.033679],[82.591882,24.033759],[82.59178,24.033791],[82.591739,24.033697],[82.591712,24.033624],[82.59181,24.033595]]]}},{"type":"Feature","id":"OSM-way-810663575","properties":{"id":"OSM-way-810663575","tag":"farmland","facilityId":null,"name":null,"cpcbCategory":null,"source":"OpenStreetMap via Overpass bulk load (© OpenStreetMap contributors, ODbL)","refreshedAt":"2026-09-29T11:06:04.248Z","mappedSince":null,"osmTags":{"landuse":"farmland"}},"geometry":{"type":"Polygon","coordinates":[[[82.591697,24.033628],[82.591612,24.033657],[82.59163,24.033727],[82.591682,24.033828],[82.59177,24.0338],[82.591697,24.033628]]]}},{"type":"Feature","id":"OSM-way-810663576","properties":{"id":"OSM-way-810663576","tag":"farmland","facilityId":null,"name":null,"cpcbCategory":null,"source":"OpenStreetMap via Overpass bulk load (© OpenStreetMap contributors, ODbL)","refreshedAt":"2026-09-29T11:06:04.248Z","mappedSince":null,"osmTags":{"landuse":"farmland"}},"geometry":{"type":"Polygon","coordinates":[[[82.591787,24.033803],[82.591886,24.033767],[82.591917,24.03387],[82.591938,24.033972],[82.591861,24.033998],[82.591815,24.033903],[82.591787,24.033803]]]}},{"type":"Feature","id":"OSM-way-810663577","properties":{"id":"OSM-way-810663577","tag":"farmland","facilityId":null,"name":null,"cpcbCategory":null,"source":"OpenStreetMap via Overpass bulk load (© OpenStreetMap contributors, ODbL)","refreshedAt":"2026-09-29T11:06:04.248Z","mappedSince":null,"osmTags":{"landuse":"farmland"}},"geometry":{"type":"Polygon","coordinates":[[[82.592248,24.033478],[82.59229,24.033569],[82.592101,24.033644],[82.592058,24.033563],[82.592248,24.033478]]]}},{"type":"Feature","id":"OSM-way-810663578","properties":{"id":"OSM-way-810663578","tag":"farmland","facilityId":null,"name":null,"cpcbCategory":null,"source":"OpenStreetMap via Overpass bulk load (© OpenStreetMap contributors, ODbL)","refreshedAt":"2026-09-29T11:06:04.248Z","mappedSince":null,"osmTags":{"landuse":"farmland"}},"geometry":{"type":"Polygon","coordinates":[[[82.591996,24.033569],[82.591968,24.033509],[82.591818,24.033572],[82.591844,24.033618],[82.591996,24.033569]]]}},{"type":"Feature","id":"OSM-way-810663579","properties":{"id":"OSM-way-810663579","tag":"farmland","facilityId":null,"name":null,"cpcbCategory":null,"source":"OpenStreetMap via Overpass bulk load (© OpenStreetMap contributors, ODbL)","refreshedAt":"2026-09-29T11:06:04.248Z","mappedSince":null,"osmTags":{"landuse":"farmland"}},"geometry":{"type":"Polygon","coordinates":[[[82.592045,24.033575],[82.591863,24.033626],[82.591896,24.033708],[82.59209,24.033644],[82.592045,24.033575]]]}},{"type":"Feature","id":"OSM-way-810663580","properties":{"id":"OSM-way-810663580","tag":"farmland","facilityId":null,"name":null,"cpcbCategory":null,"source":"OpenStreetMap via Overpass bulk load (© OpenStreetMap contributors, ODbL)","refreshedAt":"2026-09-29T11:06:04.248Z","mappedSince":null,"osmTags":{"landuse":"farmland"}},"geometry":{"type":"Polygon","coordinates":[[[82.592225,24.033612],[82.59239,24.033553],[82.592425,24.03372],[82.592275,24.033763],[82.592225,24.033612]]]}},{"type":"Feature","id":"OSM-way-810663581","properties":{"id":"OSM-way-810663581","tag":"farmland","facilityId":null,"name":null,"cpcbCategory":null,"source":"OpenStreetMap via Overpass bulk load (© OpenStreetMap contributors, ODbL)","refreshedAt":"2026-09-29T11:06:04.248Z","mappedSince":null,"osmTags":{"landuse":"farmland"}},"geometry":{"type":"Polygon","coordinates":[[[82.592208,24.033618],[82.592141,24.03365],[82.592161,24.03375],[82.592249,24.033725],[82.592208,24.033618]]]}},{"type":"Feature","id":"OSM-way-810663582","properties":{"id":"OSM-way-810663582","tag":"farmland","facilityId":null,"name":null,"cpcbCategory":null,"source":"OpenStreetMap via Overpass bulk load (© OpenStreetMap contributors, ODbL)","refreshedAt":"2026-09-29T11:06:04.248Z","mappedSince":null,"osmTags":{"landuse":"farmland"}},"geometry":{"type":"Polygon","coordinates":[[[82.592125,24.033653],[82.591905,24.03372],[82.591935,24.033808],[82.592152,24.033755],[82.592125,24.033653]]]}},{"type":"Feature","id":"OSM-way-810663583","properties":{"id":"OSM-way-810663583","tag":"farmland","facilityId":null,"name":null,"cpcbCategory":null,"source":"OpenStreetMap via Overpass bulk load (© OpenStreetMap contributors, ODbL)","refreshedAt":"2026-09-29T11:06:04.248Z","mappedSince":null,"osmTags":{"landuse":"farmland"}},"geometry":{"type":"Polygon","coordinates":[[[82.592285,24.033777],[82.59242,24.033735],[82.592443,24.033812],[82.592298,24.033848],[82.592285,24.033777]]]}},{"type":"Feature","id":"OSM-way-810663584","properties":{"id":"OSM-way-810663584","tag":"farmland","facilityId":null,"name":"Field1","cpcbCategory":null,"source":"OpenStreetMap via Overpass bulk load (© OpenStreetMap contributors, ODbL)","refreshedAt":"2026-09-29T11:06:04.248Z","mappedSince":null,"osmTags":{"landuse":"farmland","name":"Field1"}},"geometry":{"type":"Polygon","coordinates":[[[82.592312,24.033988],[82.592449,24.033983],[82.592454,24.033904],[82.592318,24.033933],[82.592312,24.033988]]]}},{"type":"Feature","id":"OSM-way-810663585","properties":{"id":"OSM-way-810663585","tag":"farmland","facilityId":null,"name":null,"cpcbCategory":null,"source":"OpenStreetMap via Overpass bulk load (© OpenStreetMap contributors, ODbL)","refreshedAt":"2026-09-29T11:06:04.248Z","mappedSince":null,"osmTags":{"landuse":"farmland"}},"geometry":{"type":"Polygon","coordinates":[[[82.59232,24.033923],[82.592309,24.033858],[82.59244,24.033827],[82.592445,24.033894],[82.59232,24.033923]]]}},{"type":"Feature","id":"OSM-way-810663586","properties":{"id":"OSM-way-810663586","tag":"farmland","facilityId":null,"name":null,"cpcbCategory":null,"source":"OpenStreetMap via Overpass bulk load (© OpenStreetMap contributors, ODbL)","refreshedAt":"2026-09-29T11:06:04.248Z","mappedSince":null,"osmTags":{"landuse":"farmland"}},"geometry":{"type":"Polygon","coordinates":[[[82.592125,24.033957],[82.592112,24.03388],[82.59218,24.033857],[82.592197,24.033947],[82.592125,24.033957]]]}},{"type":"Feature","id":"OSM-way-810663587","properties":{"id":"OSM-way-810663587","tag":"farmland","facilityId":null,"name":null,"cpcbCategory":null,"source":"OpenStreetMap via Overpass bulk load (© OpenStreetMap contributors, ODbL)","refreshedAt":"2026-09-29T11:06:04.248Z","mappedSince":null,"osmTags":{"landuse":"farmland"}},"geometry":{"type":"Polygon","coordinates":[[[82.592108,24.033867],[82.592091,24.033781],[82.592252,24.033733],[82.592283,24.033828],[82.592108,24.033867]]]}},{"type":"Feature","id":"OSM-way-810663588","properties":{"id":"OSM-way-810663588","tag":"farmland","facilityId":null,"name":null,"cpcbCategory":null,"source":"OpenStreetMap via Overpass bulk load (© OpenStreetMap contributors, ODbL)","refreshedAt":"2026-09-29T11:06:04.248Z","mappedSince":null,"osmTags":{"landuse":"farmland"}},"geometry":{"type":"Polygon","coordinates":[[[82.59221,24.033945],[82.59219,24.033859],[82.592282,24.033839],[82.592304,24.033922],[82.59221,24.033945]]]}},{"type":"Feature","id":"OSM-way-810663589","properties":{"id":"OSM-way-810663589","tag":"farmland","facilityId":null,"name":null,"cpcbCategory":null,"source":"OpenStreetMap via Overpass bulk load (© OpenStreetMap contributors, ODbL)","refreshedAt":"2026-09-29T11:06:04.248Z","mappedSince":null,"osmTags":{"landuse":"farmland"}},"geometry":{"type":"Polygon","coordinates":[[[82.592035,24.033876],[82.592016,24.033798],[82.592079,24.033781],[82.592099,24.033868],[82.592035,24.033876]]]}},{"type":"Feature","id":"OSM-way-810663590","properties":{"id":"OSM-way-810663590","tag":"farmland","facilityId":null,"name":null,"cpcbCategory":null,"source":"OpenStreetMap via Overpass bulk load (© OpenStreetMap contributors, ODbL)","refreshedAt":"2026-09-29T11:06:04.248Z","mappedSince":null,"osmTags":{"landuse":"farmland"}},"geometry":{"type":"Polygon","coordinates":[[[82.591954,24.033893],[82.59193,24.033819],[82.592002,24.0338],[82.592027,24.033878],[82.591954,24.033893]]]}},{"type":"Feature","id":"OSM-way-810663591","properties":{"id":"OSM-way-810663591","tag":"farmland","facilityId":null,"name":null,"cpcbCategory":null,"source":"OpenStreetMap via Overpass bulk load (© OpenStreetMap contributors, ODbL)","refreshedAt":"2026-09-29T11:06:04.248Z","mappedSince":null,"osmTags":{"landuse":"farmland"}},"geometry":{"type":"Polygon","coordinates":[[[82.591972,24.033969],[82.591958,24.033909],[82.592099,24.033868],[82.592113,24.033954],[82.591972,24.033969]]]}},{"type":"Feature","id":"OSM-way-810663592","properties":{"id":"OSM-way-810663592","tag":"farmland","facilityId":null,"name":null,"cpcbCategory":null,"source":"OpenStreetMap via Overpass bulk load (© OpenStreetMap contributors, ODbL)","refreshedAt":"2026-09-29T11:06:04.248Z","mappedSince":null,"osmTags":{"landuse":"farmland"}},"geometry":{"type":"Polygon","coordinates":[[[82.591351,24.034426],[82.591313,24.03436],[82.59139,24.034313],[82.591427,24.034388],[82.591351,24.034426]]]}},{"type":"Feature","id":"OSM-way-810663593","properties":{"id":"OSM-way-810663593","tag":"farmland","facilityId":null,"name":null,"cpcbCategory":null,"source":"OpenStreetMap via Overpass bulk load (© OpenStreetMap contributors, ODbL)","refreshedAt":"2026-09-29T11:06:04.248Z","mappedSince":null,"osmTags":{"landuse":"farmland"}},"geometry":{"type":"Polygon","coordinates":[[[82.59146,24.034283],[82.591518,24.034353],[82.591447,24.03438],[82.591427,24.034388],[82.59139,24.034313],[82.59146,24.034283]]]}},{"type":"Feature","id":"OSM-way-810663594","properties":{"id":"OSM-way-810663594","tag":"farmland","facilityId":null,"name":null,"cpcbCategory":null,"source":"OpenStreetMap via Overpass bulk load (© OpenStreetMap contributors, ODbL)","refreshedAt":"2026-09-29T11:06:04.248Z","mappedSince":null,"osmTags":{"landuse":"farmland"}},"geometry":{"type":"Polygon","coordinates":[[[82.591518,24.034353],[82.591553,24.0344],[82.591484,24.034436],[82.591447,24.03438],[82.591518,24.034353]]]}},{"type":"Feature","id":"OSM-way-810663595","properties":{"id":"OSM-way-810663595","tag":"farmland","facilityId":null,"name":null,"cpcbCategory":null,"source":"OpenStreetMap via Overpass bulk load (© OpenStreetMap contributors, ODbL)","refreshedAt":"2026-09-29T11:06:04.248Z","mappedSince":null,"osmTags":{"landuse":"farmland"}},"geometry":{"type":"Polygon","coordinates":[[[82.591553,24.0344],[82.591583,24.034473],[82.591504,24.034509],[82.591428,24.034473],[82.591553,24.0344]]]}},{"type":"Feature","id":"OSM-way-810663596","properties":{"id":"OSM-way-810663596","tag":"farmland","facilityId":null,"name":null,"cpcbCategory":null,"source":"OpenStreetMap via Overpass bulk load (© OpenStreetMap contributors, ODbL)","refreshedAt":"2026-09-29T11:06:04.248Z","mappedSince":null,"osmTags":{"landuse":"farmland"}},"geometry":{"type":"Polygon","coordinates":[[[82.590769,24.034878],[82.590741,24.034806],[82.590818,24.034769],[82.590854,24.034843],[82.590769,24.034878]]]}},{"type":"Feature","id":"OSM-way-810663597","properties":{"id":"OSM-way-810663597","tag":"farmland","facilityId":null,"name":null,"cpcbCategory":null,"source":"OpenStreetMap via Overpass bulk load (© OpenStreetMap contributors, ODbL)","refreshedAt":"2026-09-29T11:06:04.248Z","mappedSince":null,"osmTags":{"landuse":"farmland"}},"geometry":{"type":"Polygon","coordinates":[[[82.590944,24.034803],[82.590917,24.034728],[82.590999,24.0347],[82.591017,24.034741],[82.591031,24.034773],[82.590944,24.034803]]]}},{"type":"Feature","id":"OSM-way-810663598","properties":{"id":"OSM-way-810663598","tag":"farmland","facilityId":null,"name":null,"cpcbCategory":null,"source":"OpenStreetMap via Overpass bulk load (© OpenStreetMap contributors, ODbL)","refreshedAt":"2026-09-29T11:06:04.248Z","mappedSince":null,"osmTags":{"landuse":"farmland"}},"geometry":{"type":"Polygon","coordinates":[[[82.591031,24.034773],[82.591275,24.034691],[82.59127,24.034675],[82.591324,24.034655],[82.591301,24.03463],[82.591017,24.034741],[82.591031,24.034773]]]}},{"type":"Feature","id":"OSM-way-810663599","properties":{"id":"OSM-way-810663599","tag":"farmland","facilityId":null,"name":null,"cpcbCategory":null,"source":"OpenStreetMap via Overpass bulk load (© OpenStreetMap contributors, ODbL)","refreshedAt":"2026-09-29T11:06:04.248Z","mappedSince":null,"osmTags":{"landuse":"farmland"}},"geometry":{"type":"Polygon","coordinates":[[[82.590266,24.035128],[82.590208,24.035001],[82.590054,24.035061],[82.590087,24.035137],[82.590097,24.035206],[82.590266,24.035128]]]}},{"type":"Feature","id":"OSM-way-810663600","properties":{"id":"OSM-way-810663600","tag":"farmland","facilityId":null,"name":null,"cpcbCategory":null,"source":"OpenStreetMap via Overpass bulk load (© OpenStreetMap contributors, ODbL)","refreshedAt":"2026-09-29T11:06:04.248Z","mappedSince":null,"osmTags":{"landuse":"farmland"}},"geometry":{"type":"Polygon","coordinates":[[[82.589937,24.034809],[82.589834,24.034853],[82.589885,24.034967],[82.589992,24.034921],[82.589937,24.034809]]]}},{"type":"Feature","id":"OSM-way-810663601","properties":{"id":"OSM-way-810663601","tag":"farmland","facilityId":null,"name":null,"cpcbCategory":null,"source":"OpenStreetMap via Overpass bulk load (© OpenStreetMap contributors, ODbL)","refreshedAt":"2026-09-29T11:06:04.248Z","mappedSince":null,"osmTags":{"landuse":"farmland"}},"geometry":{"type":"Polygon","coordinates":[[[82.589997,24.034941],[82.58989,24.03498],[82.589949,24.035102],[82.590043,24.035059],[82.589997,24.034941]]]}},{"type":"Feature","id":"OSM-way-810663602","properties":{"id":"OSM-way-810663602","tag":"farmland","facilityId":null,"name":null,"cpcbCategory":null,"source":"OpenStreetMap via Overpass bulk load (© OpenStreetMap contributors, ODbL)","refreshedAt":"2026-09-29T11:06:04.248Z","mappedSince":null,"osmTags":{"landuse":"farmland"}},"geometry":{"type":"Polygon","coordinates":[[[82.589955,24.035114],[82.590044,24.035072],[82.590075,24.035135],[82.590085,24.035201],[82.590014,24.035225],[82.58998,24.035174],[82.589955,24.035114]]]}},{"type":"Feature","id":"OSM-way-810663603","properties":{"id":"OSM-way-810663603","tag":"farmland","facilityId":null,"name":null,"cpcbCategory":null,"source":"OpenStreetMap via Overpass bulk load (© OpenStreetMap contributors, ODbL)","refreshedAt":"2026-09-29T11:06:04.248Z","mappedSince":null,"osmTags":{"landuse":"farmland"}},"geometry":{"type":"Polygon","coordinates":[[[82.58994,24.035117],[82.589973,24.035184],[82.589994,24.035211],[82.589988,24.035231],[82.589938,24.035254],[82.589901,24.035198],[82.589875,24.035142],[82.58994,24.035117]]]}},{"type":"Feature","id":"OSM-way-810663604","properties":{"id":"OSM-way-810663604","tag":"farmland","facilityId":null,"name":null,"cpcbCategory":null,"source":"OpenStreetMap via Overpass bulk load (© OpenStreetMap contributors, ODbL)","refreshedAt":"2026-09-29T11:06:04.248Z","mappedSince":null,"osmTags":{"landuse":"farmland"}},"geometry":{"type":"Polygon","coordinates":[[[82.589842,24.035288],[82.58992,24.035257],[82.589867,24.035147],[82.589799,24.035175],[82.589827,24.035239],[82.589842,24.035288]]]}},{"type":"Feature","id":"OSM-way-810663605","properties":{"id":"OSM-way-810663605","tag":"farmland","facilityId":null,"name":null,"cpcbCategory":null,"source":"OpenStreetMap via Overpass bulk load (© OpenStreetMap contributors, ODbL)","refreshedAt":"2026-09-29T11:06:04.248Z","mappedSince":null,"osmTags":{"landuse":"farmland"}},"geometry":{"type":"Polygon","coordinates":[[[82.589883,24.034254],[82.589922,24.034335],[82.589822,24.03438],[82.5898,24.034332],[82.589772,24.034294],[82.589883,24.034254]]]}},{"type":"Feature","id":"OSM-way-810663606","properties":{"id":"OSM-way-810663606","tag":"farmland","facilityId":null,"name":null,"cpcbCategory":null,"source":"OpenStreetMap via Overpass bulk load (© OpenStreetMap contributors, ODbL)","refreshedAt":"2026-09-29T11:06:04.248Z","mappedSince":null,"osmTags":{"landuse":"farmland"}},"geometry":{"type":"Polygon","coordinates":[[[82.589695,24.034329],[82.589722,24.034373],[82.589729,24.034425],[82.589822,24.03438],[82.5898,24.034332],[82.589772,24.034294],[82.589757,24.034301],[82.589695,24.034329]]]}},{"type":"Feature","id":"OSM-way-810663607","properties":{"id":"OSM-way-810663607","tag":"farmland","facilityId":null,"name":null,"cpcbCategory":null,"source":"OpenStreetMap via Overpass bulk load (© OpenStreetMap contributors, ODbL)","refreshedAt":"2026-09-29T11:06:04.248Z","mappedSince":null,"osmTags":{"landuse":"farmland"}},"geometry":{"type":"Polygon","coordinates":[[[82.58965,24.034454],[82.589608,24.034364],[82.589689,24.034332],[82.589711,24.034372],[82.589721,24.034425],[82.58965,24.034454]]]}},{"type":"Feature","id":"OSM-way-810663608","properties":{"id":"OSM-way-810663608","tag":"farmland","facilityId":null,"name":null,"cpcbCategory":null,"source":"OpenStreetMap via Overpass bulk load (© OpenStreetMap contributors, ODbL)","refreshedAt":"2026-09-29T11:06:04.248Z","mappedSince":null,"osmTags":{"landuse":"farmland"}},"geometry":{"type":"Polygon","coordinates":[[[82.589313,24.034471],[82.589267,24.034371],[82.589351,24.034334],[82.589395,24.034437],[82.589313,24.034471]]]}},{"type":"Feature","id":"OSM-way-810663609","properties":{"id":"OSM-way-810663609","tag":"farmland","facilityId":null,"name":null,"cpcbCategory":null,"source":"OpenStreetMap via Overpass bulk load (© OpenStreetMap contributors, ODbL)","refreshedAt":"2026-09-29T11:06:04.248Z","mappedSince":null,"osmTags":{"landuse":"farmland"}},"geometry":{"type":"Polygon","coordinates":[[[82.589466,24.034296],[82.589573,24.034257],[82.589615,24.034352],[82.589521,24.034389],[82.589466,24.034296]]]}},{"type":"Feature","id":"OSM-way-810663610","properties":{"id":"OSM-way-810663610","tag":"farmland","facilityId":null,"name":null,"cpcbCategory":null,"source":"OpenStreetMap via Overpass bulk load (© OpenStreetMap contributors, ODbL)","refreshedAt":"2026-09-29T11:06:04.248Z","mappedSince":null,"osmTags":{"landuse":"farmland"}},"geometry":{"type":"Polygon","coordinates":[[[82.589506,24.034392],[82.589458,24.034301],[82.589364,24.034339],[82.589409,24.034434],[82.589506,24.034392]]]}},{"type":"Feature","id":"OSM-way-810663611","properties":{"id":"OSM-way-810663611","tag":"farmland","facilityId":null,"name":null,"cpcbCategory":null,"source":"OpenStreetMap via Overpass bulk load (© OpenStreetMap contributors, ODbL)","refreshedAt":"2026-09-29T11:06:04.248Z","mappedSince":null,"osmTags":{"landuse":"farmland"}},"geometry":{"type":"Polygon","coordinates":[[[82.589588,24.034257],[82.589713,24.034215],[82.589757,24.034301],[82.589624,24.034347],[82.589588,24.034257]]]}},{"type":"Feature","id":"OSM-way-810663612","properties":{"id":"OSM-way-810663612","tag":"farmland","facilityId":null,"name":null,"cpcbCategory":null,"source":"OpenStreetMap via Overpass bulk load (© OpenStreetMap contributors, ODbL)","refreshedAt":"2026-09-29T11:06:04.248Z","mappedSince":null,"osmTags":{"landuse":"farmland"}},"geometry":{"type":"Polygon","coordinates":[[[82.589316,24.034331],[82.589221,24.034093],[82.589228,24.034057],[82.589336,24.034015],[82.589445,24.034287],[82.589316,24.034331]]]}},{"type":"Feature","id":"OSM-way-810663614","properties":{"id":"OSM-way-810663614","tag":"farmland","facilityId":null,"name":null,"cpcbCategory":null,"source":"OpenStreetMap via Overpass bulk load (© OpenStreetMap contributors, ODbL)","refreshedAt":"2026-09-29T11:06:04.248Z","mappedSince":null,"osmTags":{"landuse":"farmland"}},"geometry":{"type":"Polygon","coordinates":[[[82.589004,24.034452],[82.589046,24.034546],[82.588919,24.034591],[82.588879,24.034486],[82.589004,24.034452]]]}},{"type":"Feature","id":"OSM-way-810663615","properties":{"id":"OSM-way-810663615","tag":"farmland","facilityId":null,"name":null,"cpcbCategory":null,"source":"OpenStreetMap via Overpass bulk load (© OpenStreetMap contributors, ODbL)","refreshedAt":"2026-09-29T11:06:04.248Z","mappedSince":null,"osmTags":{"landuse":"farmland"}},"geometry":{"type":"Polygon","coordinates":[[[82.588851,24.034619],[82.588845,24.034609],[82.588795,24.034524],[82.588871,24.034493],[82.588909,24.03459],[82.588851,24.034619]]]}},{"type":"Feature","id":"OSM-way-810663616","properties":{"id":"OSM-way-810663616","tag":"farmland","facilityId":null,"name":null,"cpcbCategory":null,"source":"OpenStreetMap via Overpass bulk load (© OpenStreetMap contributors, ODbL)","refreshedAt":"2026-09-29T11:06:04.248Z","mappedSince":null,"osmTags":{"landuse":"farmland"}},"geometry":{"type":"Polygon","coordinates":[[[82.588741,24.034655],[82.58869,24.034581],[82.588793,24.034536],[82.588845,24.034609],[82.588741,24.034655]]]}},{"type":"Feature","id":"OSM-way-810663617","properties":{"id":"OSM-way-810663617","tag":"farmland","facilityId":null,"name":null,"cpcbCategory":null,"source":"OpenStreetMap via Overpass bulk load (© OpenStreetMap contributors, ODbL)","refreshedAt":"2026-09-29T11:06:04.248Z","mappedSince":null,"osmTags":{"landuse":"farmland"}},"geometry":{"type":"Polygon","coordinates":[[[82.588674,24.034586],[82.588714,24.03465],[82.588637,24.034696],[82.588591,24.034629],[82.588674,24.034586]]]}},{"type":"Feature","id":"OSM-way-810663618","properties":{"id":"OSM-way-810663618","tag":"farmland","facilityId":null,"name":null,"cpcbCategory":null,"source":"OpenStreetMap via Overpass bulk load (© OpenStreetMap contributors, ODbL)","refreshedAt":"2026-09-29T11:06:04.248Z","mappedSince":null,"osmTags":{"landuse":"farmland"}},"geometry":{"type":"Polygon","coordinates":[[[82.588585,24.034641],[82.588624,24.034699],[82.588556,24.03474],[82.58851,24.034673],[82.588585,24.034641]]]}},{"type":"Feature","id":"OSM-way-810663619","properties":{"id":"OSM-way-810663619","tag":"farmland","facilityId":null,"name":null,"cpcbCategory":null,"source":"OpenStreetMap via Overpass bulk load (© OpenStreetMap contributors, ODbL)","refreshedAt":"2026-09-29T11:06:04.248Z","mappedSince":null,"osmTags":{"landuse":"farmland"}},"geometry":{"type":"Polygon","coordinates":[[[82.588481,24.034779],[82.588546,24.034742],[82.588501,24.034677],[82.58844,24.034715],[82.588481,24.034779]]]}},{"type":"Feature","id":"OSM-way-810663620","properties":{"id":"OSM-way-810663620","tag":"farmland","facilityId":null,"name":null,"cpcbCategory":null,"source":"OpenStreetMap via Overpass bulk load (© OpenStreetMap contributors, ODbL)","refreshedAt":"2026-09-29T11:06:04.248Z","mappedSince":null,"osmTags":{"landuse":"farmland"}},"geometry":{"type":"Polygon","coordinates":[[[82.588926,24.034029],[82.588935,24.034054],[82.588861,24.034091],[82.588848,24.034053],[82.588926,24.034029]]]}},{"type":"Feature","id":"OSM-way-810663621","properties":{"id":"OSM-way-810663621","tag":"farmland","facilityId":null,"name":null,"cpcbCategory":null,"source":"OpenStreetMap via Overpass bulk load (© OpenStreetMap contributors, ODbL)","refreshedAt":"2026-09-29T11:06:04.248Z","mappedSince":null,"osmTags":{"landuse":"farmland"}},"geometry":{"type":"Polygon","coordinates":[[[82.588871,24.034107],[82.588939,24.034074],[82.58908,24.034324],[82.588981,24.034356],[82.588871,24.034107]]]}},{"type":"Feature","id":"OSM-way-810663622","properties":{"id":"OSM-way-810663622","tag":"farmland","facilityId":null,"name":null,"cpcbCategory":null,"source":"OpenStreetMap via Overpass bulk load (© OpenStreetMap contributors, ODbL)","refreshedAt":"2026-09-29T11:06:04.248Z","mappedSince":null,"osmTags":{"landuse":"farmland"}},"geometry":{"type":"Polygon","coordinates":[[[82.590882,24.035108],[82.590925,24.035161],[82.590827,24.035203],[82.590791,24.035136],[82.590882,24.035108]]]}},{"type":"Feature","id":"OSM-way-810663623","properties":{"id":"OSM-way-810663623","tag":"farmland","facilityId":null,"name":null,"cpcbCategory":null,"source":"OpenStreetMap via Overpass bulk load (© OpenStreetMap contributors, ODbL)","refreshedAt":"2026-09-29T11:06:04.248Z","mappedSince":null,"osmTags":{"landuse":"farmland"}},"geometry":{"type":"Polygon","coordinates":[[[82.590771,24.035138],[82.590779,24.03521],[82.590661,24.035251],[82.59062,24.035187],[82.590771,24.035138]]]}},{"type":"Feature","id":"OSM-way-814016871","properties":{"id":"OSM-way-814016871","tag":"farmland","facilityId":null,"name":null,"cpcbCategory":null,"source":"OpenStreetMap via Overpass bulk load (© OpenStreetMap contributors, ODbL)","refreshedAt":"2026-09-29T11:06:04.248Z","mappedSince":null,"osmTags":{"landuse":"farmland"}},"geometry":{"type":"Polygon","coordinates":[[[82.623756,24.057772],[82.623994,24.058094],[82.623763,24.058212],[82.623844,24.058303],[82.623945,24.05825],[82.624127,24.058233],[82.625236,24.057706],[82.625818,24.057408],[82.625526,24.056972],[82.625107,24.057236],[82.624962,24.057051],[82.623756,24.057772]]]}},{"type":"Feature","id":"OSM-way-814876481","properties":{"id":"OSM-way-814876481","tag":"farmland","facilityId":null,"name":null,"cpcbCategory":null,"source":"OpenStreetMap via Overpass bulk load (© OpenStreetMap contributors, ODbL)","refreshedAt":"2026-09-29T11:06:04.248Z","mappedSince":null,"osmTags":{"landuse":"farmland"}},"geometry":{"type":"Polygon","coordinates":[[[82.59433,24.081731],[82.594144,24.081775],[82.594106,24.081607],[82.594302,24.081569],[82.59433,24.081731]]]}},{"type":"Feature","id":"OSM-way-814876482","properties":{"id":"OSM-way-814876482","tag":"farmland","facilityId":null,"name":null,"cpcbCategory":null,"source":"OpenStreetMap via Overpass bulk load (© OpenStreetMap contributors, ODbL)","refreshedAt":"2026-09-29T11:06:04.248Z","mappedSince":null,"osmTags":{"landuse":"farmland"}},"geometry":{"type":"Polygon","coordinates":[[[82.593988,24.081879],[82.593897,24.081846],[82.593866,24.08165],[82.594088,24.081603],[82.594117,24.081752],[82.593959,24.081762],[82.593988,24.081879]]]}},{"type":"Feature","id":"OSM-way-814876484","properties":{"id":"OSM-way-814876484","tag":"farmland","facilityId":null,"name":null,"cpcbCategory":null,"source":"OpenStreetMap via Overpass bulk load (© OpenStreetMap contributors, ODbL)","refreshedAt":"2026-09-29T11:06:04.248Z","mappedSince":null,"osmTags":{"landuse":"farmland"}},"geometry":{"type":"Polygon","coordinates":[[[82.590613,24.082263],[82.590934,24.082165],[82.59088,24.08199],[82.590531,24.08204],[82.590613,24.082263]]]}},{"type":"Feature","id":"OSM-way-814876485","properties":{"id":"OSM-way-814876485","tag":"industrial","facilityId":null,"name":null,"cpcbCategory":null,"source":"OpenStreetMap via Overpass bulk load (© OpenStreetMap contributors, ODbL)","refreshedAt":"2026-09-29T11:06:04.248Z","mappedSince":null,"osmTags":{"landuse":"industrial"}},"geometry":{"type":"Polygon","coordinates":[[[82.598811,24.080615],[82.599399,24.080503],[82.599354,24.080086],[82.598868,24.079961],[82.598693,24.080097],[82.598811,24.080615]]]}},{"type":"Feature","id":"OSM-way-815272733","properties":{"id":"OSM-way-815272733","tag":"forest","facilityId":null,"name":null,"cpcbCategory":null,"source":"OpenStreetMap via Overpass bulk load (© OpenStreetMap contributors, ODbL)","refreshedAt":"2026-09-29T11:06:04.248Z","mappedSince":null,"osmTags":{"natural":"wood"}},"geometry":{"type":"Polygon","coordinates":[[[82.666022,24.090962],[82.666836,24.090813],[82.666977,24.090083],[82.666277,24.090458],[82.666022,24.090962]]]}},{"type":"Feature","id":"OSM-way-816046830","properties":{"id":"OSM-way-816046830","tag":"farmland","facilityId":null,"name":null,"cpcbCategory":null,"source":"OpenStreetMap via Overpass bulk load (© OpenStreetMap contributors, ODbL)","refreshedAt":"2026-09-29T11:06:04.248Z","mappedSince":null,"osmTags":{"landuse":"farmland"}},"geometry":{"type":"Polygon","coordinates":[[[82.586738,24.035214],[82.587106,24.035688],[82.587578,24.03546],[82.587243,24.034908],[82.586738,24.035214]]]}},{"type":"Feature","id":"OSM-way-816069478","properties":{"id":"OSM-way-816069478","tag":"farmland","facilityId":null,"name":null,"cpcbCategory":null,"source":"OpenStreetMap via Overpass bulk load (© OpenStreetMap contributors, ODbL)","refreshedAt":"2026-09-29T11:06:04.248Z","mappedSince":null,"osmTags":{"landuse":"farmland"}},"geometry":{"type":"Polygon","coordinates":[[[82.669071,24.06014],[82.66935,24.060608],[82.669532,24.060531],[82.669228,24.060073],[82.669071,24.06014]]]}},{"type":"Feature","id":"OSM-way-816069479","properties":{"id":"OSM-way-816069479","tag":"farmland","facilityId":null,"name":null,"cpcbCategory":null,"source":"OpenStreetMap via Overpass bulk load (© OpenStreetMap contributors, ODbL)","refreshedAt":"2026-09-29T11:06:04.248Z","mappedSince":null,"osmTags":{"landuse":"farmland"}},"geometry":{"type":"Polygon","coordinates":[[[82.66935,24.060608],[82.669629,24.061076],[82.669811,24.060999],[82.669507,24.060541],[82.66935,24.060608]]]}},{"type":"Feature","id":"OSM-way-816069481","properties":{"id":"OSM-way-816069481","tag":"farmland","facilityId":null,"name":null,"cpcbCategory":null,"source":"OpenStreetMap via Overpass bulk load (© OpenStreetMap contributors, ODbL)","refreshedAt":"2026-09-29T11:06:04.248Z","mappedSince":null,"osmTags":{"landuse":"farmland"}},"geometry":{"type":"Polygon","coordinates":[[[82.670188,24.062721],[82.670325,24.062626],[82.670452,24.062794],[82.670328,24.062885],[82.670188,24.062721]]]}},{"type":"Feature","id":"OSM-way-816069482","properties":{"id":"OSM-way-816069482","tag":"farmland","facilityId":null,"name":null,"cpcbCategory":null,"source":"OpenStreetMap via Overpass bulk load (© OpenStreetMap contributors, ODbL)","refreshedAt":"2026-09-29T11:06:04.248Z","mappedSince":null,"osmTags":{"landuse":"farmland"}},"geometry":{"type":"Polygon","coordinates":[[[82.67002,24.06283],[82.670157,24.062735],[82.670284,24.062903],[82.67016,24.062994],[82.67002,24.06283]]]}},{"type":"Feature","id":"OSM-way-816069483","properties":{"id":"OSM-way-816069483","tag":"farmland","facilityId":null,"name":null,"cpcbCategory":null,"source":"OpenStreetMap via Overpass bulk load (© OpenStreetMap contributors, ODbL)","refreshedAt":"2026-09-29T11:06:04.248Z","mappedSince":null,"osmTags":{"landuse":"farmland"}},"geometry":{"type":"Polygon","coordinates":[[[82.669858,24.063231],[82.669995,24.063137],[82.670122,24.063305],[82.669998,24.063396],[82.669858,24.063231]]]}},{"type":"Feature","id":"OSM-way-816069484","properties":{"id":"OSM-way-816069484","tag":"farmland","facilityId":null,"name":null,"cpcbCategory":null,"source":"OpenStreetMap via Overpass bulk load (© OpenStreetMap contributors, ODbL)","refreshedAt":"2026-09-29T11:06:04.248Z","mappedSince":null,"osmTags":{"landuse":"farmland"}},"geometry":{"type":"Polygon","coordinates":[[[82.670051,24.063111],[82.670187,24.063017],[82.670314,24.063184],[82.670191,24.063276],[82.670051,24.063111]]]}},{"type":"Feature","id":"OSM-way-816069485","properties":{"id":"OSM-way-816069485","tag":"farmland","facilityId":null,"name":null,"cpcbCategory":null,"source":"OpenStreetMap via Overpass bulk load (© OpenStreetMap contributors, ODbL)","refreshedAt":"2026-09-29T11:06:04.248Z","mappedSince":null,"osmTags":{"landuse":"farmland"}},"geometry":{"type":"Polygon","coordinates":[[[82.670339,24.062968],[82.670476,24.062874],[82.670602,24.063041],[82.670479,24.063133],[82.670339,24.062968]]]}},{"type":"Feature","id":"OSM-way-816189938","properties":{"id":"OSM-way-816189938","tag":"farmland","facilityId":null,"name":null,"cpcbCategory":null,"source":"OpenStreetMap via Overpass bulk load (© OpenStreetMap contributors, ODbL)","refreshedAt":"2026-09-29T11:06:04.248Z","mappedSince":null,"osmTags":{"landuse":"farmland"}},"geometry":{"type":"Polygon","coordinates":[[[82.609641,24.099104],[82.610192,24.098999],[82.610448,24.098641],[82.611206,24.098387],[82.611146,24.098084],[82.610895,24.098113],[82.610606,24.097929],[82.61017,24.09784],[82.609968,24.097178],[82.609878,24.096786],[82.609576,24.09679],[82.609641,24.099104]]]}},{"type":"Feature","id":"OSM-way-816368951","properties":{"id":"OSM-way-816368951","tag":"industrial","facilityId":null,"name":null,"cpcbCategory":null,"source":"OpenStreetMap via Overpass bulk load (© OpenStreetMap contributors, ODbL)","refreshedAt":"2026-09-29T11:06:04.248Z","mappedSince":null,"osmTags":{"building":"yes","man_made":"works"}},"geometry":{"type":"Polygon","coordinates":[[[82.656582,24.079285],[82.656694,24.079355],[82.65691,24.07907],[82.656798,24.078999],[82.656582,24.079285]]]}},{"type":"Feature","id":"OSM-way-816374652","properties":{"id":"OSM-way-816374652","tag":"farmland","facilityId":null,"name":null,"cpcbCategory":null,"source":"OpenStreetMap via Overpass bulk load (© OpenStreetMap contributors, ODbL)","refreshedAt":"2026-09-29T11:06:04.248Z","mappedSince":null,"osmTags":{"landuse":"farmland"}},"geometry":{"type":"Polygon","coordinates":[[[82.654736,24.048168],[82.654985,24.048088],[82.654941,24.047974],[82.654723,24.048044],[82.654736,24.048168]]]}},{"type":"Feature","id":"OSM-way-816374653","properties":{"id":"OSM-way-816374653","tag":"farmland","facilityId":null,"name":null,"cpcbCategory":null,"source":"OpenStreetMap via Overpass bulk load (© OpenStreetMap contributors, ODbL)","refreshedAt":"2026-09-29T11:06:04.248Z","mappedSince":null,"osmTags":{"landuse":"farmland"}},"geometry":{"type":"Polygon","coordinates":[[[82.654682,24.047995],[82.654924,24.047922],[82.654882,24.047805],[82.65464,24.047878],[82.654682,24.047995]]]}},{"type":"Feature","id":"OSM-way-816374654","properties":{"id":"OSM-way-816374654","tag":"farmland","facilityId":null,"name":null,"cpcbCategory":null,"source":"OpenStreetMap via Overpass bulk load (© OpenStreetMap contributors, ODbL)","refreshedAt":"2026-09-29T11:06:04.248Z","mappedSince":null,"osmTags":{"landuse":"farmland"}},"geometry":{"type":"Polygon","coordinates":[[[82.655125,24.047648],[82.655347,24.047577],[82.655302,24.04746],[82.65508,24.047531],[82.655125,24.047648]]]}},{"type":"Feature","id":"OSM-way-816374655","properties":{"id":"OSM-way-816374655","tag":"farmland","facilityId":null,"name":null,"cpcbCategory":null,"source":"OpenStreetMap via Overpass bulk load (© OpenStreetMap contributors, ODbL)","refreshedAt":"2026-09-29T11:06:04.248Z","mappedSince":null,"osmTags":{"landuse":"farmland"}},"geometry":{"type":"Polygon","coordinates":[[[82.654924,24.047922],[82.65521,24.047837],[82.655152,24.047705],[82.65493,24.047786],[82.654924,24.047922]]]}},{"type":"Feature","id":"OSM-way-816374656","properties":{"id":"OSM-way-816374656","tag":"farmland","facilityId":null,"name":null,"cpcbCategory":null,"source":"OpenStreetMap via Overpass bulk load (© OpenStreetMap contributors, ODbL)","refreshedAt":"2026-09-29T11:06:04.248Z","mappedSince":null,"osmTags":{"landuse":"farmland"}},"geometry":{"type":"Polygon","coordinates":[[[82.655004,24.048073],[82.655253,24.047992],[82.655209,24.047879],[82.654991,24.047949],[82.655004,24.048073]]]}},{"type":"Feature","id":"OSM-way-816374657","properties":{"id":"OSM-way-816374657","tag":"farmland","facilityId":null,"name":null,"cpcbCategory":null,"source":"OpenStreetMap via Overpass bulk load (© OpenStreetMap contributors, ODbL)","refreshedAt":"2026-09-29T11:06:04.248Z","mappedSince":null,"osmTags":{"landuse":"farmland"}},"geometry":{"type":"Polygon","coordinates":[[[82.655153,24.047466],[82.655291,24.047429],[82.655218,24.047203],[82.65508,24.047241],[82.655153,24.047466]]]}},{"type":"Feature","id":"OSM-way-816374658","properties":{"id":"OSM-way-816374658","tag":"farmland","facilityId":null,"name":null,"cpcbCategory":null,"source":"OpenStreetMap via Overpass bulk load (© OpenStreetMap contributors, ODbL)","refreshedAt":"2026-09-29T11:06:04.248Z","mappedSince":null,"osmTags":{"landuse":"farmland"}},"geometry":{"type":"Polygon","coordinates":[[[82.654715,24.047619],[82.654853,24.047582],[82.65478,24.047356],[82.654642,24.047393],[82.654715,24.047619]]]}},{"type":"Feature","id":"OSM-way-816374659","properties":{"id":"OSM-way-816374659","tag":"farmland","facilityId":null,"name":null,"cpcbCategory":null,"source":"OpenStreetMap via Overpass bulk load (© OpenStreetMap contributors, ODbL)","refreshedAt":"2026-09-29T11:06:04.248Z","mappedSince":null,"osmTags":{"landuse":"farmland"}},"geometry":{"type":"Polygon","coordinates":[[[82.654555,24.047675],[82.654693,24.047638],[82.65462,24.047412],[82.654482,24.047449],[82.654555,24.047675]]]}},{"type":"Feature","id":"OSM-way-816374660","properties":{"id":"OSM-way-816374660","tag":"farmland","facilityId":null,"name":null,"cpcbCategory":null,"source":"OpenStreetMap via Overpass bulk load (© OpenStreetMap contributors, ODbL)","refreshedAt":"2026-09-29T11:06:04.248Z","mappedSince":null,"osmTags":{"landuse":"farmland"}},"geometry":{"type":"Polygon","coordinates":[[[82.654426,24.04745],[82.654564,24.047413],[82.654491,24.047187],[82.654433,24.047197],[82.654351,24.04722],[82.654426,24.04745]]]}},{"type":"Feature","id":"OSM-way-816374661","properties":{"id":"OSM-way-816374661","tag":"farmland","facilityId":null,"name":null,"cpcbCategory":null,"source":"OpenStreetMap via Overpass bulk load (© OpenStreetMap contributors, ODbL)","refreshedAt":"2026-09-29T11:06:04.248Z","mappedSince":null,"osmTags":{"landuse":"farmland"}},"geometry":{"type":"Polygon","coordinates":[[[82.655077,24.047199],[82.655199,24.047173],[82.655157,24.047008],[82.655035,24.047034],[82.655077,24.047199]]]}},{"type":"Feature","id":"OSM-way-816374662","properties":{"id":"OSM-way-816374662","tag":"farmland","facilityId":null,"name":null,"cpcbCategory":null,"source":"OpenStreetMap via Overpass bulk load (© OpenStreetMap contributors, ODbL)","refreshedAt":"2026-09-29T11:06:04.248Z","mappedSince":null,"osmTags":{"landuse":"farmland"}},"geometry":{"type":"Polygon","coordinates":[[[82.655286,24.047996],[82.655422,24.047965],[82.655382,24.04782],[82.655246,24.047851],[82.655286,24.047996]]]}},{"type":"Feature","id":"OSM-way-816374665","properties":{"id":"OSM-way-816374665","tag":"industrial","facilityId":null,"name":null,"cpcbCategory":null,"source":"OpenStreetMap via Overpass bulk load (© OpenStreetMap contributors, ODbL)","refreshedAt":"2026-09-29T11:06:04.248Z","mappedSince":null,"osmTags":{"building":"yes","man_made":"works"}},"geometry":{"type":"Polygon","coordinates":[[[82.655793,24.05319],[82.655942,24.053107],[82.656178,24.053461],[82.656029,24.053544],[82.655793,24.05319]]]}},{"type":"Feature","id":"OSM-way-816374666","properties":{"id":"OSM-way-816374666","tag":"industrial","facilityId":null,"name":null,"cpcbCategory":null,"source":"OpenStreetMap via Overpass bulk load (© OpenStreetMap contributors, ODbL)","refreshedAt":"2026-09-29T11:06:04.248Z","mappedSince":null,"osmTags":{"building":"yes","man_made":"works"}},"geometry":{"type":"Polygon","coordinates":[[[82.655587,24.053902],[82.655911,24.053738],[82.655874,24.053677],[82.65555,24.053841],[82.655587,24.053902]]]}},{"type":"Feature","id":"OSM-way-816382552","properties":{"id":"OSM-way-816382552","tag":"farmland","facilityId":null,"name":null,"cpcbCategory":null,"source":"OpenStreetMap via Overpass bulk load (© OpenStreetMap contributors, ODbL)","refreshedAt":"2026-09-29T11:06:04.248Z","mappedSince":null,"osmTags":{"landuse":"farmland"}},"geometry":{"type":"Polygon","coordinates":[[[82.655376,24.047523],[82.655514,24.047486],[82.655441,24.04726],[82.655303,24.047297],[82.655376,24.047523]]]}},{"type":"Feature","id":"OSM-way-816382553","properties":{"id":"OSM-way-816382553","tag":"farmland","facilityId":null,"name":null,"cpcbCategory":null,"source":"OpenStreetMap via Overpass bulk load (© OpenStreetMap contributors, ODbL)","refreshedAt":"2026-09-29T11:06:04.248Z","mappedSince":null,"osmTags":{"landuse":"farmland"}},"geometry":{"type":"Polygon","coordinates":[[[82.655167,24.047021],[82.655288,24.046996],[82.655247,24.04683],[82.655125,24.046856],[82.655167,24.047021]]]}},{"type":"Feature","id":"OSM-way-816382554","properties":{"id":"OSM-way-816382554","tag":"farmland","facilityId":null,"name":null,"cpcbCategory":null,"source":"OpenStreetMap via Overpass bulk load (© OpenStreetMap contributors, ODbL)","refreshedAt":"2026-09-29T11:06:04.248Z","mappedSince":null,"osmTags":{"landuse":"farmland"}},"geometry":{"type":"Polygon","coordinates":[[[82.65527,24.047264],[82.655391,24.047238],[82.655349,24.047073],[82.655228,24.047099],[82.65527,24.047264]]]}},{"type":"Feature","id":"OSM-way-816382555","properties":{"id":"OSM-way-816382555","tag":"farmland","facilityId":null,"name":null,"cpcbCategory":null,"source":"OpenStreetMap via Overpass bulk load (© OpenStreetMap contributors, ODbL)","refreshedAt":"2026-09-29T11:06:04.248Z","mappedSince":null,"osmTags":{"landuse":"farmland"}},"geometry":{"type":"Polygon","coordinates":[[[82.655241,24.047823],[82.655363,24.047797],[82.655321,24.047632],[82.655199,24.047658],[82.655241,24.047823]]]}},{"type":"Feature","id":"OSM-way-816382556","properties":{"id":"OSM-way-816382556","tag":"farmland","facilityId":null,"name":null,"cpcbCategory":null,"source":"OpenStreetMap via Overpass bulk load (© OpenStreetMap contributors, ODbL)","refreshedAt":"2026-09-29T11:06:04.248Z","mappedSince":null,"osmTags":{"landuse":"farmland"}},"geometry":{"type":"Polygon","coordinates":[[[82.654635,24.047845],[82.654825,24.04779],[82.654768,24.047624],[82.654578,24.047679],[82.654635,24.047845]]]}},{"type":"Feature","id":"OSM-way-816382557","properties":{"id":"OSM-way-816382557","tag":"farmland","facilityId":null,"name":null,"cpcbCategory":null,"source":"OpenStreetMap via Overpass bulk load (© OpenStreetMap contributors, ODbL)","refreshedAt":"2026-09-29T11:06:04.248Z","mappedSince":null,"osmTags":{"landuse":"farmland"}},"geometry":{"type":"Polygon","coordinates":[[[82.654872,24.047767],[82.655062,24.047712],[82.655005,24.047546],[82.654815,24.0476],[82.654872,24.047767]]]}},{"type":"Feature","id":"OSM-way-816382558","properties":{"id":"OSM-way-816382558","tag":"farmland","facilityId":null,"name":null,"cpcbCategory":null,"source":"OpenStreetMap via Overpass bulk load (© OpenStreetMap contributors, ODbL)","refreshedAt":"2026-09-29T11:06:04.248Z","mappedSince":null,"osmTags":{"landuse":"farmland"}},"geometry":{"type":"Polygon","coordinates":[[[82.654955,24.047511],[82.655092,24.047474],[82.655019,24.047249],[82.654882,24.047286],[82.654955,24.047511]]]}},{"type":"Feature","id":"OSM-way-817142038","properties":{"id":"OSM-way-817142038","tag":"forest","facilityId":null,"name":null,"cpcbCategory":null,"source":"OpenStreetMap via Overpass bulk load (© OpenStreetMap contributors, ODbL)","refreshedAt":"2026-09-29T11:06:04.248Z","mappedSince":null,"osmTags":{"natural":"wood"}},"geometry":{"type":"Polygon","coordinates":[[[82.614568,24.116595],[82.613902,24.116325],[82.613434,24.116168],[82.613532,24.115763],[82.613187,24.115223],[82.613237,24.115065],[82.613853,24.114863],[82.614124,24.115268],[82.614518,24.114975],[82.614814,24.114818],[82.615036,24.11457],[82.61442,24.114368],[82.614025,24.114143],[82.613754,24.113805],[82.61299,24.112838],[82.612694,24.11232],[82.612571,24.111286],[82.612472,24.110948],[82.612029,24.110858],[82.612127,24.110746],[82.61326,24.11079],[82.613547,24.111443],[82.614272,24.112051],[82.614732,24.112606],[82.614839,24.111983],[82.615134,24.111803],[82.615825,24.112703],[82.61646,24.112911],[82.617038,24.113013],[82.617082,24.116618],[82.614592,24.116663],[82.614568,24.116595]]]}},{"type":"Feature","id":"OSM-way-817142039","properties":{"id":"OSM-way-817142039","tag":"forest","facilityId":null,"name":null,"cpcbCategory":null,"source":"OpenStreetMap via Overpass bulk load (© OpenStreetMap contributors, ODbL)","refreshedAt":"2026-09-29T11:06:04.248Z","mappedSince":null,"osmTags":{"natural":"wood"}},"geometry":{"type":"Polygon","coordinates":[[[82.613259,24.116516],[82.611559,24.116354],[82.610403,24.115905],[82.609398,24.115119],[82.608797,24.114087],[82.608338,24.112258],[82.608724,24.110757],[82.609302,24.109638],[82.611188,24.108352],[82.611582,24.108496],[82.612321,24.108845],[82.612605,24.109205],[82.612802,24.109148],[82.613135,24.109351],[82.613135,24.1097],[82.61327,24.110082],[82.613981,24.110653],[82.613763,24.110735],[82.612556,24.110574],[82.612038,24.1106],[82.611302,24.109875],[82.610893,24.109406],[82.610828,24.109332],[82.610145,24.109741],[82.611617,24.111163],[82.610938,24.112284],[82.609652,24.112586],[82.609744,24.113609],[82.611021,24.112906],[82.611837,24.114022],[82.612438,24.114956],[82.611644,24.115482],[82.612284,24.116146],[82.613302,24.116327],[82.613259,24.116516]]]}},{"type":"Feature","id":"OSM-way-818682007","properties":{"id":"OSM-way-818682007","tag":"farmland","facilityId":null,"name":null,"cpcbCategory":null,"source":"OpenStreetMap via Overpass bulk load (© OpenStreetMap contributors, ODbL)","refreshedAt":"2026-09-29T11:06:04.248Z","mappedSince":null,"osmTags":{"landuse":"farmland"}},"geometry":{"type":"Polygon","coordinates":[[[82.620407,24.062627],[82.620785,24.063594],[82.620401,24.063693],[82.620417,24.063759],[82.620033,24.063869],[82.620154,24.0641],[82.620014,24.064104],[82.61994,24.063976],[82.619776,24.064023],[82.619356,24.063089],[82.620407,24.062627]]]}},{"type":"Feature","id":"OSM-way-818687447","properties":{"id":"OSM-way-818687447","tag":"farmland","facilityId":null,"name":null,"cpcbCategory":null,"source":"OpenStreetMap via Overpass bulk load (© OpenStreetMap contributors, ODbL)","refreshedAt":"2026-09-29T11:06:04.248Z","mappedSince":null,"osmTags":{"landuse":"farmland"}},"geometry":{"type":"Polygon","coordinates":[[[82.585469,24.066253],[82.586566,24.066188],[82.586523,24.06653],[82.585383,24.06653],[82.585469,24.066253]]]}},{"type":"Feature","id":"OSM-way-820422295","properties":{"id":"OSM-way-820422295","tag":"farmland","facilityId":null,"name":null,"cpcbCategory":null,"source":"OpenStreetMap via Overpass bulk load (© OpenStreetMap contributors, ODbL)","refreshedAt":"2026-09-29T11:06:04.248Z","mappedSince":null,"osmTags":{"landuse":"farmland"}},"geometry":{"type":"Polygon","coordinates":[[[82.617362,24.066776],[82.617443,24.066739],[82.617357,24.066485],[82.617271,24.066515],[82.617362,24.066776]]]}},{"type":"Feature","id":"OSM-way-851211816","properties":{"id":"OSM-way-851211816","tag":"farmland","facilityId":null,"name":null,"cpcbCategory":null,"source":"OpenStreetMap via Overpass bulk load (© OpenStreetMap contributors, ODbL)","refreshedAt":"2026-09-29T11:06:04.248Z","mappedSince":null,"osmTags":{"landuse":"farmland"}},"geometry":{"type":"Polygon","coordinates":[[[82.584222,24.064028],[82.584226,24.062784],[82.584231,24.061498],[82.58698,24.061508],[82.586969,24.064016],[82.584222,24.064028]]]}},{"type":"Feature","id":"OSM-way-851312723","properties":{"id":"OSM-way-851312723","tag":"farmland","facilityId":null,"name":null,"cpcbCategory":null,"source":"OpenStreetMap via Overpass bulk load (© OpenStreetMap contributors, ODbL)","refreshedAt":"2026-09-29T11:06:04.248Z","mappedSince":null,"osmTags":{"landuse":"farmland"}},"geometry":{"type":"Polygon","coordinates":[[[82.584228,24.066526],[82.584229,24.064023],[82.586088,24.064017],[82.586969,24.064014],[82.586971,24.066523],[82.585288,24.066525],[82.584228,24.066526]]]}},{"type":"Feature","id":"OSM-way-851314648","properties":{"id":"OSM-way-851314648","tag":"farmland","facilityId":null,"name":null,"cpcbCategory":null,"source":"OpenStreetMap via Overpass bulk load (© OpenStreetMap contributors, ODbL)","refreshedAt":"2026-09-29T11:06:04.248Z","mappedSince":null,"osmTags":{"landuse":"farmland"}},"geometry":{"type":"Polygon","coordinates":[[[82.586971,24.066523],[82.586969,24.064014],[82.588044,24.064014],[82.588323,24.064014],[82.589722,24.064015],[82.589722,24.066522],[82.586971,24.066523]]]}},{"type":"Feature","id":"OSM-way-851314956","properties":{"id":"OSM-way-851314956","tag":"farmland","facilityId":null,"name":null,"cpcbCategory":null,"source":"OpenStreetMap via Overpass bulk load (© OpenStreetMap contributors, ODbL)","refreshedAt":"2026-09-29T11:06:04.248Z","mappedSince":null,"osmTags":{"landuse":"farmland"}},"geometry":{"type":"Polygon","coordinates":[[[82.639152,24.066506],[82.639157,24.061516],[82.644629,24.061507],[82.644641,24.066515],[82.639152,24.066506]]]}},{"type":"Feature","id":"OSM-way-851349568","properties":{"id":"OSM-way-851349568","tag":"farmland","facilityId":null,"name":null,"cpcbCategory":null,"source":"OpenStreetMap via Overpass bulk load (© OpenStreetMap contributors, ODbL)","refreshedAt":"2026-09-29T11:06:04.248Z","mappedSince":null,"osmTags":{"landuse":"farmland"}},"geometry":{"type":"Polygon","coordinates":[[[82.595202,24.066546],[82.595187,24.061533],[82.600707,24.061502],[82.600713,24.066513],[82.595202,24.066546]]]}},{"type":"Feature","id":"OSM-way-851560788","properties":{"id":"OSM-way-851560788","tag":"farmland","facilityId":null,"name":null,"cpcbCategory":null,"source":"OpenStreetMap via Overpass bulk load (© OpenStreetMap contributors, ODbL)","refreshedAt":"2026-09-29T11:06:04.248Z","mappedSince":null,"osmTags":{"landuse":"farmland"}},"geometry":{"type":"Polygon","coordinates":[[[82.650087,24.076579],[82.661115,24.076488],[82.661128,24.079439],[82.650153,24.081767],[82.650087,24.076579]]]}},{"type":"Feature","id":"OSM-way-851561442","properties":{"id":"OSM-way-851561442","tag":"farmland","facilityId":null,"name":null,"cpcbCategory":null,"source":"OpenStreetMap via Overpass bulk load (© OpenStreetMap contributors, ODbL)","refreshedAt":"2026-09-29T11:06:04.248Z","mappedSince":null,"osmTags":{"landuse":"farmland"}},"geometry":{"type":"Polygon","coordinates":[[[82.573209,24.076543],[82.573215,24.074392],[82.573224,24.070457],[82.573227,24.069416],[82.573228,24.068714],[82.573234,24.066505],[82.576934,24.066512],[82.584228,24.066526],[82.584251,24.076535],[82.575112,24.076542],[82.573209,24.076543]]]}},{"type":"Feature","id":"OSM-way-851562003","properties":{"id":"OSM-way-851562003","tag":"farmland","facilityId":null,"name":null,"cpcbCategory":null,"source":"OpenStreetMap via Overpass bulk load (© OpenStreetMap contributors, ODbL)","refreshedAt":"2026-09-29T11:06:04.248Z","mappedSince":null,"osmTags":{"landuse":"farmland"}},"geometry":{"type":"Polygon","coordinates":[[[82.600713,24.066513],[82.600707,24.061502],[82.606179,24.061515],[82.606208,24.066508],[82.600713,24.066513]]]}},{"type":"Feature","id":"OSM-way-851566737","properties":{"id":"OSM-way-851566737","tag":"farmland","facilityId":null,"name":null,"cpcbCategory":null,"source":"OpenStreetMap via Overpass bulk load (© OpenStreetMap contributors, ODbL)","refreshedAt":"2026-09-29T11:06:04.248Z","mappedSince":null,"osmTags":{"landuse":"farmland"}},"geometry":{"type":"Polygon","coordinates":[[[82.606208,24.066508],[82.606194,24.056528],[82.617135,24.056436],[82.617271,24.066515],[82.606208,24.066508]]]}},{"type":"Feature","id":"OSM-way-851572500","properties":{"id":"OSM-way-851572500","tag":"farmland","facilityId":null,"name":null,"cpcbCategory":null,"source":"OpenStreetMap via Overpass bulk load (© OpenStreetMap contributors, ODbL)","refreshedAt":"2026-09-29T11:06:04.248Z","mappedSince":null,"osmTags":{"landuse":"farmland"}},"geometry":{"type":"Polygon","coordinates":[[[82.628761,24.065954],[82.628668,24.065148],[82.62818,24.060926],[82.628178,24.059981],[82.628353,24.05799],[82.628464,24.056715],[82.62875,24.056736],[82.629219,24.056701],[82.630939,24.056668],[82.639183,24.056512],[82.639182,24.05663],[82.639182,24.05686],[82.639181,24.057126],[82.639177,24.058272],[82.639031,24.063396],[82.638948,24.066147],[82.630659,24.06599],[82.628761,24.065954]]]}},{"type":"Feature","id":"OSM-way-851591296","properties":{"id":"OSM-way-851591296","tag":"farmland","facilityId":null,"name":null,"cpcbCategory":null,"source":"OpenStreetMap via Overpass bulk load (© OpenStreetMap contributors, ODbL)","refreshedAt":"2026-09-29T11:06:04.248Z","mappedSince":null,"osmTags":{"landuse":"farmland"}},"geometry":{"type":"Polygon","coordinates":[[[82.650134,24.106659],[82.650171,24.102044],[82.657066,24.103463],[82.661122,24.104283],[82.661125,24.106562],[82.650134,24.106659]]]}},{"type":"Feature","id":"OSM-way-851592219","properties":{"id":"OSM-way-851592219","tag":"farmland","facilityId":null,"name":null,"cpcbCategory":null,"source":"OpenStreetMap via Overpass bulk load (© OpenStreetMap contributors, ODbL)","refreshedAt":"2026-09-29T11:06:04.248Z","mappedSince":null,"osmTags":{"landuse":"farmland"}},"geometry":{"type":"Polygon","coordinates":[[[82.655625,24.116695],[82.65566,24.113551],[82.65568,24.111675],[82.661112,24.111659],[82.661115,24.116676],[82.655625,24.116695]]]}},{"type":"Feature","id":"OSM-way-851595366","properties":{"id":"OSM-way-851595366","tag":"farmland","facilityId":null,"name":null,"cpcbCategory":null,"source":"OpenStreetMap via Overpass bulk load (© OpenStreetMap contributors, ODbL)","refreshedAt":"2026-09-29T11:06:04.248Z","mappedSince":null,"osmTags":{"landuse":"farmland"}},"geometry":{"type":"Polygon","coordinates":[[[82.633649,24.081564],[82.633656,24.07951],[82.633668,24.076552],[82.63497,24.076555],[82.639152,24.076563],[82.63915,24.081576],[82.633649,24.081564]]]}},{"type":"Feature","id":"OSM-way-851595880","properties":{"id":"OSM-way-851595880","tag":"farmland","facilityId":null,"name":null,"cpcbCategory":null,"source":"OpenStreetMap via Overpass bulk load (© OpenStreetMap contributors, ODbL)","refreshedAt":"2026-09-29T11:06:04.248Z","mappedSince":null,"osmTags":{"landuse":"farmland"}},"geometry":{"type":"Polygon","coordinates":[[[82.633655,24.086579],[82.633649,24.081564],[82.63915,24.081576],[82.639152,24.086588],[82.633655,24.086579]]]}},{"type":"Feature","id":"OSM-way-851597643","properties":{"id":"OSM-way-851597643","tag":"farmland","facilityId":null,"name":null,"cpcbCategory":null,"source":"OpenStreetMap via Overpass bulk load (© OpenStreetMap contributors, ODbL)","refreshedAt":"2026-09-29T11:06:04.248Z","mappedSince":null,"osmTags":{"landuse":"farmland"}},"geometry":{"type":"Polygon","coordinates":[[[82.628162,24.086604],[82.628161,24.081581],[82.632152,24.081569],[82.632959,24.081566],[82.633649,24.081564],[82.633655,24.086579],[82.628162,24.086604]]]}},{"type":"Feature","id":"OSM-way-851598049","properties":{"id":"OSM-way-851598049","tag":"farmland","facilityId":null,"name":null,"cpcbCategory":null,"source":"OpenStreetMap via Overpass bulk load (© OpenStreetMap contributors, ODbL)","refreshedAt":"2026-09-29T11:06:04.248Z","mappedSince":null,"osmTags":{"landuse":"farmland"}},"geometry":{"type":"Polygon","coordinates":[[[82.622675,24.081566],[82.622677,24.079887],[82.622679,24.077607],[82.62268,24.076561],[82.628162,24.076556],[82.628187,24.081558],[82.622675,24.081566]]]}},{"type":"Feature","id":"OSM-way-851598667","properties":{"id":"OSM-way-851598667","tag":"farmland","facilityId":null,"name":null,"cpcbCategory":null,"source":"OpenStreetMap via Overpass bulk load (© OpenStreetMap contributors, ODbL)","refreshedAt":"2026-09-29T11:06:04.248Z","mappedSince":null,"osmTags":{"landuse":"farmland"}},"geometry":{"type":"Polygon","coordinates":[[[82.619932,24.086591],[82.61993,24.085164],[82.619928,24.084077],[82.620568,24.084078],[82.621876,24.08408],[82.622683,24.084081],[82.622685,24.086594],[82.619932,24.086591]]]}},{"type":"Feature","id":"OSM-way-851599489","properties":{"id":"OSM-way-851599489","tag":"farmland","facilityId":null,"name":null,"cpcbCategory":null,"source":"OpenStreetMap via Overpass bulk load (© OpenStreetMap contributors, ODbL)","refreshedAt":"2026-09-29T11:06:04.248Z","mappedSince":null,"osmTags":{"landuse":"farmland"}},"geometry":{"type":"Polygon","coordinates":[[[82.617189,24.086589],[82.617191,24.084074],[82.619928,24.084077],[82.619932,24.086591],[82.617189,24.086589]]]}},{"type":"Feature","id":"OSM-way-851636971","properties":{"id":"OSM-way-851636971","tag":"farmland","facilityId":null,"name":null,"cpcbCategory":null,"source":"OpenStreetMap via Overpass bulk load (© OpenStreetMap contributors, ODbL)","refreshedAt":"2026-09-29T11:06:04.248Z","mappedSince":null,"osmTags":{"landuse":"farmland"}},"geometry":{"type":"Polygon","coordinates":[[[82.617191,24.081578],[82.617177,24.076542],[82.61797,24.076545],[82.62268,24.076561],[82.622675,24.081566],[82.622347,24.081567],[82.619928,24.081572],[82.617191,24.081578]]]}},{"type":"Feature","id":"OSM-way-851637841","properties":{"id":"OSM-way-851637841","tag":"farmland","facilityId":null,"name":null,"cpcbCategory":null,"source":"OpenStreetMap via Overpass bulk load (© OpenStreetMap contributors, ODbL)","refreshedAt":"2026-09-29T11:06:04.248Z","mappedSince":null,"osmTags":{"landuse":"farmland"}},"geometry":{"type":"Polygon","coordinates":[[[82.617191,24.084074],[82.617191,24.081578],[82.619928,24.081572],[82.619928,24.084077],[82.617191,24.084074]]]}},{"type":"Feature","id":"OSM-way-851638454","properties":{"id":"OSM-way-851638454","tag":"farmland","facilityId":null,"name":null,"cpcbCategory":null,"source":"OpenStreetMap via Overpass bulk load (© OpenStreetMap contributors, ODbL)","refreshedAt":"2026-09-29T11:06:04.248Z","mappedSince":null,"osmTags":{"landuse":"farmland"}},"geometry":{"type":"Polygon","coordinates":[[[82.619928,24.084077],[82.619928,24.081572],[82.622675,24.081566],[82.622682,24.083825],[82.622683,24.084081],[82.619928,24.084077]]]}},{"type":"Feature","id":"OSM-way-874807277","properties":{"id":"OSM-way-874807277","tag":"industrial","facilityId":null,"name":null,"cpcbCategory":null,"source":"OpenStreetMap via Overpass bulk load (© OpenStreetMap contributors, ODbL)","refreshedAt":"2026-09-29T11:06:04.248Z","mappedSince":null,"osmTags":{"building":"yes","man_made":"works"}},"geometry":{"type":"Polygon","coordinates":[[[82.632857,24.051049],[82.632881,24.051153],[82.632979,24.051134],[82.632955,24.051029],[82.632857,24.051049]]]}},{"type":"Feature","id":"OSM-way-982784437","properties":{"id":"OSM-way-982784437","tag":"quarry","facilityId":"OSM-way-982784437","name":"Krishnashila Coal Mine","cpcbCategory":"Red","source":"OpenStreetMap via Overpass bulk load (© OpenStreetMap contributors, ODbL)","refreshedAt":"2026-09-29T11:06:04.248Z","mappedSince":null,"osmTags":{"landuse":"quarry","name":"Krishnashila Coal Mine","operator":"Northern Coalfields Limited","resource":"coal","source":"https://www.gem.wiki/Krishnashila_coal_mine"}},"geometry":{"type":"Polygon","coordinates":[[[82.763732,24.138906],[82.761447,24.137884],[82.75677,24.137081],[82.755289,24.139078],[82.75207,24.13945],[82.746105,24.139156],[82.743987,24.137228],[82.744164,24.135923],[82.744389,24.13432],[82.745161,24.133282],[82.744689,24.132518],[82.743431,24.131674],[82.742201,24.131979],[82.741277,24.131226],[82.738596,24.130569],[82.738917,24.126761],[82.739348,24.1243],[82.73999,24.123828],[82.740711,24.123365],[82.742336,24.122491],[82.745231,24.121636],[82.749105,24.120801],[82.753711,24.121656],[82.755304,24.122432],[82.75881,24.127856],[82.763732,24.138906]]]}},{"type":"Feature","id":"OSM-way-985843341","properties":{"id":"OSM-way-985843341","tag":"quarry","facilityId":"OSM-way-985843341","name":"Block - B coal mine","cpcbCategory":"Red","source":"OpenStreetMap via Overpass bulk load (© OpenStreetMap contributors, ODbL)","refreshedAt":"2026-09-29T11:06:04.248Z","mappedSince":null,"osmTags":{"landuse":"quarry","name":"Block - B coal mine","operator":"NCL","resource":"coal","source":"Application in Form-I for Environmental Clearance (EC) of Block-B OCP: http://environmentclearance.nic.in/writereaddata/form-1/2013_5_14_May_2013_1558326531Block-BFormI.pdf"}},"geometry":{"type":"Polygon","coordinates":[[[82.575485,24.193454],[82.578177,24.194305],[82.580581,24.191858],[82.580259,24.18946],[82.574015,24.17612],[82.569637,24.177334],[82.567706,24.171266],[82.563457,24.167154],[82.559595,24.164649],[82.566633,24.155173],[82.571611,24.159989],[82.573671,24.159911],[82.577791,24.158227],[82.583606,24.156093],[82.582147,24.153763],[82.580044,24.154115],[82.579401,24.15529],[82.577512,24.154233],[82.578692,24.152647],[82.575517,24.150219],[82.573607,24.149377],[82.571139,24.147302],[82.569959,24.145031],[82.56938,24.142837],[82.57204,24.1399],[82.571054,24.135906],[82.571182,24.131265],[82.567277,24.129522],[82.559123,24.130971],[82.556205,24.132342],[82.550712,24.140488],[82.552686,24.146519],[82.551012,24.155995],[82.548995,24.164688],[82.549338,24.166215],[82.558393,24.171736],[82.560496,24.173419],[82.560367,24.179409],[82.568017,24.181983],[82.571279,24.183676],[82.572513,24.185184],[82.574154,24.185585],[82.575324,24.187229],[82.575753,24.190146],[82.574476,24.1918],[82.575485,24.193454]]]}},{"type":"Feature","id":"OSM-way-1028092826","properties":{"id":"OSM-way-1028092826","tag":"farmland","facilityId":null,"name":null,"cpcbCategory":null,"source":"OpenStreetMap via Overpass bulk load (© OpenStreetMap contributors, ODbL)","refreshedAt":"2026-09-29T11:06:04.248Z","mappedSince":null,"osmTags":{"landuse":"farmland","produce":"rice"}},"geometry":{"type":"Polygon","coordinates":[[[82.666098,24.076334],[82.666032,24.076189],[82.666125,24.076145],[82.666188,24.076288],[82.666098,24.076334]]]}},{"type":"Feature","id":"OSM-way-334287478","properties":{"id":"OSM-way-334287478","tag":"forest","facilityId":null,"name":null,"cpcbCategory":null,"source":"OpenStreetMap via Overpass bulk load (© OpenStreetMap contributors, ODbL)","refreshedAt":"2026-09-29T11:06:04.248Z","mappedSince":null,"osmTags":{"natural":"wood"}},"geometry":{"type":"Polygon","coordinates":[[[88.061558,22.025685],[88.062203,22.02644],[88.062712,22.027037],[88.062945,22.027283],[88.06309,22.027495],[88.063088,22.027407],[88.063085,22.027305],[88.063067,22.02722],[88.063039,22.027095],[88.063022,22.027016],[88.062989,22.026909],[88.062963,22.02683],[88.06293,22.026762],[88.062871,22.026642],[88.062806,22.026532],[88.062742,22.026425],[88.062699,22.026374],[88.062573,22.026229],[88.06247,22.026113],[88.062376,22.026037],[88.062153,22.025904],[88.062077,22.02587],[88.061979,22.025826],[88.061768,22.025733],[88.061766,22.025732],[88.061558,22.025685]]]}},{"type":"Feature","id":"OSM-way-334454085","properties":{"id":"OSM-way-334454085","tag":"farmland","facilityId":null,"name":null,"cpcbCategory":null,"source":"OpenStreetMap via Overpass bulk load (© OpenStreetMap contributors, ODbL)","refreshedAt":"2026-09-29T11:06:04.248Z","mappedSince":null,"osmTags":{"crop":"rice","landuse":"farmland"}},"geometry":{"type":"Polygon","coordinates":[[[88.063135,22.034619],[88.063434,22.034454],[88.065789,22.033365],[88.06735,22.032724],[88.068223,22.032387],[88.067606,22.030631],[88.067636,22.030521],[88.067491,22.030188],[88.067555,22.029994],[88.067448,22.029835],[88.067314,22.030307],[88.06715,22.030638],[88.066995,22.03066],[88.066804,22.03067],[88.066603,22.030588],[88.066325,22.030329],[88.064944,22.03034],[88.064781,22.030332],[88.063307,22.030257],[88.062737,22.03045],[88.062689,22.030654],[88.062456,22.031168],[88.062274,22.031573],[88.062448,22.031903],[88.062706,22.032281],[88.062347,22.032496],[88.063135,22.034619]]]}},{"type":"Feature","id":"OSM-way-334475705","properties":{"id":"OSM-way-334475705","tag":"industrial","facilityId":"OSM-way-334475705","name":"Renuka Sugar Mill","cpcbCategory":null,"source":"OpenStreetMap via Overpass bulk load (© OpenStreetMap contributors, ODbL)","refreshedAt":"2026-09-29T11:06:04.248Z","mappedSince":null,"osmTags":{"landuse":"industrial","name":"Renuka Sugar Mill","name:bn":"রেণুকা সুগার মিল"}},"geometry":{"type":"Polygon","coordinates":[[[88.085069,22.059438],[88.087232,22.060013],[88.087808,22.060163],[88.087945,22.059929],[88.089522,22.06035],[88.091003,22.058928],[88.091561,22.056741],[88.086371,22.055392],[88.085069,22.059438]]]}},{"type":"Feature","id":"OSM-way-334696846","properties":{"id":"OSM-way-334696846","tag":"industrial","facilityId":"OSM-way-334696846","name":"Apeejay Infralogistic","cpcbCategory":null,"source":"OpenStreetMap via Overpass bulk load (© OpenStreetMap contributors, ODbL)","refreshedAt":"2026-09-29T11:06:04.248Z","mappedSince":null,"osmTags":{"landuse":"industrial","name":"Apeejay Infralogistic"}},"geometry":{"type":"Polygon","coordinates":[[[88.035338,22.080736],[88.035488,22.080995],[88.035515,22.081214],[88.036604,22.08097],[88.037339,22.080876],[88.03736,22.081437],[88.037376,22.081795],[88.03743,22.081989],[88.037639,22.08185],[88.0381,22.081487],[88.038487,22.081224],[88.038792,22.08098],[88.039066,22.080726],[88.039254,22.080572],[88.039323,22.080533],[88.040053,22.081278],[88.040742,22.082088],[88.040793,22.082148],[88.040949,22.082347],[88.040954,22.082421],[88.04096,22.082546],[88.040895,22.083038],[88.040906,22.083157],[88.040911,22.083237],[88.040949,22.083291],[88.040976,22.083351],[88.040992,22.083426],[88.041121,22.084012],[88.040906,22.084067],[88.041029,22.08444],[88.041035,22.084509],[88.041024,22.084564],[88.040997,22.084604],[88.04111,22.08529],[88.04126,22.08528],[88.042113,22.085131],[88.042215,22.085404],[88.042349,22.085643],[88.043159,22.084932],[88.044404,22.08613],[88.045338,22.085325],[88.044162,22.083893],[88.041047,22.080463],[88.037748,22.077217],[88.035865,22.078594],[88.034218,22.079819],[88.033628,22.080212],[88.033732,22.080317],[88.034172,22.080083],[88.035232,22.079467],[88.035964,22.080158],[88.035338,22.080736]]]}},{"type":"Feature","id":"OSM-way-334702194","properties":{"id":"OSM-way-334702194","tag":"industrial","facilityId":"OSM-way-334702194","name":"Godown","cpcbCategory":null,"source":"OpenStreetMap via Overpass bulk load (© OpenStreetMap contributors, ODbL)","refreshedAt":"2026-09-29T11:06:04.248Z","mappedSince":null,"osmTags":{"landuse":"industrial","name":"Godown"}},"geometry":{"type":"Polygon","coordinates":[[[88.047917,22.083772],[88.048333,22.084436],[88.048762,22.08423],[88.048816,22.084274],[88.048867,22.084356],[88.049215,22.084192],[88.049556,22.084001],[88.049824,22.08379],[88.050197,22.083509],[88.050347,22.08336],[88.050463,22.083228],[88.050787,22.082676],[88.051157,22.082209],[88.051643,22.082028],[88.051694,22.081777],[88.051624,22.081451],[88.051533,22.081262],[88.050843,22.081536],[88.050192,22.081747],[88.047917,22.083772]]]}},{"type":"Feature","id":"OSM-way-334702481","properties":{"id":"OSM-way-334702481","tag":"industrial","facilityId":"OSM-way-334702481","name":"Godown","cpcbCategory":null,"source":"OpenStreetMap via Overpass bulk load (© OpenStreetMap contributors, ODbL)","refreshedAt":"2026-09-29T11:06:04.248Z","mappedSince":null,"osmTags":{"landuse":"industrial","name":"Godown"}},"geometry":{"type":"Polygon","coordinates":[[[88.048215,22.082873],[88.049679,22.081521],[88.049465,22.080899],[88.049063,22.080994],[88.04895,22.080601],[88.048086,22.080745],[88.048043,22.080512],[88.047877,22.080531],[88.047818,22.080019],[88.047614,22.080029],[88.047303,22.078881],[88.047737,22.078722],[88.047721,22.078677],[88.048231,22.078578],[88.048209,22.078453],[88.04829,22.078429],[88.048376,22.078329],[88.048371,22.078165],[88.048918,22.078101],[88.049347,22.078031],[88.049218,22.077583],[88.048966,22.076957],[88.048859,22.076952],[88.048762,22.076574],[88.048655,22.076564],[88.048617,22.076346],[88.048269,22.076445],[88.047968,22.076614],[88.047877,22.076579],[88.047834,22.076485],[88.04689,22.076719],[88.046906,22.076927],[88.04682,22.076942],[88.046917,22.07736],[88.046681,22.077439],[88.046847,22.078105],[88.046616,22.07819],[88.048215,22.082873]]]}},{"type":"Feature","id":"OSM-way-334702756","properties":{"id":"OSM-way-334702756","tag":"industrial","facilityId":"OSM-way-334702756","name":"Logistic Park","cpcbCategory":null,"source":"OpenStreetMap via Overpass bulk load (© OpenStreetMap contributors, ODbL)","refreshedAt":"2026-09-29T11:06:04.248Z","mappedSince":null,"osmTags":{"landuse":"industrial","name":"Logistic Park"}},"geometry":{"type":"Polygon","coordinates":[[[88.051246,22.079945],[88.051085,22.079353],[88.050967,22.078642],[88.050731,22.078284],[88.050613,22.077931],[88.050505,22.077499],[88.050248,22.077524],[88.050151,22.077077],[88.04983,22.077131],[88.049706,22.076883],[88.050404,22.076803],[88.050473,22.077131],[88.050956,22.077067],[88.050994,22.077255],[88.051348,22.077191],[88.052029,22.077071],[88.05204,22.076922],[88.052008,22.076773],[88.052378,22.076719],[88.052485,22.077355],[88.053558,22.077101],[88.053735,22.077991],[88.051246,22.079945]]]}},{"type":"Feature","id":"OSM-way-334703582","properties":{"id":"OSM-way-334703582","tag":"industrial","facilityId":"OSM-way-334703582","name":"Logistic Park","cpcbCategory":null,"source":"OpenStreetMap via Overpass bulk load (© OpenStreetMap contributors, ODbL)","refreshedAt":"2026-09-29T11:06:04.248Z","mappedSince":null,"osmTags":{"landuse":"industrial","name":"Logistic Park"}},"geometry":{"type":"Polygon","coordinates":[[[88.054872,22.076793],[88.054695,22.076306],[88.054218,22.076405],[88.054105,22.075878],[88.054025,22.075903],[88.05395,22.075689],[88.054014,22.075665],[88.053837,22.075202],[88.05359,22.074661],[88.053365,22.074139],[88.052898,22.074019],[88.05285,22.073373],[88.053193,22.073318],[88.053129,22.073035],[88.05337,22.072985],[88.053316,22.072757],[88.053225,22.072752],[88.053193,22.072592],[88.053322,22.072578],[88.053338,22.072652],[88.053966,22.072548],[88.053998,22.072682],[88.054352,22.072612],[88.05432,22.072443],[88.054566,22.072419],[88.054545,22.072145],[88.054749,22.07214],[88.05469,22.071976],[88.054867,22.071901],[88.054824,22.071688],[88.054856,22.071454],[88.055054,22.071429],[88.055071,22.071514],[88.055494,22.071464],[88.055537,22.072021],[88.056583,22.071926],[88.057522,22.071777],[88.057533,22.072185],[88.057608,22.072776],[88.058252,22.072672],[88.058316,22.073075],[88.05859,22.073005],[88.058713,22.073542],[88.058756,22.073636],[88.057748,22.074367],[88.054872,22.076793]]]}},{"type":"Feature","id":"OSM-way-334703828","properties":{"id":"OSM-way-334703828","tag":"industrial","facilityId":null,"name":null,"cpcbCategory":null,"source":"OpenStreetMap via Overpass bulk load (© OpenStreetMap contributors, ODbL)","refreshedAt":"2026-09-29T11:06:04.248Z","mappedSince":null,"osmTags":{"landuse":"industrial"}},"geometry":{"type":"Polygon","coordinates":[[[88.060086,22.072319],[88.059802,22.071305],[88.059437,22.071389],[88.059292,22.070768],[88.059421,22.070748],[88.059271,22.070241],[88.059775,22.070122],[88.060397,22.070047],[88.060553,22.071106],[88.060762,22.071772],[88.060086,22.072319]]]}},{"type":"Feature","id":"OSM-way-334704368","properties":{"id":"OSM-way-334704368","tag":"industrial","facilityId":"OSM-way-334704368","name":"Ural India Limited","cpcbCategory":null,"source":"OpenStreetMap via Overpass bulk load (© OpenStreetMap contributors, ODbL)","refreshedAt":"2026-09-29T11:06:04.248Z","mappedSince":null,"osmTags":{"landuse":"industrial","name":"Ural India Limited"}},"geometry":{"type":"Polygon","coordinates":[[[88.063396,22.075332],[88.063654,22.076003],[88.063589,22.076038],[88.063739,22.076579],[88.063901,22.076559],[88.064024,22.077126],[88.066824,22.076495],[88.066899,22.076629],[88.069168,22.076082],[88.069318,22.075993],[88.069367,22.075903],[88.069227,22.075699],[88.069136,22.075436],[88.068696,22.074407],[88.068578,22.074009],[88.068407,22.073626],[88.068203,22.073209],[88.068138,22.07302],[88.068138,22.072776],[88.068047,22.072528],[88.067951,22.072329],[88.067886,22.072215],[88.067865,22.071936],[88.067795,22.071832],[88.067704,22.071717],[88.067596,22.071568],[88.067484,22.071444],[88.067377,22.071385],[88.067307,22.071265],[88.067082,22.070937],[88.06669,22.070549],[88.066239,22.070261],[88.065719,22.069848],[88.065295,22.06951],[88.065242,22.069431],[88.065204,22.069446],[88.065011,22.069287],[88.064684,22.069426],[88.063723,22.070117],[88.063187,22.070619],[88.062211,22.071499],[88.062484,22.071787],[88.062597,22.072299],[88.06264,22.072553],[88.0625,22.072607],[88.062602,22.073348],[88.062833,22.073348],[88.063047,22.074496],[88.063262,22.074462],[88.0633,22.07467],[88.06323,22.074685],[88.063305,22.075168],[88.063396,22.075332]]]}},{"type":"Feature","id":"OSM-way-334709526","properties":{"id":"OSM-way-334709526","tag":"industrial","facilityId":"OSM-way-334709526","name":"Logistic Park","cpcbCategory":null,"source":"OpenStreetMap via Overpass bulk load (© OpenStreetMap contributors, ODbL)","refreshedAt":"2026-09-29T11:06:04.248Z","mappedSince":null,"osmTags":{"landuse":"industrial","name":"Logistic Park"}},"geometry":{"type":"Polygon","coordinates":[[[88.069117,22.067829],[88.069289,22.068147],[88.06923,22.068351],[88.069085,22.068574],[88.068946,22.068893],[88.068951,22.069256],[88.068951,22.069429],[88.069316,22.069434],[88.069584,22.06937],[88.069804,22.069335],[88.069906,22.069375],[88.070003,22.069469],[88.070931,22.069434],[88.07114,22.069385],[88.071258,22.069335],[88.071311,22.069146],[88.071311,22.069002],[88.071247,22.068912],[88.071124,22.068843],[88.070839,22.068838],[88.070684,22.06847],[88.0707,22.068206],[88.070209,22.068266],[88.070158,22.068052],[88.069892,22.068045],[88.069801,22.067692],[88.069117,22.067829]]]}},{"type":"Feature","id":"OSM-way-334724322","properties":{"id":"OSM-way-334724322","tag":"farmland","facilityId":null,"name":null,"cpcbCategory":null,"source":"OpenStreetMap via Overpass bulk load (© OpenStreetMap contributors, ODbL)","refreshedAt":"2026-09-29T11:06:04.248Z","mappedSince":null,"osmTags":{"crop":"rice","landuse":"farmland"}},"geometry":{"type":"Polygon","coordinates":[[[88.045542,22.084681],[88.045993,22.084462],[88.046036,22.084591],[88.047452,22.083657],[88.047387,22.083468],[88.047237,22.083518],[88.047087,22.082981],[88.047409,22.082881],[88.047323,22.082444],[88.046669,22.082583],[88.04654,22.081987],[88.047205,22.081847],[88.047173,22.081649],[88.046819,22.081708],[88.046679,22.081171],[88.047055,22.081112],[88.046937,22.080565],[88.04683,22.079511],[88.04683,22.079203],[88.046744,22.079103],[88.046636,22.079054],[88.046443,22.078646],[88.046261,22.078278],[88.046196,22.07794],[88.046186,22.077851],[88.045778,22.077861],[88.045403,22.077851],[88.045038,22.07797],[88.044501,22.078159],[88.044351,22.078],[88.044158,22.07803],[88.04404,22.078288],[88.043815,22.078348],[88.043686,22.078338],[88.043589,22.07794],[88.042913,22.076896],[88.042559,22.076916],[88.042399,22.076727],[88.042302,22.076459],[88.042297,22.07622],[88.042339,22.076086],[88.041932,22.075922],[88.041642,22.075927],[88.041218,22.075872],[88.041009,22.075748],[88.040795,22.075693],[88.039958,22.075728],[88.0394,22.076161],[88.038901,22.076474],[88.038633,22.076812],[88.038375,22.077115],[88.038161,22.077473],[88.038617,22.07796],[88.039936,22.079317],[88.04161,22.081022],[88.042688,22.082171],[88.043986,22.083637],[88.044968,22.084755],[88.045038,22.084711],[88.045011,22.084278],[88.045156,22.084164],[88.045338,22.084139],[88.045542,22.084681]]]}},{"type":"Feature","id":"OSM-way-334799495","properties":{"id":"OSM-way-334799495","tag":"industrial","facilityId":"OSM-way-334799495","name":"Logistic Park","cpcbCategory":null,"source":"OpenStreetMap via Overpass bulk load (© OpenStreetMap contributors, ODbL)","refreshedAt":"2026-09-29T11:06:04.248Z","mappedSince":null,"osmTags":{"landuse":"industrial","name":"Logistic Park"}},"geometry":{"type":"Polygon","coordinates":[[[88.062845,22.069984],[88.062727,22.069815],[88.062671,22.069671],[88.062628,22.069683],[88.062585,22.069564],[88.062322,22.069638],[88.062081,22.069725],[88.061947,22.069733],[88.061794,22.06972],[88.061756,22.069588],[88.061759,22.069499],[88.061764,22.069417],[88.061794,22.06935],[88.061904,22.069273],[88.061866,22.069233],[88.061858,22.069156],[88.062309,22.069039],[88.062641,22.069002],[88.062853,22.06896],[88.063191,22.069678],[88.062845,22.069984]]]}},{"type":"Feature","id":"OSM-way-334799520","properties":{"id":"OSM-way-334799520","tag":"industrial","facilityId":null,"name":null,"cpcbCategory":null,"source":"OpenStreetMap via Overpass bulk load (© OpenStreetMap contributors, ODbL)","refreshedAt":"2026-09-29T11:06:04.248Z","mappedSince":null,"osmTags":{"landuse":"industrial"}},"geometry":{"type":"Polygon","coordinates":[[[88.063374,22.069519],[88.063132,22.068955],[88.063604,22.068888],[88.064058,22.06886],[88.064154,22.068878],[88.064202,22.068915],[88.063374,22.069519]]]}},{"type":"Feature","id":"OSM-way-334800495","properties":{"id":"OSM-way-334800495","tag":"industrial","facilityId":null,"name":null,"cpcbCategory":null,"source":"OpenStreetMap via Overpass bulk load (© OpenStreetMap contributors, ODbL)","refreshedAt":"2026-09-29T11:06:04.248Z","mappedSince":null,"osmTags":{"landuse":"industrial"}},"geometry":{"type":"Polygon","coordinates":[[[88.063092,22.068801],[88.063382,22.068731],[88.063636,22.068694],[88.063907,22.068684],[88.064098,22.068734],[88.064315,22.068801],[88.064393,22.06884],[88.064519,22.068778],[88.064503,22.068681],[88.064444,22.068535],[88.064385,22.06844],[88.064248,22.068313],[88.064275,22.068276],[88.064224,22.068212],[88.064181,22.068134],[88.064125,22.068052],[88.064052,22.067973],[88.063966,22.067923],[88.063846,22.067873],[88.063784,22.067824],[88.063663,22.067742],[88.063588,22.067665],[88.063556,22.067598],[88.063553,22.067461],[88.063551,22.067379],[88.063521,22.067294],[88.063443,22.06722],[88.063357,22.06719],[88.063256,22.067172],[88.063162,22.067165],[88.063028,22.067138],[88.062982,22.067128],[88.062928,22.067195],[88.062757,22.067227],[88.062563,22.067249],[88.062416,22.067292],[88.062542,22.067652],[88.062802,22.068284],[88.063022,22.068671],[88.063092,22.068801]]]}},{"type":"Feature","id":"OSM-way-334868836","properties":{"id":"OSM-way-334868836","tag":"farmland","facilityId":null,"name":null,"cpcbCategory":null,"source":"OpenStreetMap via Overpass bulk load (© OpenStreetMap contributors, ODbL)","refreshedAt":"2026-09-29T11:06:04.248Z","mappedSince":null,"osmTags":{"crop":"rice","landuse":"farmland"}},"geometry":{"type":"Polygon","coordinates":[[[88.065472,22.06918],[88.065557,22.069229],[88.065644,22.069289],[88.065471,22.069485],[88.065761,22.069713],[88.066498,22.070252],[88.066559,22.07023],[88.066644,22.070163],[88.066816,22.070101],[88.066918,22.070118],[88.067025,22.07021],[88.06709,22.070232],[88.067304,22.070257],[88.06755,22.07016],[88.067662,22.070113],[88.067778,22.070113],[88.067762,22.069956],[88.067636,22.069778],[88.06796,22.069646],[88.06818,22.069571],[88.068368,22.069795],[88.068603,22.069726],[88.06871,22.06962],[88.068838,22.069522],[88.068816,22.069275],[88.068883,22.06925],[88.068904,22.069126],[88.068894,22.069004],[88.068805,22.068358],[88.068735,22.068371],[88.06866,22.068375],[88.06858,22.068259],[88.068373,22.068318],[88.068196,22.068313],[88.0681,22.068279],[88.067992,22.068326],[88.06781,22.068405],[88.067815,22.068453],[88.067724,22.068453],[88.067732,22.06853],[88.067695,22.068602],[88.067625,22.068592],[88.067568,22.068502],[88.067509,22.068468],[88.067327,22.068502],[88.067146,22.068551],[88.067067,22.068572],[88.067008,22.068583],[88.066801,22.068622],[88.066418,22.068736],[88.066067,22.068855],[88.065346,22.069127],[88.065414,22.069147],[88.065472,22.06918]]]}},{"type":"Feature","id":"OSM-way-334884987","properties":{"id":"OSM-way-334884987","tag":"forest","facilityId":null,"name":null,"cpcbCategory":null,"source":"OpenStreetMap via Overpass bulk load (© OpenStreetMap contributors, ODbL)","refreshedAt":"2026-09-29T11:06:04.248Z","mappedSince":null,"osmTags":{"leaf_cycle":"evergreen","leaf_type":"needleleaved","natural":"wood"}},"geometry":{"type":"Polygon","coordinates":[[[88.02206,22.072856],[88.022381,22.072596],[88.022629,22.072422],[88.02295,22.072309],[88.023178,22.072293],[88.023399,22.07236],[88.023689,22.0724],[88.024043,22.072371],[88.024375,22.07239],[88.024665,22.072341],[88.024863,22.072186],[88.025062,22.071933],[88.025233,22.071824],[88.025609,22.071724],[88.025877,22.071595],[88.026049,22.071436],[88.02621,22.071177],[88.026349,22.070879],[88.026517,22.070449],[88.025234,22.069963],[88.025068,22.069973],[88.024912,22.070028],[88.024676,22.070092],[88.024408,22.070137],[88.024092,22.070192],[88.023727,22.070107],[88.02355,22.070068],[88.02342,22.070124],[88.022884,22.071148],[88.02239,22.071933],[88.02206,22.072856]]]}},{"type":"Feature","id":"OSM-way-335034500","properties":{"id":"OSM-way-335034500","tag":"forest","facilityId":null,"name":null,"cpcbCategory":null,"source":"OpenStreetMap via Overpass bulk load (© OpenStreetMap contributors, ODbL)","refreshedAt":"2026-09-29T11:06:04.248Z","mappedSince":null,"osmTags":{"leaf_cycle":"evergreen","leaf_type":"needleleaved","natural":"wood"}},"geometry":{"type":"Polygon","coordinates":[[[88.02344,22.069955],[88.023652,22.069968],[88.024038,22.070093],[88.024167,22.070093],[88.024446,22.070053],[88.024778,22.069988],[88.024923,22.069948],[88.025095,22.069934],[88.025277,22.069929],[88.025401,22.069909],[88.025508,22.069874],[88.025621,22.069799],[88.025692,22.069733],[88.025626,22.069671],[88.025588,22.069651],[88.025546,22.069616],[88.025521,22.069574],[88.025492,22.069534],[88.025444,22.069453],[88.025398,22.069371],[88.025347,22.069293],[88.025312,22.069246],[88.025288,22.069194],[88.025259,22.069159],[88.025221,22.069097],[88.025173,22.069022],[88.025116,22.06896],[88.025081,22.068911],[88.025012,22.068831],[88.023876,22.066842],[88.02379,22.067538],[88.023725,22.068044],[88.023646,22.068632],[88.023511,22.069358],[88.02344,22.069955]]]}},{"type":"Feature","id":"OSM-way-335043022","properties":{"id":"OSM-way-335043022","tag":"forest","facilityId":null,"name":null,"cpcbCategory":null,"source":"OpenStreetMap via Overpass bulk load (© OpenStreetMap contributors, ODbL)","refreshedAt":"2026-09-29T11:06:04.248Z","mappedSince":null,"osmTags":{"leaf_cycle":"evergreen","leaf_type":"needleleaved","natural":"wood"}},"geometry":{"type":"Polygon","coordinates":[[[88.023876,22.066842],[88.025012,22.068831],[88.025546,22.069616],[88.025692,22.069733],[88.025621,22.069799],[88.025508,22.069874],[88.025401,22.069909],[88.025234,22.069963],[88.026517,22.070449],[88.026757,22.070213],[88.026939,22.070143],[88.027068,22.070273],[88.027304,22.070531],[88.027497,22.07077],[88.027564,22.070896],[88.027642,22.070848],[88.02771,22.070781],[88.02777,22.070714],[88.027809,22.070655],[88.02784,22.07056],[88.027851,22.070478],[88.027829,22.070336],[88.027823,22.070296],[88.027801,22.070264],[88.027776,22.07022],[88.02776,22.070187],[88.027746,22.070149],[88.027741,22.070108],[88.027741,22.070065],[88.02775,22.070015],[88.027769,22.069976],[88.027803,22.069951],[88.027859,22.069928],[88.027914,22.069912],[88.027984,22.069907],[88.028057,22.069901],[88.028114,22.069898],[88.028202,22.06989],[88.028238,22.069877],[88.028272,22.06987],[88.028319,22.069861],[88.02835,22.069843],[88.028382,22.069826],[88.028407,22.069808],[88.028443,22.069788],[88.028486,22.069772],[88.028539,22.069757],[88.028578,22.069749],[88.028618,22.069752],[88.028643,22.069732],[88.028662,22.069703],[88.028676,22.069675],[88.028705,22.069623],[88.02873,22.069577],[88.028764,22.069522],[88.028792,22.069457],[88.028874,22.069371],[88.028925,22.069339],[88.028957,22.069283],[88.029026,22.069263],[88.029063,22.06924],[88.029129,22.069194],[88.029307,22.068982],[88.029358,22.0689],[88.029428,22.068823],[88.029498,22.068773],[88.029578,22.068743],[88.030031,22.068512],[88.030171,22.06847],[88.030281,22.068393],[88.030345,22.068308],[88.030541,22.068017],[88.030635,22.067871],[88.03079,22.067716],[88.031107,22.06755],[88.031429,22.067446],[88.031482,22.067301],[88.031415,22.067127],[88.03148,22.067028],[88.031853,22.066933],[88.032381,22.0667],[88.032464,22.066722],[88.032569,22.066722],[88.032663,22.0667],[88.032757,22.066645],[88.033046,22.066235],[88.03336,22.065805],[88.033518,22.065469],[88.033623,22.065144],[88.033663,22.064912],[88.033615,22.064793],[88.033483,22.064783],[88.033456,22.064582],[88.033435,22.064438],[88.033497,22.064398],[88.0335,22.064144],[88.033591,22.064124],[88.033668,22.064065],[88.033725,22.063846],[88.033749,22.063689],[88.033711,22.063535],[88.033526,22.063481],[88.033363,22.063498],[88.03328,22.063595],[88.033229,22.063712],[88.033191,22.063913],[88.033175,22.064042],[88.033127,22.064346],[88.033097,22.06445],[88.032923,22.064445],[88.032797,22.064398],[88.032609,22.06441],[88.032309,22.064436],[88.032719,22.063623],[88.033105,22.062609],[88.033132,22.062017],[88.033325,22.062067],[88.033486,22.061758],[88.033647,22.061311],[88.033421,22.061142],[88.033743,22.060028],[88.033775,22.05977],[88.033958,22.059233],[88.034044,22.058616],[88.034065,22.058059],[88.034011,22.057493],[88.033765,22.056757],[88.033346,22.05612],[88.032842,22.054748],[88.032885,22.054191],[88.033014,22.053615],[88.032982,22.053227],[88.032896,22.052789],[88.035336,22.053615],[88.034999,22.052342],[88.036002,22.051268],[88.035991,22.050562],[88.036098,22.050343],[88.036281,22.050174],[88.036254,22.049756],[88.036651,22.047986],[88.03679,22.047489],[88.037091,22.046962],[88.037413,22.045868],[88.037627,22.044973],[88.03767,22.044009],[88.037713,22.043342],[88.037691,22.042795],[88.037981,22.042716],[88.038121,22.041831],[88.038153,22.040886],[88.038099,22.039921],[88.037927,22.038967],[88.037455,22.039016],[88.037005,22.039076],[88.036511,22.039563],[88.035749,22.04013],[88.035503,22.040299],[88.03502,22.040399],[88.034301,22.040588],[88.033775,22.040816],[88.033218,22.040876],[88.031627,22.041651],[88.031051,22.042184],[88.030634,22.042845],[88.030341,22.04327],[88.029758,22.044011],[88.029238,22.045082],[88.0291,22.045212],[88.028145,22.047476],[88.027964,22.048626],[88.028086,22.049343],[88.028214,22.049837],[88.028282,22.050376],[88.028503,22.051301],[88.028853,22.052392],[88.029084,22.054051],[88.029045,22.054757],[88.028972,22.055298],[88.028747,22.055775],[88.028404,22.056392],[88.028136,22.056859],[88.027889,22.057416],[88.027717,22.057844],[88.027578,22.05842],[88.026805,22.060041],[88.02643,22.060697],[88.026172,22.061244],[88.025883,22.061861],[88.025518,22.062656],[88.025078,22.063482],[88.024659,22.064655],[88.024499,22.065172],[88.024305,22.065639],[88.024027,22.066206],[88.023876,22.066842]]]}},{"type":"Feature","id":"OSM-way-335167242","properties":{"id":"OSM-way-335167242","tag":"farmland","facilityId":null,"name":null,"cpcbCategory":null,"source":"OpenStreetMap via Overpass bulk load (© OpenStreetMap contributors, ODbL)","refreshedAt":"2026-09-29T11:06:04.248Z","mappedSince":null,"osmTags":{"crop":"rice","landuse":"farmland"}},"geometry":{"type":"Polygon","coordinates":[[[88.038911,22.092405],[88.038946,22.092739],[88.039043,22.092823],[88.039231,22.09298],[88.039408,22.093154],[88.039614,22.093357],[88.039781,22.093534],[88.039934,22.093683],[88.040095,22.09383],[88.040253,22.093961],[88.04051,22.094183],[88.040789,22.094436],[88.041137,22.09405],[88.041609,22.093687],[88.041716,22.093901],[88.041791,22.09405],[88.041909,22.094115],[88.04214,22.094075],[88.042022,22.093916],[88.041984,22.093742],[88.042001,22.093568],[88.042135,22.093349],[88.042381,22.093449],[88.042473,22.093399],[88.042376,22.093036],[88.04207,22.093001],[88.041963,22.092872],[88.041931,22.092594],[88.042355,22.092529],[88.042349,22.09232],[88.042247,22.091997],[88.042006,22.092027],[88.041872,22.092022],[88.041738,22.091913],[88.041609,22.091878],[88.041496,22.091903],[88.041389,22.091814],[88.041405,22.091704],[88.041528,22.091595],[88.041502,22.09149],[88.041314,22.091505],[88.041164,22.09153],[88.041046,22.09155],[88.04096,22.091649],[88.040874,22.091784],[88.040692,22.091814],[88.040622,22.091769],[88.040622,22.091585],[88.04052,22.091545],[88.04044,22.09156],[88.040321,22.09159],[88.040252,22.091639],[88.040241,22.091704],[88.040278,22.091779],[88.040305,22.091923],[88.040289,22.092022],[88.040075,22.092102],[88.040042,22.092286],[88.039753,22.092276],[88.039683,22.092211],[88.039651,22.092107],[88.03957,22.092092],[88.039517,22.092032],[88.039511,22.091973],[88.039517,22.091903],[88.039474,22.091843],[88.039426,22.091804],[88.039361,22.091804],[88.039275,22.091838],[88.039324,22.09233],[88.038911,22.092405]]]}},{"type":"Feature","id":"OSM-way-335168013","properties":{"id":"OSM-way-335168013","tag":"farmland","facilityId":null,"name":null,"cpcbCategory":null,"source":"OpenStreetMap via Overpass bulk load (© OpenStreetMap contributors, ODbL)","refreshedAt":"2026-09-29T11:06:04.248Z","mappedSince":null,"osmTags":{"crop":"rice","landuse":"farmland"}},"geometry":{"type":"Polygon","coordinates":[[[88.04165,22.095224],[88.041802,22.095069],[88.042059,22.09492],[88.042338,22.094831],[88.043207,22.094662],[88.043325,22.095029],[88.044034,22.094831],[88.044077,22.095069],[88.043937,22.095129],[88.044066,22.095696],[88.043744,22.095775],[88.043626,22.095526],[88.043465,22.095556],[88.043529,22.095984],[88.043551,22.096133],[88.043776,22.096053],[88.044023,22.096004],[88.044109,22.096153],[88.04428,22.096411],[88.044452,22.09658],[88.044237,22.09669],[88.044313,22.096948],[88.044591,22.096888],[88.044602,22.09657],[88.044871,22.09659],[88.044892,22.096441],[88.045192,22.096511],[88.045396,22.0966],[88.045707,22.09665],[88.046137,22.09662],[88.046308,22.096839],[88.046469,22.097028],[88.046759,22.097097],[88.047005,22.097803],[88.047263,22.097753],[88.047478,22.097823],[88.04751,22.098052],[88.047907,22.097982],[88.048035,22.098131],[88.048143,22.098022],[88.048293,22.09822],[88.048314,22.098389],[88.048218,22.098499],[88.048132,22.098757],[88.048261,22.099085],[88.048475,22.099065],[88.048529,22.099344],[88.048304,22.099533],[88.048175,22.099324],[88.047993,22.099364],[88.048025,22.099851],[88.047617,22.09998],[88.047703,22.100358],[88.04652,22.100295],[88.045707,22.099407],[88.045102,22.098736],[88.04466,22.098257],[88.044222,22.097803],[88.04382,22.097381],[88.043413,22.096968],[88.042927,22.096466],[88.042578,22.096084],[88.042441,22.095969],[88.042275,22.095818],[88.042163,22.095716],[88.041991,22.095562],[88.041798,22.095371],[88.04165,22.095224]]]}},{"type":"Feature","id":"OSM-way-335561973","properties":{"id":"OSM-way-335561973","tag":"farmland","facilityId":null,"name":null,"cpcbCategory":null,"source":"OpenStreetMap via Overpass bulk load (© OpenStreetMap contributors, ODbL)","refreshedAt":"2026-09-29T11:06:04.248Z","mappedSince":null,"osmTags":{"crop":"rice","landuse":"farmland"}},"geometry":{"type":"Polygon","coordinates":[[[88.056893,22.037548],[88.057362,22.037882],[88.05796,22.038237],[88.058437,22.038521],[88.058794,22.038734],[88.060037,22.037202],[88.061046,22.036238],[88.061696,22.035718],[88.061107,22.034999],[88.06021,22.035717],[88.060016,22.03551],[88.059626,22.034999],[88.059873,22.03469],[88.059644,22.034493],[88.058758,22.03525],[88.05806,22.036092],[88.057545,22.036639],[88.056893,22.037548]]]}},{"type":"Feature","id":"OSM-way-335591575","properties":{"id":"OSM-way-335591575","tag":"industrial","facilityId":"OSM-way-335591575","name":"Indian Oil Corporation Ltd IOCL Refinery","cpcbCategory":"Red","source":"OpenStreetMap via Overpass bulk load (© OpenStreetMap contributors, ODbL)","refreshedAt":"2026-09-29T11:06:04.248Z","mappedSince":null,"osmTags":{"industrial":"refinery","landuse":"industrial","name":"Indian Oil Corporation Ltd IOCL Refinery"}},"geometry":{"type":"Polygon","coordinates":[[[88.102292,22.052678],[88.10602,22.053444],[88.108665,22.053985],[88.110253,22.054284],[88.110457,22.053503],[88.112736,22.053956],[88.11176,22.050356],[88.111487,22.049384],[88.112142,22.046562],[88.111369,22.043509],[88.110693,22.040685],[88.097746,22.031431],[88.097435,22.031771],[88.097312,22.031958],[88.097271,22.032167],[88.097289,22.032293],[88.09757,22.033108],[88.09799,22.034915],[88.098508,22.035562],[88.098353,22.035676],[88.098418,22.036074],[88.099094,22.038973],[88.102292,22.052678]]]}},{"type":"Feature","id":"OSM-way-335594001","properties":{"id":"OSM-way-335594001","tag":"industrial","facilityId":"OSM-way-335594001","name":"Hindustan Fertilizer Corporation Limited","cpcbCategory":"Red","source":"OpenStreetMap via Overpass bulk load (© OpenStreetMap contributors, ODbL)","refreshedAt":"2026-09-29T11:06:04.248Z","mappedSince":null,"osmTags":{"landuse":"industrial","name":"Hindustan Fertilizer Corporation Limited"}},"geometry":{"type":"Polygon","coordinates":[[[88.11411,22.05518],[88.115641,22.055491],[88.117266,22.055946],[88.120121,22.05672],[88.121317,22.050778],[88.121733,22.04867],[88.113129,22.042485],[88.11084,22.040891],[88.112251,22.046543],[88.111569,22.049378],[88.112968,22.05399],[88.112787,22.054161],[88.110566,22.0536],[88.110368,22.054316],[88.11411,22.05518]]]}},{"type":"Feature","id":"OSM-way-335706015","properties":{"id":"OSM-way-335706015","tag":"industrial","facilityId":"OSM-way-335706015","name":"Haldia Petrochemicals Ltd.","cpcbCategory":"Red","source":"OpenStreetMap via Overpass bulk load (© OpenStreetMap contributors, ODbL)","refreshedAt":"2026-09-29T11:06:04.248Z","mappedSince":null,"osmTags":{"landuse":"industrial","name":"Haldia Petrochemicals Ltd.","name:bn":"হলদিয়া পেট্রোকেমিক্যালস লিমিটেড"}},"geometry":{"type":"Polygon","coordinates":[[[88.100413,22.067815],[88.101202,22.068079],[88.101607,22.06824],[88.101945,22.068437],[88.103462,22.069198],[88.108483,22.071585],[88.110264,22.07236],[88.113052,22.073261],[88.113835,22.073554],[88.114227,22.073706],[88.115431,22.07393],[88.116539,22.074139],[88.120607,22.074945],[88.121484,22.075156],[88.121571,22.075178],[88.121714,22.074888],[88.121861,22.074543],[88.122108,22.073878],[88.122635,22.072655],[88.122844,22.07217],[88.124777,22.067685],[88.124921,22.067331],[88.125088,22.06692],[88.125376,22.066211],[88.125463,22.06604],[88.125997,22.064522],[88.124803,22.064142],[88.123831,22.063848],[88.123507,22.063758],[88.123086,22.06365],[88.122784,22.063575],[88.122388,22.063498],[88.122267,22.06367],[88.120947,22.06325],[88.120891,22.063312],[88.120754,22.063332],[88.119397,22.062904],[88.118836,22.062667],[88.118388,22.062523],[88.118121,22.062437],[88.11721,22.062145],[88.116816,22.061996],[88.116786,22.061825],[88.116757,22.06178],[88.116698,22.06173],[88.116583,22.06169],[88.116279,22.061618],[88.114175,22.061087],[88.112458,22.060726],[88.110902,22.060426],[88.108947,22.060065],[88.106973,22.059652],[88.104773,22.059222],[88.103966,22.059006],[88.101488,22.062477],[88.100743,22.064366],[88.100672,22.064545],[88.100723,22.06586],[88.100758,22.066792],[88.100477,22.067626],[88.100413,22.067815]]]}},{"type":"Feature","id":"OSM-way-335759938","properties":{"id":"OSM-way-335759938","tag":"farmland","facilityId":null,"name":null,"cpcbCategory":null,"source":"OpenStreetMap via Overpass bulk load (© OpenStreetMap contributors, ODbL)","refreshedAt":"2026-09-29T11:06:04.248Z","mappedSince":null,"osmTags":{"crop":"rice","landuse":"farmland"}},"geometry":{"type":"Polygon","coordinates":[[[88.045741,22.093539],[88.04639,22.093295],[88.046347,22.093121],[88.046401,22.092997],[88.046497,22.092902],[88.046647,22.092763],[88.046739,22.092758],[88.046755,22.092639],[88.046701,22.092604],[88.046701,22.0925],[88.046744,22.092331],[88.046776,22.092221],[88.047189,22.092191],[88.047184,22.092008],[88.047232,22.091799],[88.047296,22.09158],[88.047361,22.091386],[88.047382,22.091252],[88.047205,22.091252],[88.046883,22.091242],[88.046862,22.091113],[88.04669,22.090989],[88.046529,22.090959],[88.046449,22.090899],[88.046272,22.09069],[88.04624,22.090616],[88.046186,22.090576],[88.0461,22.090596],[88.046047,22.090656],[88.046084,22.090755],[88.045982,22.09079],[88.045923,22.090765],[88.045864,22.09075],[88.045832,22.090666],[88.045762,22.09069],[88.045741,22.090611],[88.045698,22.090581],[88.045617,22.090531],[88.045564,22.0907],[88.045515,22.090695],[88.045521,22.090785],[88.045505,22.090894],[88.04544,22.090924],[88.045322,22.090999],[88.045237,22.091202],[88.045119,22.091456],[88.044995,22.091585],[88.045033,22.091769],[88.045038,22.091943],[88.044957,22.091958],[88.044995,22.092052],[88.045065,22.092142],[88.045247,22.092172],[88.045494,22.092077],[88.045548,22.092211],[88.045757,22.092261],[88.045784,22.09241],[88.045811,22.092544],[88.045591,22.092619],[88.045811,22.092738],[88.045784,22.092853],[88.045719,22.092912],[88.045623,22.092922],[88.045558,22.092997],[88.045494,22.093031],[88.04551,22.093166],[88.045596,22.093275],[88.045666,22.093315],[88.045741,22.093539]]]}},{"type":"Feature","id":"OSM-way-335880474","properties":{"id":"OSM-way-335880474","tag":"forest","facilityId":null,"name":null,"cpcbCategory":null,"source":"OpenStreetMap via Overpass bulk load (© OpenStreetMap contributors, ODbL)","refreshedAt":"2026-09-29T11:06:04.248Z","mappedSince":null,"osmTags":{"landuse":"forest","leaf_cycle":"semi_evergreen","leaf_type":"mixed"}},"geometry":{"type":"Polygon","coordinates":[[[88.124161,22.069614],[88.126239,22.070476],[88.126561,22.070556],[88.126776,22.070546],[88.127087,22.070043],[88.127334,22.069984],[88.127618,22.070078],[88.127706,22.070165],[88.127792,22.070195],[88.128208,22.070411],[88.128511,22.070583],[88.128575,22.070628],[88.128817,22.070702],[88.128935,22.070623],[88.129528,22.070168],[88.129029,22.069183],[88.128836,22.068477],[88.128777,22.067995],[88.128786,22.067902],[88.128895,22.067592],[88.129109,22.067334],[88.129308,22.067041],[88.129361,22.066693],[88.129334,22.066429],[88.129104,22.066051],[88.129061,22.065798],[88.129023,22.065604],[88.128873,22.065341],[88.128632,22.065082],[88.128369,22.064813],[88.128117,22.064615],[88.127934,22.06447],[88.127291,22.064336],[88.126722,22.064341],[88.126304,22.064137],[88.124742,22.063476],[88.122414,22.06286],[88.120038,22.062104],[88.117517,22.061214],[88.116664,22.060965],[88.114303,22.060309],[88.11153,22.059802],[88.109019,22.05925],[88.106664,22.058768],[88.106219,22.058937],[88.105329,22.058678],[88.104792,22.05845],[88.104733,22.058376],[88.104536,22.058998],[88.104492,22.059149],[88.104773,22.059222],[88.106973,22.059652],[88.108947,22.060065],[88.110902,22.060426],[88.112458,22.060726],[88.114175,22.061087],[88.116279,22.061618],[88.116583,22.06169],[88.116698,22.06173],[88.116757,22.06178],[88.116786,22.061825],[88.1168,22.061914],[88.116816,22.061996],[88.116856,22.062031],[88.11721,22.062145],[88.118121,22.062437],[88.118388,22.062523],[88.118938,22.062719],[88.11901,22.062774],[88.119112,22.062849],[88.119238,22.062911],[88.119581,22.06302],[88.120434,22.063289],[88.12074,22.063376],[88.120839,22.063361],[88.120957,22.063338],[88.121062,22.063351],[88.121137,22.063386],[88.121727,22.063587],[88.122183,22.063711],[88.122365,22.063661],[88.122757,22.063594],[88.122969,22.063642],[88.125426,22.064365],[88.125803,22.064478],[88.125898,22.064682],[88.125463,22.06604],[88.125376,22.066211],[88.125088,22.06692],[88.125194,22.066971],[88.125156,22.067129],[88.124803,22.068031],[88.124783,22.068075],[88.124419,22.069022],[88.124161,22.069614]]]}},{"type":"Feature","id":"OSM-way-335946818","properties":{"id":"OSM-way-335946818","tag":"industrial","facilityId":"OSM-way-335946818","name":"Haldia Tata Power Power Plant","cpcbCategory":"Red","source":"OpenStreetMap via Overpass bulk load (© OpenStreetMap contributors, ODbL)","refreshedAt":"2026-09-29T11:06:04.248Z","mappedSince":null,"osmTags":{"name":"Haldia Tata Power Power Plant","operator":"Tata Power Ltd.","plant:method":"combustion","plant:output:electricity":"120 MW","plant:source":"coal","power":"plant","source":"https://www.tatapower.com/plants-projects/waste-heat-recovery-generation/haldia-120mw.aspx;https://www.equitybulls.com/category.php?id=27418","wikidata":"Q17779795"}},"geometry":{"type":"Polygon","coordinates":[[[88.120121,22.05672],[88.121683,22.057029],[88.123109,22.051194],[88.121317,22.050778],[88.120121,22.05672]]]}},{"type":"Feature","id":"OSM-way-335947479","properties":{"id":"OSM-way-335947479","tag":"industrial","facilityId":"OSM-way-335947479","name":"Hooghly Met Coke and Power Company Limited","cpcbCategory":null,"source":"OpenStreetMap via Overpass bulk load (© OpenStreetMap contributors, ODbL)","refreshedAt":"2026-09-29T11:06:04.248Z","mappedSince":null,"osmTags":{"landuse":"industrial","name":"Hooghly Met Coke and Power Company Limited"}},"geometry":{"type":"Polygon","coordinates":[[[88.126791,22.057803],[88.127059,22.056654],[88.127317,22.055637],[88.127563,22.054658],[88.128085,22.051993],[88.125768,22.050635],[88.123737,22.049099],[88.121807,22.057065],[88.126791,22.057803]]]}},{"type":"Feature","id":"OSM-way-335958438","properties":{"id":"OSM-way-335958438","tag":"industrial","facilityId":"OSM-way-335958438","name":"Bharat Petroleum Corporation Limited","cpcbCategory":null,"source":"OpenStreetMap via Overpass bulk load (© OpenStreetMap contributors, ODbL)","refreshedAt":"2026-09-29T11:06:04.248Z","mappedSince":null,"osmTags":{"landuse":"industrial","name":"Bharat Petroleum Corporation Limited"}},"geometry":{"type":"Polygon","coordinates":[[[88.134583,22.05816],[88.13653,22.058823],[88.13682,22.058077],[88.138869,22.058634],[88.139491,22.056586],[88.134209,22.055006],[88.134162,22.055114],[88.134159,22.055267],[88.134193,22.055423],[88.134327,22.055697],[88.134549,22.055955],[88.134743,22.056212],[88.134842,22.056719],[88.134866,22.05693],[88.134874,22.057064],[88.134879,22.057252],[88.134726,22.057758],[88.134583,22.05816]]]}},{"type":"Feature","id":"OSM-way-335959127","properties":{"id":"OSM-way-335959127","tag":"industrial","facilityId":"OSM-way-335959127","name":"Shaw Wallace Agrochemicals Limited","cpcbCategory":null,"source":"OpenStreetMap via Overpass bulk load (© OpenStreetMap contributors, ODbL)","refreshedAt":"2026-09-29T11:06:04.248Z","mappedSince":null,"osmTags":{"landuse":"industrial","name":"Shaw Wallace Agrochemicals Limited"}},"geometry":{"type":"Polygon","coordinates":[[[88.136133,22.061209],[88.137866,22.061722],[88.138477,22.060006],[88.137458,22.059763],[88.137174,22.060493],[88.136466,22.060334],[88.136133,22.061209]]]}},{"type":"Feature","id":"OSM-way-335962915","properties":{"id":"OSM-way-335962915","tag":"industrial","facilityId":"OSM-way-335962915","name":"Exide Industries Limited","cpcbCategory":null,"source":"OpenStreetMap via Overpass bulk load (© OpenStreetMap contributors, ODbL)","refreshedAt":"2026-09-29T11:06:04.248Z","mappedSince":null,"osmTags":{"landuse":"industrial","name":"Exide Industries Limited"}},"geometry":{"type":"Polygon","coordinates":[[[88.135015,22.065753],[88.128486,22.063648],[88.12876,22.062591],[88.131185,22.063059],[88.132842,22.063317],[88.133802,22.063541],[88.134183,22.063382],[88.134564,22.063288],[88.135294,22.063228],[88.135717,22.063283],[88.13619,22.065654],[88.135015,22.065753]]]}},{"type":"Feature","id":"OSM-way-336019651","properties":{"id":"OSM-way-336019651","tag":"industrial","facilityId":"OSM-way-336019651","name":"Gokul Refoils & Solvent","cpcbCategory":null,"source":"OpenStreetMap via Overpass bulk load (© OpenStreetMap contributors, ODbL)","refreshedAt":"2026-09-29T11:06:04.248Z","mappedSince":null,"osmTags":{"landuse":"industrial","name":"Gokul Refoils & Solvent","name:bn":"গোকুল রিফিলস অ্যান্ড সলভেন্ট"}},"geometry":{"type":"Polygon","coordinates":[[[88.088444,22.063364],[88.088283,22.06331],[88.088146,22.06375],[88.088461,22.063807],[88.088517,22.063598],[88.089083,22.063727],[88.090043,22.063983],[88.090485,22.064085],[88.090472,22.063757],[88.090719,22.062663],[88.090882,22.061669],[88.09114,22.061671],[88.091424,22.060068],[88.091896,22.0593],[88.091623,22.059064],[88.090748,22.059951],[88.089941,22.060739],[88.089345,22.061338],[88.088849,22.062355],[88.088444,22.063364]]]}},{"type":"Feature","id":"OSM-way-336022340","properties":{"id":"OSM-way-336022340","tag":"industrial","facilityId":"OSM-way-336022340","name":"Adani Wilmar Limited","cpcbCategory":null,"source":"OpenStreetMap via Overpass bulk load (© OpenStreetMap contributors, ODbL)","refreshedAt":"2026-09-29T11:06:04.248Z","mappedSince":null,"osmTags":{"landuse":"industrial","name":"Adani Wilmar Limited"}},"geometry":{"type":"Polygon","coordinates":[[[88.083498,22.069811],[88.083305,22.070072],[88.083326,22.070293],[88.083417,22.070336],[88.083704,22.070269],[88.08445,22.070408],[88.084605,22.070423],[88.084642,22.07029],[88.084698,22.070075],[88.084753,22.069861],[88.084871,22.069466],[88.084965,22.069168],[88.08501,22.069026],[88.085179,22.068455],[88.085257,22.068145],[88.085282,22.068066],[88.085409,22.06757],[88.085672,22.066607],[88.085711,22.066476],[88.085778,22.066251],[88.08591,22.065732],[88.086079,22.065215],[88.086242,22.064734],[88.08639,22.064235],[88.086434,22.064096],[88.085687,22.063952],[88.084705,22.063764],[88.084319,22.063664],[88.084046,22.063674],[88.084006,22.063793],[88.083867,22.064203],[88.083503,22.064758],[88.083122,22.064867],[88.083085,22.065583],[88.08294,22.066259],[88.082949,22.066318],[88.083498,22.069811]]]}},{"type":"Feature","id":"OSM-way-336022382","properties":{"id":"OSM-way-336022382","tag":"industrial","facilityId":"OSM-way-336022382","name":"AL Logistic Pvt. Ltd.","cpcbCategory":null,"source":"OpenStreetMap via Overpass bulk load (© OpenStreetMap contributors, ODbL)","refreshedAt":"2026-09-29T11:06:04.248Z","mappedSince":null,"osmTags":{"landuse":"industrial","name":"AL Logistic Pvt. Ltd."}},"geometry":{"type":"Polygon","coordinates":[[[88.08056,22.065036],[88.080725,22.064996],[88.080901,22.064905],[88.08145,22.064487],[88.082079,22.063985],[88.082237,22.064231],[88.082707,22.063923],[88.082857,22.064139],[88.083036,22.064832],[88.081934,22.064837],[88.082602,22.065705],[88.082669,22.065963],[88.082819,22.066257],[88.082862,22.066331],[88.082949,22.066318],[88.083498,22.069811],[88.083136,22.069834],[88.082723,22.070013],[88.082593,22.070081],[88.082565,22.070024],[88.082505,22.069967],[88.081552,22.069181],[88.081225,22.068903],[88.081179,22.068857],[88.081152,22.068813],[88.081124,22.068716],[88.08107,22.06845],[88.080942,22.067948],[88.080865,22.067575],[88.080813,22.067165],[88.080747,22.06671],[88.080687,22.066318],[88.080593,22.065931],[88.080584,22.06574],[88.080566,22.065561],[88.080568,22.065374],[88.080562,22.065238],[88.080568,22.065134],[88.08056,22.065036]]]}},{"type":"Feature","id":"OSM-way-336023471","properties":{"id":"OSM-way-336023471","tag":"industrial","facilityId":"OSM-way-336023471","name":"Emami Bio Diesel","cpcbCategory":null,"source":"OpenStreetMap via Overpass bulk load (© OpenStreetMap contributors, ODbL)","refreshedAt":"2026-09-29T11:06:04.248Z","mappedSince":null,"osmTags":{"landuse":"industrial","name":"Emami Bio Diesel"}},"geometry":{"type":"Polygon","coordinates":[[[88.088042,22.071254],[88.087446,22.073627],[88.087108,22.074931],[88.08673,22.076385],[88.086405,22.076336],[88.086234,22.076325],[88.086015,22.076359],[88.085828,22.076396],[88.085478,22.076445],[88.085417,22.076216],[88.085258,22.076283],[88.085063,22.076238],[88.084844,22.076265],[88.084657,22.076276],[88.084425,22.076336],[88.084372,22.076038],[88.084108,22.075696],[88.084413,22.075647],[88.084519,22.074901],[88.08473,22.073062],[88.084076,22.072901],[88.084155,22.072719],[88.084577,22.071899],[88.084675,22.071715],[88.084724,22.071552],[88.084712,22.071223],[88.084577,22.070738],[88.085576,22.07098],[88.085667,22.070513],[88.088042,22.071254]]]}},{"type":"Feature","id":"OSM-way-336951544","properties":{"id":"OSM-way-336951544","tag":"industrial","facilityId":"OSM-way-336951544","name":"Hindustan Petrolium Ltd.","cpcbCategory":null,"source":"OpenStreetMap via Overpass bulk load (© OpenStreetMap contributors, ODbL)","refreshedAt":"2026-09-29T11:06:04.248Z","mappedSince":null,"osmTags":{"landuse":"industrial","name":"Hindustan Petrolium Ltd."}},"geometry":{"type":"Polygon","coordinates":[[[88.109906,22.080733],[88.109763,22.081283],[88.10969,22.08158],[88.109597,22.081855],[88.10951,22.082284],[88.109414,22.082625],[88.109269,22.083169],[88.109145,22.083614],[88.109836,22.083844],[88.110225,22.08398],[88.110663,22.08413],[88.111215,22.084325],[88.111719,22.0845],[88.112356,22.084708],[88.113025,22.084939],[88.113751,22.085181],[88.114435,22.085418],[88.115086,22.085639],[88.115819,22.085876],[88.116576,22.086153],[88.117181,22.086352],[88.118119,22.086672],[88.118316,22.086123],[88.118636,22.085195],[88.118872,22.084525],[88.119027,22.084076],[88.119307,22.083252],[88.119548,22.082546],[88.119674,22.082226],[88.119743,22.08202],[88.119367,22.081916],[88.118514,22.081711],[88.117834,22.081501],[88.117245,22.081305],[88.11601,22.080971],[88.115246,22.080708],[88.115006,22.080625],[88.114235,22.080353],[88.11417,22.080178],[88.11364,22.080214],[88.113343,22.080234],[88.113234,22.079558],[88.112966,22.079638],[88.112757,22.079404],[88.112312,22.079545],[88.112336,22.079653],[88.112093,22.079711],[88.112077,22.079633],[88.111787,22.079704],[88.111692,22.07938],[88.110996,22.079113],[88.110493,22.078914],[88.110319,22.079312],[88.110233,22.079455],[88.110116,22.079884],[88.109906,22.080733]]]}},{"type":"Feature","id":"OSM-way-336952434","properties":{"id":"OSM-way-336952434","tag":"industrial","facilityId":"OSM-way-336952434","name":"Reliance Pvt. Ltd.","cpcbCategory":null,"source":"OpenStreetMap via Overpass bulk load (© OpenStreetMap contributors, ODbL)","refreshedAt":"2026-09-29T11:06:04.248Z","mappedSince":null,"osmTags":{"landuse":"industrial","name":"Reliance Pvt. Ltd.","name:bn":"রিলায়েন্স প্রাইভেট লিমিটেড"}},"geometry":{"type":"Polygon","coordinates":[[[88.097728,22.069154],[88.09702,22.069161],[88.096927,22.069175],[88.096887,22.0692],[88.096836,22.069277],[88.096582,22.069608],[88.096584,22.070224],[88.096604,22.070729],[88.096624,22.071441],[88.096644,22.072053],[88.098208,22.071934],[88.098227,22.0718],[88.098755,22.072019],[88.099514,22.070597],[88.100069,22.06955],[88.099971,22.069443],[88.099917,22.069429],[88.099848,22.069349],[88.099659,22.069314],[88.099165,22.069334],[88.098935,22.069318],[88.098865,22.069227],[88.098409,22.069129],[88.097728,22.069154]]]}},{"type":"Feature","id":"OSM-way-336953705","properties":{"id":"OSM-way-336953705","tag":"industrial","facilityId":"OSM-way-336953705","name":"Marcus Oil & Chemical","cpcbCategory":null,"source":"OpenStreetMap via Overpass bulk load (© OpenStreetMap contributors, ODbL)","refreshedAt":"2026-09-29T11:06:04.248Z","mappedSince":null,"osmTags":{"landuse":"industrial","name":"Marcus Oil & Chemical"}},"geometry":{"type":"Polygon","coordinates":[[[88.108237,22.075878],[88.10825,22.075876],[88.108263,22.075861],[88.10853,22.075235],[88.108865,22.074455],[88.109067,22.073972],[88.109195,22.073674],[88.109021,22.073609],[88.109045,22.073563],[88.108502,22.073367],[88.107887,22.073097],[88.107259,22.072825],[88.106276,22.072404],[88.10613,22.072726],[88.105887,22.07326],[88.105269,22.074648],[88.106281,22.075056],[88.107522,22.075578],[88.108037,22.075786],[88.108237,22.075878]]]}},{"type":"Feature","id":"OSM-way-336953768","properties":{"id":"OSM-way-336953768","tag":"industrial","facilityId":null,"name":null,"cpcbCategory":null,"source":"OpenStreetMap via Overpass bulk load (© OpenStreetMap contributors, ODbL)","refreshedAt":"2026-09-29T11:06:04.248Z","mappedSince":null,"osmTags":{"landuse":"industrial"}},"geometry":{"type":"Polygon","coordinates":[[[88.102022,22.073704],[88.104867,22.07506],[88.105134,22.074455],[88.105274,22.074095],[88.105444,22.073635],[88.105554,22.073363],[88.105691,22.073022],[88.105752,22.072853],[88.10585,22.0726],[88.105931,22.072385],[88.105987,22.072261],[88.10465,22.071631],[88.103175,22.070935],[88.102022,22.073704]]]}},{"type":"Feature","id":"OSM-way-336970140","properties":{"id":"OSM-way-336970140","tag":"industrial","facilityId":"OSM-way-336970140","name":"Indian Oil Petrona Pvt. Ltd.","cpcbCategory":null,"source":"OpenStreetMap via Overpass bulk load (© OpenStreetMap contributors, ODbL)","refreshedAt":"2026-09-29T11:06:04.248Z","mappedSince":null,"osmTags":{"landuse":"industrial","name":"Indian Oil Petrona Pvt. Ltd."}},"geometry":{"type":"Polygon","coordinates":[[[88.105265,22.074658],[88.104864,22.075501],[88.104856,22.075591],[88.10499,22.076033],[88.10499,22.076108],[88.104963,22.076145],[88.104899,22.076165],[88.104497,22.076247],[88.104521,22.076448],[88.104513,22.076622],[88.104513,22.076858],[88.104569,22.077221],[88.104698,22.077698],[88.104765,22.077974],[88.105634,22.07787],[88.10617,22.077803],[88.106248,22.078568],[88.106337,22.079545],[88.106396,22.080482],[88.106404,22.080959],[88.106806,22.081044],[88.107109,22.081071],[88.107018,22.081553],[88.106983,22.081551],[88.10693,22.081566],[88.106878,22.081765],[88.106862,22.081874],[88.106854,22.081921],[88.106854,22.081996],[88.106876,22.082192],[88.108718,22.082774],[88.109005,22.081499],[88.109115,22.081019],[88.109327,22.080087],[88.109491,22.079491],[88.109646,22.079038],[88.109808,22.078536],[88.110127,22.077788],[88.110119,22.077751],[88.110623,22.076853],[88.109931,22.07658],[88.108227,22.075879],[88.108035,22.075794],[88.107269,22.075492],[88.106407,22.075124],[88.105834,22.074891],[88.105265,22.074658]]]}},{"type":"Feature","id":"OSM-way-337005792","properties":{"id":"OSM-way-337005792","tag":"industrial","facilityId":"OSM-way-337005792","name":"RDB Brasyans","cpcbCategory":null,"source":"OpenStreetMap via Overpass bulk load (© OpenStreetMap contributors, ODbL)","refreshedAt":"2026-09-29T11:06:04.248Z","mappedSince":null,"osmTags":{"landuse":"industrial","name":"RDB Brasyans"}},"geometry":{"type":"Polygon","coordinates":[[[88.124494,22.076896],[88.124837,22.07696],[88.125473,22.077097],[88.12595,22.07721],[88.127096,22.077485],[88.127625,22.077598],[88.128032,22.077686],[88.128898,22.077897],[88.128996,22.077917],[88.129333,22.078019],[88.129354,22.077965],[88.129805,22.078064],[88.129735,22.078235],[88.129929,22.078273],[88.130025,22.078322],[88.130379,22.077746],[88.130526,22.077472],[88.130827,22.076908],[88.130853,22.076761],[88.130829,22.076647],[88.130703,22.076217],[88.130596,22.076145],[88.13047,22.076095],[88.130389,22.076053],[88.130285,22.076011],[88.130153,22.076028],[88.13003,22.076075],[88.129925,22.076138],[88.129716,22.076205],[88.129644,22.076568],[88.129381,22.076595],[88.129182,22.07658],[88.128995,22.076533],[88.128737,22.076443],[88.128557,22.076394],[88.128388,22.076359],[88.128147,22.076416],[88.128029,22.076428],[88.127954,22.076384],[88.127638,22.076257],[88.127372,22.075931],[88.12712,22.075916],[88.126135,22.075854],[88.125913,22.075864],[88.125653,22.075899],[88.125476,22.075941],[88.125288,22.076125],[88.125095,22.076185],[88.124947,22.076205],[88.124816,22.076202],[88.124599,22.076187],[88.124556,22.076299],[88.124631,22.076451],[88.124494,22.076896]]]}},{"type":"Feature","id":"OSM-way-337010940","properties":{"id":"OSM-way-337010940","tag":"industrial","facilityId":"OSM-way-337010940","name":"South Asian Petro Chemicals Ltd.","cpcbCategory":null,"source":"OpenStreetMap via Overpass bulk load (© OpenStreetMap contributors, ODbL)","refreshedAt":"2026-09-29T11:06:04.248Z","mappedSince":null,"osmTags":{"landuse":"industrial","name":"South Asian Petro Chemicals Ltd."}},"geometry":{"type":"Polygon","coordinates":[[[88.123937,22.077635],[88.122871,22.077361],[88.121155,22.076914],[88.120882,22.077839],[88.120849,22.079862],[88.121096,22.080255],[88.1213,22.082015],[88.122634,22.082246],[88.123996,22.082464],[88.125587,22.082725],[88.126215,22.082832],[88.126456,22.082064],[88.126716,22.081284],[88.12675,22.08113],[88.126823,22.080808],[88.127043,22.080127],[88.127322,22.079253],[88.127579,22.078469],[88.126869,22.078325],[88.126473,22.078245],[88.125653,22.078054],[88.125054,22.077931],[88.123937,22.077635]]]}},{"type":"Feature","id":"OSM-way-337422203","properties":{"id":"OSM-way-337422203","tag":"forest","facilityId":null,"name":null,"cpcbCategory":null,"source":"OpenStreetMap via Overpass bulk load (© OpenStreetMap contributors, ODbL)","refreshedAt":"2026-09-29T11:06:04.248Z","mappedSince":null,"osmTags":{"landuse":"forest","leaf_cycle":"semi_evergreen","leaf_type":"mixed"}},"geometry":{"type":"Polygon","coordinates":[[[88.099971,22.06879],[88.100413,22.067815],[88.101202,22.068079],[88.101607,22.06824],[88.101945,22.068437],[88.103462,22.069198],[88.108483,22.071585],[88.110264,22.07236],[88.113052,22.073261],[88.113835,22.073554],[88.114227,22.073706],[88.115431,22.07393],[88.116539,22.074139],[88.120607,22.074945],[88.121484,22.075156],[88.121571,22.075178],[88.122145,22.075328],[88.122547,22.075398],[88.123105,22.074697],[88.122794,22.073991],[88.122241,22.074047],[88.12253,22.073351],[88.122723,22.072932],[88.122823,22.072731],[88.122946,22.072482],[88.123482,22.072724],[88.123883,22.073866],[88.124228,22.072967],[88.12523,22.072132],[88.126104,22.071361],[88.126814,22.070665],[88.126844,22.070635],[88.126776,22.070546],[88.127087,22.070043],[88.127334,22.069984],[88.127618,22.070078],[88.127706,22.070165],[88.127792,22.070195],[88.128208,22.070411],[88.128511,22.070583],[88.128575,22.070628],[88.128817,22.070702],[88.128935,22.070623],[88.129528,22.070168],[88.129731,22.070605],[88.129887,22.070973],[88.130016,22.071351],[88.130134,22.071719],[88.130321,22.072415],[88.130381,22.072803],[88.130456,22.073131],[88.130477,22.073464],[88.130488,22.073767],[88.130509,22.074095],[88.1306,22.074403],[88.130663,22.074632],[88.130074,22.074642],[88.128658,22.074761],[88.127928,22.074553],[88.127102,22.074612],[88.127005,22.074741],[88.126458,22.074781],[88.126008,22.074428],[88.125321,22.074349],[88.124833,22.075572],[88.124599,22.076187],[88.124556,22.076299],[88.124631,22.076451],[88.124494,22.076896],[88.124385,22.077053],[88.123607,22.076874],[88.123276,22.076795],[88.123006,22.07673],[88.12178,22.076419],[88.121299,22.076301],[88.120364,22.076071],[88.118878,22.075716],[88.11806,22.07552],[88.117333,22.075321],[88.117049,22.075278],[88.116644,22.075261],[88.116097,22.075259],[88.115762,22.075231],[88.115322,22.075177],[88.11482,22.075109],[88.114353,22.075047],[88.113954,22.074973],[88.113586,22.074896],[88.113211,22.074801],[88.112908,22.074709],[88.112572,22.074585],[88.111121,22.073904],[88.109743,22.07329],[88.108723,22.07282],[88.107514,22.072286],[88.106709,22.071901],[88.105529,22.071359],[88.104365,22.070797],[88.103402,22.070339],[88.102777,22.070024],[88.10234,22.06982],[88.101691,22.069494],[88.101418,22.069347],[88.101369,22.06932],[88.10113,22.069189],[88.100926,22.069099],[88.100784,22.069042],[88.100591,22.06897],[88.100167,22.068846],[88.099971,22.06879]]]}},{"type":"Feature","id":"OSM-way-337425272","properties":{"id":"OSM-way-337425272","tag":"farmland","facilityId":null,"name":null,"cpcbCategory":null,"source":"OpenStreetMap via Overpass bulk load (© OpenStreetMap contributors, ODbL)","refreshedAt":"2026-09-29T11:06:04.248Z","mappedSince":null,"osmTags":{"crop":"rice","landuse":"farmland"}},"geometry":{"type":"Polygon","coordinates":[[[88.127005,22.074741],[88.127125,22.075223],[88.127291,22.075422],[88.127264,22.075561],[88.127291,22.075715],[88.127125,22.075829],[88.12712,22.075916],[88.127372,22.075931],[88.127638,22.076257],[88.127954,22.076384],[88.128029,22.076428],[88.128147,22.076416],[88.128388,22.076359],[88.128557,22.076394],[88.128737,22.076443],[88.128995,22.076533],[88.129182,22.07658],[88.129381,22.076595],[88.129644,22.076568],[88.129716,22.076205],[88.129925,22.076138],[88.13003,22.076075],[88.130153,22.076028],[88.130285,22.076011],[88.130389,22.076053],[88.13047,22.076095],[88.130596,22.076145],[88.130553,22.075938],[88.130612,22.075735],[88.130704,22.075695],[88.130708,22.075392],[88.130729,22.075015],[88.130708,22.074796],[88.130663,22.074632],[88.130074,22.074642],[88.128658,22.074761],[88.127928,22.074553],[88.127102,22.074612],[88.127005,22.074741]]]}},{"type":"Feature","id":"OSM-way-337769312","properties":{"id":"OSM-way-337769312","tag":"industrial","facilityId":"OSM-way-337769312","name":"Zenith Erectors","cpcbCategory":null,"source":"OpenStreetMap via Overpass bulk load (© OpenStreetMap contributors, ODbL)","refreshedAt":"2026-09-29T11:06:04.248Z","mappedSince":null,"osmTags":{"landuse":"industrial","name":"Zenith Erectors"}},"geometry":{"type":"Polygon","coordinates":[[[88.141562,22.067896],[88.141921,22.067003],[88.142339,22.065893],[88.141229,22.065624],[88.140748,22.065503],[88.140355,22.065413],[88.140024,22.066823],[88.139792,22.066951],[88.139711,22.06715],[88.139703,22.067326],[88.141562,22.067896]]]}},{"type":"Feature","id":"OSM-way-337807318","properties":{"id":"OSM-way-337807318","tag":"industrial","facilityId":"OSM-way-337807318","name":"HPCL Haldia Oil","cpcbCategory":null,"source":"OpenStreetMap via Overpass bulk load (© OpenStreetMap contributors, ODbL)","refreshedAt":"2026-09-29T11:06:04.248Z","mappedSince":null,"osmTags":{"landuse":"industrial","name":"HPCL Haldia Oil"}},"geometry":{"type":"Polygon","coordinates":[[[88.15154,22.069947],[88.151575,22.071174],[88.152143,22.071751],[88.152892,22.072691],[88.153332,22.073377],[88.153425,22.073541],[88.153755,22.074279],[88.153868,22.074274],[88.153849,22.07448],[88.153943,22.074667],[88.155748,22.073687],[88.155703,22.073598],[88.156497,22.07322],[88.156432,22.073106],[88.15655,22.072986],[88.156625,22.072661],[88.156875,22.072581],[88.156859,22.072357],[88.156979,22.072275],[88.157187,22.072233],[88.158125,22.072042],[88.158669,22.071813],[88.158795,22.071739],[88.158806,22.071706],[88.158696,22.071396],[88.158286,22.07114],[88.158213,22.071085],[88.157226,22.070446],[88.156333,22.069889],[88.154482,22.068699],[88.15436,22.068635],[88.154194,22.068823],[88.153923,22.069139],[88.15377,22.069294],[88.153606,22.069439],[88.153526,22.069522],[88.153365,22.069621],[88.153259,22.069665],[88.153132,22.069706],[88.153015,22.069738],[88.152818,22.06978],[88.152731,22.069774],[88.152576,22.069739],[88.152213,22.069624],[88.151527,22.069403],[88.15154,22.069947]]]}},{"type":"Feature","id":"OSM-way-338592197","properties":{"id":"OSM-way-338592197","tag":"forest","facilityId":null,"name":null,"cpcbCategory":null,"source":"OpenStreetMap via Overpass bulk load (© OpenStreetMap contributors, ODbL)","refreshedAt":"2026-09-29T11:06:04.248Z","mappedSince":null,"osmTags":{"leaf_cycle":"semi_evergreen","leaf_type":"mixed","natural":"wood"}},"geometry":{"type":"Polygon","coordinates":[[[88.063276,22.027825],[88.063308,22.027945],[88.064637,22.026956],[88.064581,22.026894],[88.064461,22.026986],[88.063276,22.027825]]]}},{"type":"Feature","id":"OSM-way-338595382","properties":{"id":"OSM-way-338595382","tag":"forest","facilityId":null,"name":null,"cpcbCategory":null,"source":"OpenStreetMap via Overpass bulk load (© OpenStreetMap contributors, ODbL)","refreshedAt":"2026-09-29T11:06:04.248Z","mappedSince":null,"osmTags":{"leaf_cycle":"semi_evergreen","leaf_type":"broadleaved","natural":"wood"}},"geometry":{"type":"Polygon","coordinates":[[[88.066388,22.028125],[88.067292,22.029163],[88.067428,22.029397],[88.067282,22.029487],[88.067448,22.029835],[88.067555,22.029994],[88.067491,22.030188],[88.067636,22.030521],[88.067606,22.030631],[88.068223,22.032387],[88.068725,22.033962],[88.069229,22.035429],[88.069358,22.035976],[88.069637,22.036861],[88.06991,22.037796],[88.070125,22.038462],[88.070484,22.039372],[88.070511,22.03965],[88.070634,22.039944],[88.070747,22.040148],[88.070967,22.040705],[88.071139,22.041172],[88.071375,22.041614],[88.071562,22.042077],[88.071739,22.04241],[88.071997,22.042932],[88.072061,22.043111],[88.07219,22.043166],[88.072313,22.043225],[88.07248,22.043618],[88.0727,22.043956],[88.072791,22.04415],[88.072887,22.04429],[88.073097,22.044483],[88.073225,22.044737],[88.073257,22.044849],[88.073196,22.044886],[88.073142,22.044906],[88.073169,22.044997],[88.073671,22.045243],[88.073818,22.045383],[88.073947,22.045528],[88.074035,22.045625],[88.074113,22.045719],[88.074111,22.045751],[88.074179,22.045637],[88.074089,22.04553],[88.073895,22.045308],[88.07356,22.044967],[88.073309,22.044665],[88.073023,22.044335],[88.072829,22.044062],[88.07273,22.043861],[88.0725,22.043516],[88.072245,22.042975],[88.070847,22.039991],[88.070639,22.039316],[88.07024,22.038052],[88.069422,22.035467],[88.069099,22.034446],[88.06796,22.030798],[88.067657,22.029794],[88.067544,22.029477],[88.067501,22.02936],[88.067423,22.029212],[88.067275,22.028968],[88.066515,22.028076],[88.066411,22.02806],[88.066388,22.028125]]]}},{"type":"Feature","id":"OSM-way-338595867","properties":{"id":"OSM-way-338595867","tag":"forest","facilityId":null,"name":null,"cpcbCategory":null,"source":"OpenStreetMap via Overpass bulk load (© OpenStreetMap contributors, ODbL)","refreshedAt":"2026-09-29T11:06:04.248Z","mappedSince":null,"osmTags":{"leaf_cycle":"semi_evergreen","leaf_type":"broadleaved","natural":"wood"}},"geometry":{"type":"Polygon","coordinates":[[[88.067991,22.030796],[88.06809,22.030717],[88.06823,22.03107],[88.068409,22.03162],[88.068498,22.031975],[88.068444,22.03203],[88.068592,22.032465],[88.06868,22.032505],[88.068796,22.032923],[88.068721,22.032977],[88.06879,22.033169],[88.068871,22.033154],[88.069037,22.033601],[88.069093,22.033825],[88.069338,22.034648],[88.069732,22.035856],[88.070054,22.036883],[88.070145,22.037164],[88.070362,22.037873],[88.070362,22.038024],[88.070297,22.038073],[88.070222,22.037787],[88.069994,22.037166],[88.069766,22.036417],[88.069461,22.035445],[88.069133,22.034441],[88.068948,22.033906],[88.068678,22.032991],[88.068482,22.032287],[88.068286,22.031706],[88.068216,22.031497],[88.067991,22.030796]]]}},{"type":"Feature","id":"OSM-way-338953703","properties":{"id":"OSM-way-338953703","tag":"forest","facilityId":null,"name":null,"cpcbCategory":null,"source":"OpenStreetMap via Overpass bulk load (© OpenStreetMap contributors, ODbL)","refreshedAt":"2026-09-29T11:06:04.248Z","mappedSince":null,"osmTags":{"leaf_cycle":"semi_evergreen","leaf_type":"mixed","natural":"wood"}},"geometry":{"type":"Polygon","coordinates":[[[88.121875,22.074497],[88.122027,22.074546],[88.122241,22.074047],[88.12253,22.073351],[88.122723,22.072932],[88.122823,22.072731],[88.122635,22.072655],[88.122108,22.073878],[88.121875,22.074497]]]}},{"type":"Feature","id":"OSM-way-338955742","properties":{"id":"OSM-way-338955742","tag":"forest","facilityId":null,"name":null,"cpcbCategory":null,"source":"OpenStreetMap via Overpass bulk load (© OpenStreetMap contributors, ODbL)","refreshedAt":"2026-09-29T11:06:04.248Z","mappedSince":null,"osmTags":{"leaf_cycle":"semi_evergreen","leaf_type":"mixed","natural":"wood"}},"geometry":{"type":"Polygon","coordinates":[[[88.099971,22.06879],[88.099059,22.068505],[88.098831,22.068391],[88.098593,22.068249],[88.098532,22.067923],[88.098706,22.067886],[88.0988,22.067898],[88.098859,22.067866],[88.098822,22.067692],[88.098886,22.06755],[88.098956,22.067533],[88.099063,22.067533],[88.099237,22.067456],[88.099224,22.067349],[88.099237,22.067312],[88.099465,22.067302],[88.099406,22.067033],[88.099463,22.066633],[88.100031,22.066626],[88.099975,22.066337],[88.099613,22.06624],[88.099473,22.065266],[88.09964,22.064908],[88.09986,22.064759],[88.09998,22.064627],[88.100106,22.064443],[88.100203,22.064393],[88.100308,22.064373],[88.100506,22.064359],[88.100605,22.064364],[88.100743,22.064366],[88.100672,22.064545],[88.100723,22.06586],[88.100758,22.066792],[88.100477,22.067626],[88.100413,22.067815],[88.099971,22.06879]]]}},{"type":"Feature","id":"OSM-way-338957402","properties":{"id":"OSM-way-338957402","tag":"farmland","facilityId":null,"name":null,"cpcbCategory":null,"source":"OpenStreetMap via Overpass bulk load (© OpenStreetMap contributors, ODbL)","refreshedAt":"2026-09-29T11:06:04.248Z","mappedSince":null,"osmTags":{"crop":"rice","landuse":"farmland"}},"geometry":{"type":"Polygon","coordinates":[[[88.095348,22.065047],[88.095576,22.065328],[88.095748,22.065266],[88.095761,22.065266],[88.095831,22.065333],[88.095938,22.065689],[88.09603,22.065676],[88.096013,22.065502],[88.096622,22.065425],[88.096636,22.065472],[88.096544,22.065504],[88.096636,22.065954],[88.096697,22.065949],[88.096764,22.065949],[88.097016,22.065972],[88.097333,22.065987],[88.097357,22.065997],[88.097365,22.065562],[88.097843,22.065579],[88.097859,22.065343],[88.097835,22.065122],[88.097805,22.064746],[88.097808,22.064341],[88.098038,22.064329],[88.097974,22.063914],[88.097918,22.063834],[88.097448,22.063894],[88.097384,22.063752],[88.097065,22.063807],[88.097161,22.064789],[88.096775,22.064836],[88.096684,22.064239],[88.096646,22.063814],[88.096464,22.063794],[88.096384,22.063757],[88.09637,22.06369],[88.096198,22.06373],[88.09607,22.063787],[88.09593,22.063894],[88.095965,22.064132],[88.0956,22.064219],[88.095673,22.064411],[88.095697,22.064679],[88.095627,22.064697],[88.095659,22.064836],[88.09549,22.064853],[88.095504,22.064925],[88.095345,22.064955],[88.095348,22.065047]]]}},{"type":"Feature","id":"OSM-way-338958146","properties":{"id":"OSM-way-338958146","tag":"farmland","facilityId":null,"name":null,"cpcbCategory":null,"source":"OpenStreetMap via Overpass bulk load (© OpenStreetMap contributors, ODbL)","refreshedAt":"2026-09-29T11:06:04.248Z","mappedSince":null,"osmTags":{"crop":"rice","landuse":"farmland"}},"geometry":{"type":"Polygon","coordinates":[[[88.095551,22.063394],[88.095551,22.063215],[88.095502,22.062887],[88.095449,22.062857],[88.095336,22.062867],[88.09532,22.062618],[88.095631,22.062614],[88.09562,22.06239],[88.095567,22.062092],[88.094816,22.062136],[88.094772,22.062141],[88.094772,22.062054],[88.094769,22.06196],[88.094759,22.061885],[88.094739,22.061805],[88.094693,22.061692],[88.094679,22.061641],[88.094907,22.061609],[88.095111,22.06155],[88.095299,22.061401],[88.095197,22.061132],[88.095282,22.060998],[88.09546,22.061256],[88.095642,22.061142],[88.095706,22.061212],[88.095851,22.06157],[88.096023,22.06152],[88.096318,22.06143],[88.096672,22.061286],[88.096726,22.06148],[88.096844,22.06143],[88.096919,22.06158],[88.097664,22.061371],[88.09775,22.061505],[88.098158,22.061311],[88.098303,22.061574],[88.097906,22.061709],[88.09797,22.061868],[88.097868,22.061898],[88.097965,22.062077],[88.098308,22.061977],[88.098405,22.062315],[88.098287,22.062425],[88.098254,22.062534],[88.098303,22.062589],[88.098453,22.062633],[88.098587,22.062618],[88.098684,22.062986],[88.097782,22.063116],[88.097487,22.063185],[88.097278,22.063285],[88.096731,22.063339],[88.096237,22.063354],[88.095856,22.063374],[88.095551,22.063394]]]}},{"type":"Feature","id":"OSM-way-340326508","properties":{"id":"OSM-way-340326508","tag":"industrial","facilityId":"OSM-way-340326508","name":"Haldia Dock Complex","cpcbCategory":null,"source":"OpenStreetMap via Overpass bulk load (© OpenStreetMap contributors, ODbL)","refreshedAt":"2026-09-29T11:06:04.248Z","mappedSince":null,"osmTags":{"industrial":"port","landuse":"industrial","name":"Haldia Dock Complex"}},"geometry":{"type":"Polygon","coordinates":[[[88.086824,22.04623],[88.087161,22.047249],[88.087437,22.048242],[88.087524,22.048536],[88.08759,22.048856],[88.087609,22.049112],[88.087631,22.049428],[88.087421,22.050375],[88.08714,22.051454],[88.087112,22.051562],[88.08712,22.051679],[88.087177,22.051945],[88.087272,22.052068],[88.087392,22.052158],[88.087984,22.052391],[88.088645,22.052612],[88.089305,22.052779],[88.090253,22.053036],[88.091324,22.053326],[88.093136,22.053796],[88.095932,22.054588],[88.09722,22.054873],[88.098113,22.054873],[88.09963,22.054749],[88.100293,22.054379],[88.101386,22.053629],[88.101744,22.053506],[88.101497,22.052939],[88.101251,22.051872],[88.100546,22.048854],[88.100017,22.046547],[88.099539,22.044445],[88.098246,22.039099],[88.0981,22.037889],[88.097938,22.037244],[88.097516,22.035292],[88.096941,22.032692],[88.096769,22.03204],[88.097373,22.031192],[88.094938,22.029506],[88.092636,22.02796],[88.089427,22.026317],[88.088682,22.025418],[88.086411,22.024687],[88.086119,22.024366],[88.086201,22.023784],[88.084745,22.022945],[88.083072,22.022029],[88.080848,22.021349],[88.080391,22.021276],[88.080104,22.021204],[88.079308,22.021031],[88.078798,22.021046],[88.078629,22.02098],[88.078451,22.02084],[88.07786,22.020355],[88.077211,22.02209],[88.076696,22.023344],[88.076503,22.025084],[88.07638,22.025825],[88.076396,22.026079],[88.076449,22.026283],[88.076643,22.026487],[88.076213,22.02676],[88.07749,22.029555],[88.078289,22.031782],[88.078858,22.033528],[88.079303,22.035179],[88.079877,22.037088],[88.08058,22.039062],[88.081272,22.041066],[88.081578,22.041986],[88.081878,22.042976],[88.08058,22.043552],[88.080989,22.044918],[88.081774,22.044635],[88.083552,22.046568],[88.083906,22.046966],[88.086824,22.04623]]]}},{"type":"Feature","id":"OSM-way-369953662","properties":{"id":"OSM-way-369953662","tag":"farmland","facilityId":null,"name":null,"cpcbCategory":null,"source":"OpenStreetMap via Overpass bulk load (© OpenStreetMap contributors, ODbL)","refreshedAt":"2026-09-29T11:06:04.248Z","mappedSince":null,"osmTags":{"crop":"rice","landuse":"farmland"}},"geometry":{"type":"Polygon","coordinates":[[[88.030882,22.08761],[88.031049,22.087716],[88.031093,22.087799],[88.03126,22.087896],[88.031391,22.087964],[88.031518,22.08804],[88.031656,22.088123],[88.031897,22.088247],[88.032049,22.088337],[88.032178,22.08841],[88.03239,22.088521],[88.032554,22.08861],[88.032794,22.088748],[88.032953,22.08884],[88.033125,22.088951],[88.033319,22.089043],[88.033506,22.089135],[88.033703,22.089224],[88.033942,22.089357],[88.034093,22.089441],[88.034297,22.08956],[88.034447,22.089642],[88.034636,22.089741],[88.034859,22.089855],[88.035061,22.089981],[88.035206,22.09005],[88.035462,22.089772],[88.035368,22.089603],[88.035674,22.089444],[88.0358,22.089744],[88.035931,22.089983],[88.036049,22.090159],[88.03583,22.090344],[88.035918,22.090398],[88.036049,22.09048],[88.036165,22.090551],[88.036314,22.090638],[88.036387,22.090692],[88.036476,22.090769],[88.03668,22.090684],[88.036731,22.090694],[88.036733,22.090716],[88.036905,22.090634],[88.0369,22.090537],[88.037195,22.090512],[88.037216,22.090803],[88.037133,22.09087],[88.036935,22.091014],[88.037066,22.091096],[88.037264,22.09123],[88.037441,22.091404],[88.037715,22.09131],[88.037847,22.091382],[88.037865,22.091504],[88.037892,22.091613],[88.03775,22.091685],[88.03805,22.091901],[88.038083,22.091909],[88.038128,22.091864],[88.038176,22.091889],[88.038201,22.091869],[88.038101,22.091419],[88.038029,22.091066],[88.038002,22.090686],[88.038259,22.090629],[88.03831,22.090731],[88.038734,22.090617],[88.038689,22.090201],[88.038581,22.090207],[88.03856,22.090112],[88.038657,22.090077],[88.038686,22.089993],[88.038777,22.089948],[88.038895,22.089948],[88.03889,22.089866],[88.038817,22.089826],[88.038783,22.089744],[88.038691,22.089689],[88.038657,22.089625],[88.038616,22.089536],[88.038606,22.089451],[88.038622,22.089374],[88.038555,22.089282],[88.038501,22.089205],[88.038479,22.08914],[88.038404,22.089028],[88.038343,22.088971],[88.038246,22.088989],[88.038195,22.088887],[88.038187,22.088822],[88.038141,22.0887],[88.037967,22.088713],[88.037847,22.088671],[88.037806,22.088628],[88.037736,22.088556],[88.037694,22.088422],[88.037546,22.088444],[88.037452,22.088402],[88.03742,22.088328],[88.037401,22.088183],[88.037366,22.088144],[88.03724,22.088111],[88.037222,22.088027],[88.037189,22.087997],[88.037114,22.088012],[88.037028,22.088134],[88.036988,22.088233],[88.036889,22.088303],[88.036803,22.088362],[88.036744,22.088298],[88.036664,22.088246],[88.036575,22.088179],[88.036446,22.088201],[88.036334,22.088196],[88.036296,22.088114],[88.036248,22.088064],[88.036186,22.088002],[88.035985,22.087952],[88.035837,22.087878],[88.035706,22.087828],[88.035585,22.087821],[88.035344,22.087855],[88.035221,22.087716],[88.03506,22.087743],[88.034786,22.087801],[88.034467,22.08788],[88.034354,22.087925],[88.034295,22.087865],[88.034255,22.087786],[88.034255,22.087661],[88.034067,22.087694],[88.033837,22.087751],[88.033654,22.087751],[88.033563,22.087214],[88.033319,22.087271],[88.033311,22.08706],[88.033261,22.087063],[88.033119,22.087071],[88.033009,22.087081],[88.032902,22.087098],[88.032755,22.087126],[88.032594,22.087156],[88.032796,22.087843],[88.032855,22.087845],[88.032871,22.087957],[88.032697,22.08799],[88.03267,22.087875],[88.032318,22.087898],[88.032182,22.087261],[88.032028,22.087265],[88.031883,22.087305],[88.031703,22.087357],[88.031497,22.087421],[88.031357,22.087469],[88.03118,22.087523],[88.031049,22.087561],[88.030882,22.08761]]]}},{"type":"Feature","id":"OSM-way-385399036","properties":{"id":"OSM-way-385399036","tag":"farmland","facilityId":null,"name":null,"cpcbCategory":null,"source":"OpenStreetMap via Overpass bulk load (© OpenStreetMap contributors, ODbL)","refreshedAt":"2026-09-29T11:06:04.248Z","mappedSince":null,"osmTags":{"crop":"rice","landuse":"farmland"}},"geometry":{"type":"Polygon","coordinates":[[[88.044404,22.08613],[88.044331,22.086233],[88.044243,22.086216],[88.044234,22.086372],[88.044112,22.086445],[88.04386,22.086484],[88.04386,22.086592],[88.043724,22.086653],[88.043412,22.086571],[88.043337,22.086333],[88.043085,22.086398],[88.043043,22.08632],[88.042902,22.086359],[88.042748,22.086376],[88.042646,22.086445],[88.042641,22.086514],[88.042655,22.086705],[88.042543,22.086752],[88.042734,22.086908],[88.042515,22.087107],[88.042366,22.087155],[88.042338,22.086913],[88.042258,22.086891],[88.042216,22.0868],[88.042183,22.086757],[88.041987,22.086731],[88.041917,22.086761],[88.04194,22.086597],[88.041884,22.086506],[88.041744,22.08648],[88.04166,22.08645],[88.041623,22.086341],[88.041562,22.086255],[88.041558,22.086142],[88.041273,22.086134],[88.041161,22.086238],[88.041081,22.086328],[88.041006,22.086445],[88.040946,22.086493],[88.040736,22.086506],[88.040614,22.08651],[88.04053,22.086454],[88.040376,22.086389],[88.040297,22.086341],[88.040297,22.086259],[88.040264,22.086177],[88.040208,22.086095],[88.040044,22.085969],[88.040021,22.085891],[88.040012,22.085787],[88.040096,22.085675],[88.040199,22.085489],[88.040152,22.085433],[88.040133,22.085307],[88.040138,22.085177],[88.040334,22.085212],[88.040549,22.085255],[88.040652,22.085182],[88.040736,22.085061],[88.040778,22.084948],[88.040764,22.084836],[88.04068,22.084762],[88.040558,22.084732],[88.040367,22.084364],[88.040381,22.084238],[88.040829,22.084078],[88.040759,22.083823],[88.040554,22.083806],[88.04053,22.083572],[88.040437,22.083537],[88.040371,22.083542],[88.040278,22.08355],[88.04025,22.08339],[88.040185,22.0831],[88.040409,22.083096],[88.04053,22.083018],[88.040666,22.082975],[88.040782,22.082975],[88.040895,22.083038],[88.040906,22.083157],[88.040911,22.083237],[88.040949,22.083291],[88.040976,22.083351],[88.040992,22.083426],[88.041121,22.084012],[88.040906,22.084067],[88.041029,22.08444],[88.041035,22.084509],[88.041024,22.084564],[88.040997,22.084604],[88.04111,22.08529],[88.04126,22.08528],[88.042113,22.085131],[88.042215,22.085404],[88.042349,22.085643],[88.043159,22.084932],[88.044404,22.08613]]]}},{"type":"Feature","id":"OSM-way-385399051","properties":{"id":"OSM-way-385399051","tag":"farmland","facilityId":null,"name":null,"cpcbCategory":null,"source":"OpenStreetMap via Overpass bulk load (© OpenStreetMap contributors, ODbL)","refreshedAt":"2026-09-29T11:06:04.248Z","mappedSince":null,"osmTags":{"crop":"rice","landuse":"farmland"}},"geometry":{"type":"Polygon","coordinates":[[[88.03743,22.081989],[88.03757,22.082272],[88.037711,22.082665],[88.037846,22.082974],[88.038086,22.082947],[88.038093,22.0826],[88.038228,22.082475],[88.038341,22.082462],[88.038539,22.082541],[88.038695,22.082528],[88.038822,22.082475],[88.039006,22.0822],[88.039367,22.082193],[88.039587,22.082114],[88.039877,22.082062],[88.039983,22.082423],[88.040429,22.08237],[88.040742,22.082088],[88.040053,22.081278],[88.039323,22.080533],[88.039254,22.080572],[88.039066,22.080726],[88.038792,22.08098],[88.038487,22.081224],[88.0381,22.081487],[88.037639,22.08185],[88.03743,22.081989]]]}},{"type":"Feature","id":"OSM-way-385406085","properties":{"id":"OSM-way-385406085","tag":"farmland","facilityId":null,"name":null,"cpcbCategory":null,"source":"OpenStreetMap via Overpass bulk load (© OpenStreetMap contributors, ODbL)","refreshedAt":"2026-09-29T11:06:04.248Z","mappedSince":null,"osmTags":{"crop":"rice","landuse":"farmland"}},"geometry":{"type":"Polygon","coordinates":[[[88.033628,22.080212],[88.033086,22.079504],[88.033338,22.079324],[88.033232,22.079135],[88.033614,22.078917],[88.033395,22.078585],[88.033533,22.078412],[88.033143,22.077756],[88.0322,22.077885],[88.03207,22.077839],[88.032135,22.077764],[88.03207,22.077463],[88.031809,22.077478],[88.031582,22.077206],[88.031704,22.076943],[88.031728,22.076784],[88.031793,22.076596],[88.031772,22.076402],[88.031892,22.076231],[88.032071,22.076208],[88.032235,22.076012],[88.032367,22.075901],[88.032457,22.075605],[88.032557,22.075504],[88.032663,22.075187],[88.03272,22.075006],[88.032866,22.074818],[88.03307,22.074705],[88.033297,22.074637],[88.033468,22.074592],[88.033842,22.074501],[88.034151,22.074388],[88.034728,22.074208],[88.035029,22.074132],[88.035338,22.074027],[88.03559,22.073989],[88.035899,22.074064],[88.036095,22.074095],[88.036257,22.074087],[88.036468,22.074027],[88.036753,22.073929],[88.036907,22.073921],[88.037078,22.073929],[88.037273,22.073921],[88.037436,22.073868],[88.037582,22.073778],[88.03768,22.073612],[88.037737,22.073552],[88.038119,22.073349],[88.038371,22.073198],[88.038558,22.072964],[88.038818,22.072452],[88.038993,22.07206],[88.039015,22.071953],[88.039045,22.071912],[88.039081,22.071862],[88.03918,22.071739],[88.039265,22.071609],[88.039337,22.071482],[88.039487,22.071184],[88.039522,22.071117],[88.039554,22.071047],[88.039584,22.070961],[88.039605,22.070881],[88.039613,22.070803],[88.039628,22.07074],[88.039667,22.070637],[88.039718,22.070522],[88.039761,22.070423],[88.039798,22.070333],[88.039836,22.070267],[88.039879,22.070192],[88.039923,22.070133],[88.039953,22.070076],[88.039973,22.070038],[88.039976,22.069996],[88.039973,22.069951],[88.039964,22.0699],[88.039957,22.069859],[88.040041,22.069807],[88.040307,22.06981],[88.040671,22.06981],[88.040891,22.06981],[88.041106,22.069817],[88.041331,22.06984],[88.041567,22.069889],[88.041811,22.069981],[88.04205,22.070063],[88.042256,22.070133],[88.042482,22.070195],[88.042603,22.070227],[88.042812,22.070309],[88.043075,22.070414],[88.043324,22.070493],[88.043509,22.070511],[88.043718,22.070528],[88.043684,22.071128],[88.043642,22.071718],[88.04349,22.072067],[88.04355,22.072584],[88.043444,22.072669],[88.043352,22.072846],[88.043428,22.073049],[88.043083,22.073654],[88.042837,22.0741],[88.042861,22.074488],[88.0428,22.074956],[88.042824,22.075424],[88.042529,22.075493],[88.042339,22.076086],[88.041932,22.075922],[88.041642,22.075927],[88.041218,22.075872],[88.041009,22.075748],[88.040795,22.075693],[88.039958,22.075728],[88.0394,22.076161],[88.038901,22.076474],[88.038633,22.076812],[88.038375,22.077115],[88.038161,22.077473],[88.037748,22.077217],[88.035865,22.078594],[88.034218,22.079819],[88.033628,22.080212]]]}},{"type":"Feature","id":"OSM-way-388022770","properties":{"id":"OSM-way-388022770","tag":"industrial","facilityId":"OSM-way-388022770","name":"Adani Wilmar Limited","cpcbCategory":null,"source":"OpenStreetMap via Overpass bulk load (© OpenStreetMap contributors, ODbL)","refreshedAt":"2026-09-29T11:06:04.248Z","mappedSince":null,"osmTags":{"landuse":"industrial","name":"Adani Wilmar Limited"}},"geometry":{"type":"Polygon","coordinates":[[[88.086389,22.064087],[88.085687,22.063952],[88.084705,22.063764],[88.084319,22.063664],[88.084046,22.063674],[88.084006,22.063793],[88.083867,22.064203],[88.083503,22.064758],[88.083122,22.064867],[88.083085,22.065583],[88.08294,22.066259],[88.082949,22.066318],[88.083498,22.069811],[88.083305,22.070072],[88.083326,22.070293],[88.083417,22.070336],[88.083704,22.070269],[88.08445,22.070408],[88.084566,22.070419],[88.084769,22.069678],[88.084958,22.069077],[88.085136,22.068453],[88.085332,22.067653],[88.085609,22.066629],[88.086389,22.064087]]]}},{"type":"Feature","id":"OSM-way-388499666","properties":{"id":"OSM-way-388499666","tag":"industrial","facilityId":null,"name":null,"cpcbCategory":null,"source":"OpenStreetMap via Overpass bulk load (© OpenStreetMap contributors, ODbL)","refreshedAt":"2026-09-29T11:06:04.248Z","mappedSince":null,"osmTags":{"landuse":"industrial"}},"geometry":{"type":"Polygon","coordinates":[[[88.056564,22.041341],[88.057034,22.041201],[88.060785,22.042193],[88.060789,22.043045],[88.060707,22.043432],[88.060826,22.043466],[88.060483,22.04589],[88.066268,22.047605],[88.066215,22.047839],[88.06584,22.047838],[88.064735,22.047552],[88.064534,22.047535],[88.061543,22.04661],[88.060921,22.046456],[88.060588,22.046366],[88.060162,22.046222],[88.06006,22.046105],[88.058263,22.045528],[88.057999,22.045018],[88.057899,22.044871],[88.057732,22.044212],[88.05716,22.042712],[88.056564,22.041341]]]}},{"type":"Feature","id":"OSM-way-388502281","properties":{"id":"OSM-way-388502281","tag":"industrial","facilityId":null,"name":null,"cpcbCategory":null,"source":"OpenStreetMap via Overpass bulk load (© OpenStreetMap contributors, ODbL)","refreshedAt":"2026-09-29T11:06:04.248Z","mappedSince":null,"osmTags":{"landuse":"industrial"}},"geometry":{"type":"Polygon","coordinates":[[[88.107512,22.05702],[88.107148,22.058383],[88.109998,22.058991],[88.116253,22.060277],[88.117649,22.060627],[88.117901,22.059638],[88.114128,22.058805],[88.112026,22.058357],[88.110454,22.057874],[88.110404,22.057928],[88.110152,22.057815],[88.107512,22.05702]]]}},{"type":"Feature","id":"OSM-way-388502286","properties":{"id":"OSM-way-388502286","tag":"industrial","facilityId":null,"name":null,"cpcbCategory":null,"source":"OpenStreetMap via Overpass bulk load (© OpenStreetMap contributors, ODbL)","refreshedAt":"2026-09-29T11:06:04.248Z","mappedSince":null,"osmTags":{"landuse":"industrial"}},"geometry":{"type":"Polygon","coordinates":[[[88.128395,22.062389],[88.128086,22.063508],[88.123895,22.062433],[88.123627,22.062384],[88.120415,22.061407],[88.119894,22.061252],[88.120163,22.060137],[88.128395,22.062389]]]}},{"type":"Feature","id":"OSM-way-397245519","properties":{"id":"OSM-way-397245519","tag":"industrial","facilityId":null,"name":null,"cpcbCategory":null,"source":"OpenStreetMap via Overpass bulk load (© OpenStreetMap contributors, ODbL)","refreshedAt":"2026-09-29T11:06:04.248Z","mappedSince":null,"osmTags":{"landuse":"industrial"}},"geometry":{"type":"Polygon","coordinates":[[[88.157187,22.072233],[88.158197,22.074401],[88.158456,22.075198],[88.159244,22.074998],[88.160125,22.074981],[88.161864,22.07392],[88.160171,22.072804],[88.160266,22.07271],[88.158806,22.071706],[88.158795,22.071739],[88.158669,22.071813],[88.158125,22.072042],[88.157187,22.072233]]]}},{"type":"Feature","id":"OSM-way-397245522","properties":{"id":"OSM-way-397245522","tag":"industrial","facilityId":null,"name":null,"cpcbCategory":null,"source":"OpenStreetMap via Overpass bulk load (© OpenStreetMap contributors, ODbL)","refreshedAt":"2026-09-29T11:06:04.248Z","mappedSince":null,"osmTags":{"landuse":"industrial"}},"geometry":{"type":"Polygon","coordinates":[[[88.163115,22.076143],[88.162782,22.076129],[88.162563,22.075954],[88.160708,22.076712],[88.159506,22.077158],[88.160232,22.07907],[88.159298,22.079324],[88.159716,22.080427],[88.161995,22.079528],[88.164842,22.07851],[88.164345,22.077416],[88.163792,22.077639],[88.163115,22.076143]]]}},{"type":"Feature","id":"OSM-way-397245524","properties":{"id":"OSM-way-397245524","tag":"industrial","facilityId":null,"name":null,"cpcbCategory":null,"source":"OpenStreetMap via Overpass bulk load (© OpenStreetMap contributors, ODbL)","refreshedAt":"2026-09-29T11:06:04.248Z","mappedSince":null,"osmTags":{"landuse":"industrial"}},"geometry":{"type":"Polygon","coordinates":[[[88.162413,22.073873],[88.162703,22.073531],[88.162089,22.072968],[88.162154,22.072914],[88.161534,22.07238],[88.160924,22.07294],[88.162413,22.073873]]]}},{"type":"Feature","id":"OSM-way-397245526","properties":{"id":"OSM-way-397245526","tag":"industrial","facilityId":null,"name":null,"cpcbCategory":null,"source":"OpenStreetMap via Overpass bulk load (© OpenStreetMap contributors, ODbL)","refreshedAt":"2026-09-29T11:06:04.248Z","mappedSince":null,"osmTags":{"landuse":"industrial"}},"geometry":{"type":"Polygon","coordinates":[[[88.167431,22.077961],[88.161814,22.079945],[88.162521,22.080681],[88.161883,22.081193],[88.163479,22.082712],[88.16404,22.082288],[88.167585,22.085756],[88.171908,22.08213],[88.171494,22.08157],[88.167431,22.077961]]]}},{"type":"Feature","id":"OSM-way-397245528","properties":{"id":"OSM-way-397245528","tag":"industrial","facilityId":null,"name":null,"cpcbCategory":null,"source":"OpenStreetMap via Overpass bulk load (© OpenStreetMap contributors, ODbL)","refreshedAt":"2026-09-29T11:06:04.248Z","mappedSince":null,"osmTags":{"landuse":"industrial"}},"geometry":{"type":"Polygon","coordinates":[[[88.167352,22.093341],[88.178104,22.090847],[88.178842,22.093391],[88.178903,22.09527],[88.175869,22.095954],[88.17218,22.095958],[88.170959,22.095874],[88.168789,22.097441],[88.168413,22.097465],[88.167352,22.093341]]]}},{"type":"Feature","id":"OSM-way-398462400","properties":{"id":"OSM-way-398462400","tag":"industrial","facilityId":"OSM-way-398462400","name":"Electrosteel Castings Limited","cpcbCategory":"Red","source":"OpenStreetMap via Overpass bulk load (© OpenStreetMap contributors, ODbL)","refreshedAt":"2026-09-29T11:06:04.248Z","mappedSince":null,"osmTags":{"landuse":"industrial","name":"Electrosteel Castings Limited"}},"geometry":{"type":"Polygon","coordinates":[[[88.108792,22.088273],[88.108827,22.089444],[88.108848,22.090099],[88.109016,22.090181],[88.109534,22.090421],[88.110288,22.090798],[88.110403,22.090999],[88.110601,22.090945],[88.110667,22.09107],[88.111022,22.091111],[88.111199,22.091397],[88.111841,22.091256],[88.111858,22.091483],[88.112336,22.091362],[88.11229,22.091198],[88.112656,22.091152],[88.112738,22.091023],[88.113072,22.090384],[88.113331,22.09009],[88.11381,22.090474],[88.114394,22.090171],[88.114678,22.090037],[88.114775,22.089895],[88.115577,22.08911],[88.116376,22.088258],[88.115515,22.087957],[88.114488,22.087641],[88.113139,22.087211],[88.112375,22.086923],[88.11242,22.086769],[88.111607,22.086498],[88.110358,22.086068],[88.109676,22.085869],[88.108748,22.085561],[88.108792,22.088273]]]}},{"type":"Feature","id":"OSM-way-475959669","properties":{"id":"OSM-way-475959669","tag":"industrial","facilityId":"OSM-way-475959669","name":"Hiranmaye Haldia Power Plant","cpcbCategory":"Red","source":"OpenStreetMap via Overpass bulk load (© OpenStreetMap contributors, ODbL)","refreshedAt":"2026-09-29T11:06:04.248Z","mappedSince":null,"osmTags":{"landuse":"industrial","name":"Hiranmaye Haldia Power Plant","power":"plant","source":"https://www.gem.wiki/Hiranmaye_Haldia_power_station"}},"geometry":{"type":"Polygon","coordinates":[[[88.096696,22.074079],[88.096808,22.076016],[88.096731,22.077064],[88.096806,22.078966],[88.096937,22.08245],[88.101163,22.083285],[88.101939,22.082515],[88.102497,22.08466],[88.10287,22.086447],[88.104973,22.086768],[88.107103,22.086129],[88.106944,22.085557],[88.107982,22.085483],[88.108259,22.084712],[88.108717,22.082845],[88.106669,22.082196],[88.106898,22.081142],[88.106058,22.080888],[88.105882,22.080385],[88.104809,22.080157],[88.104772,22.080813],[88.103364,22.081024],[88.10283,22.080246],[88.102553,22.079456],[88.102355,22.078752],[88.102175,22.076485],[88.101583,22.076023],[88.099305,22.075131],[88.096696,22.074079]]]}},{"type":"Feature","id":"OSM-way-603282734","properties":{"id":"OSM-way-603282734","tag":"industrial","facilityId":null,"name":null,"cpcbCategory":null,"source":"OpenStreetMap via Overpass bulk load (© OpenStreetMap contributors, ODbL)","refreshedAt":"2026-09-29T11:06:04.248Z","mappedSince":null,"osmTags":{"man_made":"works"}},"geometry":{"type":"Polygon","coordinates":[[[88.107386,22.053347],[88.107346,22.053511],[88.108337,22.053721],[88.108378,22.053557],[88.107386,22.053347]]]}},{"type":"Feature","id":"OSM-way-603292292","properties":{"id":"OSM-way-603292292","tag":"industrial","facilityId":null,"name":null,"cpcbCategory":null,"source":"OpenStreetMap via Overpass bulk load (© OpenStreetMap contributors, ODbL)","refreshedAt":"2026-09-29T11:06:04.248Z","mappedSince":null,"osmTags":{"man_made":"works"}},"geometry":{"type":"Polygon","coordinates":[[[88.124176,22.079173],[88.12402,22.079794],[88.12438,22.079872],[88.124536,22.07925],[88.124176,22.079173]]]}},{"type":"Feature","id":"OSM-way-603765443","properties":{"id":"OSM-way-603765443","tag":"industrial","facilityId":"OSM-way-603765443","name":"Haldia Energy power station","cpcbCategory":"Red","source":"OpenStreetMap via Overpass bulk load (© OpenStreetMap contributors, ODbL)","refreshedAt":"2026-09-29T11:06:04.248Z","mappedSince":null,"osmTags":{"landuse":"industrial","name":"Haldia Energy power station","operator":"Haldia Energy Limited","plant:method":"combustion","plant:output:electricity":"600 MW","plant:source":"coal","power":"plant","website":"https://www.haldiaenergy.co.in","wikidata":"Q15991723"}},"geometry":{"type":"Polygon","coordinates":[[[88.17497,22.108675],[88.175938,22.108627],[88.177375,22.108643],[88.177541,22.10987],[88.178608,22.109587],[88.179172,22.109726],[88.179933,22.108509],[88.180599,22.1075],[88.180674,22.10671],[88.181352,22.105206],[88.180177,22.103725],[88.180092,22.103486],[88.17996,22.102758],[88.173459,22.103037],[88.173437,22.105253],[88.174177,22.10748],[88.17497,22.108675]]]}},{"type":"Feature","id":"OSM-way-755645637","properties":{"id":"OSM-way-755645637","tag":"industrial","facilityId":null,"name":null,"cpcbCategory":null,"source":"OpenStreetMap via Overpass bulk load (© OpenStreetMap contributors, ODbL)","refreshedAt":"2026-09-29T11:06:04.248Z","mappedSince":null,"osmTags":{"landuse":"industrial"}},"geometry":{"type":"Polygon","coordinates":[[[88.084577,22.070738],[88.084606,22.070556],[88.084887,22.069562],[88.085089,22.068846],[88.085222,22.068393],[88.085347,22.06793],[88.085455,22.067512],[88.085602,22.066995],[88.085741,22.066481],[88.086062,22.066531],[88.086696,22.066643],[88.088023,22.066879],[88.088324,22.06694],[88.088283,22.067143],[88.089121,22.067366],[88.088364,22.069999],[88.088051,22.071216],[88.088042,22.071254],[88.085667,22.070513],[88.085576,22.07098],[88.084577,22.070738]]]}},{"type":"Feature","id":"OSM-way-926899740","properties":{"id":"OSM-way-926899740","tag":"industrial","facilityId":"OSM-way-926899740","name":"HPL Cogen Haldia Power Plant","cpcbCategory":"Red","source":"OpenStreetMap via Overpass bulk load (© OpenStreetMap contributors, ODbL)","refreshedAt":"2026-09-29T11:06:04.248Z","mappedSince":null,"osmTags":{"landuse":"industrial","name":"HPL Cogen Haldia Power Plant","name:bn":"এইচপিএল কোজেন হালদিয়া পাওয়ার প্ল্যান্ট","plant:method":"combustion","plant:output:electricity":"yes","plant:source":"gas","power":"plant","source":"http://globalenergyobservatory.org/geoid/3452"}},"geometry":{"type":"Polygon","coordinates":[[[88.10111,22.066716],[88.101983,22.064754],[88.104325,22.065643],[88.103484,22.067616],[88.102303,22.067209],[88.10111,22.066716]]]}},{"type":"Feature","id":"OSM-way-1385765265","properties":{"id":"OSM-way-1385765265","tag":"industrial","facilityId":"OSM-way-1385765265","name":"Satish Samanta Trade Centre","cpcbCategory":null,"source":"OpenStreetMap via Overpass bulk load (© OpenStreetMap contributors, ODbL)","refreshedAt":"2026-09-29T11:06:04.248Z","mappedSince":null,"osmTags":{"landuse":"industrial","name":"Satish Samanta Trade Centre"}},"geometry":{"type":"Polygon","coordinates":[[[88.079635,22.051053],[88.082013,22.051669],[88.081241,22.054458],[88.079212,22.053948],[88.079052,22.053907],[88.079008,22.053451],[88.078944,22.053152],[88.079635,22.051053]]]}},{"type":"Feature","id":"OSM-way-56146167","properties":{"id":"OSM-way-56146167","tag":"quarry","facilityId":"OSM-way-56146167","name":"Neyveli III Coal Mine","cpcbCategory":"Red","source":"OpenStreetMap via Overpass bulk load (© OpenStreetMap contributors, ODbL)","refreshedAt":"2026-09-29T11:06:04.248Z","mappedSince":null,"osmTags":{"landuse":"quarry","name":"Neyveli III Coal Mine","operator":"Neyveli Lignite Corporation (NCL India Limited)","resource":"lignite","source":"https://www.gem.wiki/Neyveli_III_coal_mine"}},"geometry":{"type":"Polygon","coordinates":[[[79.448918,11.50692],[79.466116,11.506049],[79.480591,11.49708],[79.512417,11.489906],[79.517537,11.504013],[79.515923,11.516848],[79.509816,11.526905],[79.502803,11.532674],[79.500547,11.53237],[79.494848,11.531603],[79.483018,11.529873],[79.476181,11.528628],[79.468658,11.531097],[79.466855,11.531549],[79.466504,11.531611],[79.464795,11.531916],[79.463379,11.532526],[79.462723,11.534597],[79.452465,11.529879],[79.450497,11.524945],[79.447732,11.514765],[79.448918,11.50692]]]}},{"type":"Feature","id":"OSM-way-56400658","properties":{"id":"OSM-way-56400658","tag":"quarry","facilityId":"OSM-way-56400658","name":"Neyveli Lignite Mines - II","cpcbCategory":"Red","source":"OpenStreetMap via Overpass bulk load (© OpenStreetMap contributors, ODbL)","refreshedAt":"2026-09-29T11:06:04.248Z","mappedSince":null,"osmTags":{"fixme":"update extent","landuse":"quarry","name":"Neyveli Lignite Mines - II","resource":"lignite"}},"geometry":{"type":"Polygon","coordinates":[[[79.447854,11.536024],[79.435229,11.534857],[79.431179,11.531006],[79.41637,11.529142],[79.416794,11.499435],[79.422273,11.494577],[79.432581,11.499867],[79.438802,11.506964],[79.442733,11.519569],[79.44583,11.519919],[79.447854,11.536024]]]}},{"type":"Feature","id":"OSM-way-104031423","properties":{"id":"OSM-way-104031423","tag":"forest","facilityId":null,"name":null,"cpcbCategory":null,"source":"OpenStreetMap via Overpass bulk load (© OpenStreetMap contributors, ODbL)","refreshedAt":"2026-09-29T11:06:04.248Z","mappedSince":null,"osmTags":{"natural":"wood","source":"landsat"}},"geometry":{"type":"Polygon","coordinates":[[[79.413545,11.665609],[79.403564,11.656736],[79.393101,11.648697],[79.386389,11.636054],[79.38385,11.631272],[79.379605,11.624079],[79.37531,11.622675],[79.364873,11.615705],[79.362501,11.598278],[79.374532,11.590776],[79.364161,11.569927],[79.358231,11.562955],[79.358943,11.554124],[79.368905,11.546454],[79.371041,11.541109],[79.378157,11.536693],[79.389069,11.53739],[79.395473,11.543433],[79.39239,11.563652],[79.391282,11.577448],[79.393284,11.592881],[79.391159,11.592687],[79.391413,11.605131],[79.39904,11.60821],[79.410817,11.62056],[79.427658,11.636835],[79.42676,11.653769],[79.417984,11.661632],[79.413545,11.665609]]]}},{"type":"Feature","id":"OSM-way-136727943","properties":{"id":"OSM-way-136727943","tag":"industrial","facilityId":"OSM-way-136727943","name":"Neyveli Thermal Power Station II","cpcbCategory":"Red","source":"OpenStreetMap via Overpass bulk load (© OpenStreetMap contributors, ODbL)","refreshedAt":"2026-09-29T11:06:04.248Z","mappedSince":null,"osmTags":{"landuse":"industrial","name":"Neyveli Thermal Power Station II","operator":"NLC India","plant:method":"combustion","plant:output:electricity":"1970 MW","plant:source":"coal","power":"plant","wikidata":"Q7021491","wikipedia":"en:Neyveli Thermal Power Station"}},"geometry":{"type":"Polygon","coordinates":[[[79.438701,11.543374],[79.438671,11.544467],[79.438604,11.544828],[79.438724,11.545693],[79.43957,11.546051],[79.439813,11.547338],[79.439863,11.547329],[79.439913,11.547602],[79.43998,11.547711],[79.43986,11.547935],[79.439133,11.548176],[79.439382,11.549254],[79.434693,11.553391],[79.435664,11.554848],[79.432847,11.557323],[79.432834,11.557463],[79.44097,11.566438],[79.441089,11.566436],[79.443782,11.564067],[79.443844,11.564128],[79.444069,11.563924],[79.444063,11.563844],[79.444109,11.563803],[79.444127,11.563823],[79.444217,11.563745],[79.444199,11.563725],[79.444238,11.563691],[79.44431,11.563708],[79.444542,11.5635],[79.444501,11.563453],[79.445169,11.562835],[79.447995,11.560365],[79.448614,11.561052],[79.449675,11.560448],[79.449871,11.560669],[79.452037,11.55877],[79.452294,11.55871],[79.453624,11.556806],[79.453597,11.556529],[79.452078,11.556589],[79.450722,11.556562],[79.450718,11.555598],[79.45028,11.55554],[79.449715,11.555298],[79.449551,11.555012],[79.449386,11.55318],[79.449437,11.552625],[79.449619,11.551891],[79.449932,11.551008],[79.450177,11.550064],[79.450097,11.548554],[79.450055,11.548554],[79.45002,11.547325],[79.450094,11.546552],[79.448835,11.546168],[79.448776,11.546417],[79.448312,11.546301],[79.448392,11.546032],[79.438995,11.543162],[79.438928,11.543439],[79.438701,11.543374]]]}},{"type":"Feature","id":"OSM-way-174083461","properties":{"id":"OSM-way-174083461","tag":"industrial","facilityId":null,"name":null,"cpcbCategory":null,"source":"OpenStreetMap via Overpass bulk load (© OpenStreetMap contributors, ODbL)","refreshedAt":"2026-09-29T11:06:04.248Z","mappedSince":null,"osmTags":{"landuse":"industrial"}},"geometry":{"type":"Polygon","coordinates":[[[79.478208,11.595818],[79.478222,11.589483],[79.475502,11.589394],[79.467065,11.588652],[79.462149,11.579394],[79.456763,11.579307],[79.456937,11.595956],[79.465732,11.595899],[79.478208,11.595818]]]}},{"type":"Feature","id":"OSM-way-175237657","properties":{"id":"OSM-way-175237657","tag":"forest","facilityId":null,"name":null,"cpcbCategory":null,"source":"OpenStreetMap via Overpass bulk load (© OpenStreetMap contributors, ODbL)","refreshedAt":"2026-09-29T11:06:04.248Z","mappedSince":null,"osmTags":{"natural":"wood"}},"geometry":{"type":"Polygon","coordinates":[[[79.549655,11.661795],[79.547605,11.655729],[79.547264,11.652893],[79.545613,11.650893],[79.542353,11.655022],[79.540243,11.659907],[79.538529,11.664003],[79.531401,11.663449],[79.528794,11.659874],[79.528794,11.649786],[79.531966,11.646211],[79.537746,11.645189],[79.540658,11.641188],[79.543787,11.640677],[79.547308,11.638293],[79.544135,11.635058],[79.537616,11.633143],[79.529533,11.630802],[79.526929,11.631023],[79.526778,11.627663],[79.508799,11.628032],[79.508615,11.633159],[79.506676,11.633439],[79.501171,11.634353],[79.500114,11.634757],[79.498197,11.634992],[79.489582,11.636706],[79.481735,11.635305],[79.479323,11.627663],[79.471332,11.627442],[79.465081,11.623864],[79.464921,11.620523],[79.457672,11.620209],[79.453034,11.628877],[79.452476,11.628963],[79.448843,11.629521],[79.447692,11.629698],[79.444387,11.622389],[79.43863,11.613826],[79.431167,11.612155],[79.42445,11.612886],[79.426583,11.621344],[79.43234,11.627923],[79.427658,11.636835],[79.42676,11.653769],[79.417984,11.661632],[79.419706,11.676267],[79.416614,11.685977],[79.419173,11.693493],[79.426788,11.697259],[79.429941,11.698818],[79.452638,11.694135],[79.477841,11.693676],[79.482479,11.69584],[79.476146,11.716963],[79.475762,11.735124],[79.477777,11.737467],[79.480015,11.744408],[79.486519,11.7466],[79.48977,11.742425],[79.486519,11.734805],[79.485879,11.729691],[79.491583,11.726663],[79.4967,11.720974],[79.498992,11.71137],[79.502884,11.709178],[79.508321,11.701975],[79.512638,11.701818],[79.51621,11.70234],[79.517564,11.709452],[79.51734,11.716524],[79.514407,11.720565],[79.512547,11.72335],[79.514764,11.726816],[79.520753,11.728834],[79.521236,11.729609],[79.524525,11.734507],[79.530631,11.735002],[79.534948,11.731385],[79.543775,11.730661],[79.547431,11.730661],[79.547696,11.737526],[79.544779,11.741638],[79.544118,11.745978],[79.546451,11.746968],[79.549212,11.744113],[79.549476,11.743433],[79.55069,11.740305],[79.550029,11.736345],[79.551429,11.734479],[79.55115,11.72932],[79.5508,11.721019],[79.549911,11.705827],[79.545199,11.703419],[79.545882,11.698136],[79.547521,11.696731],[79.546497,11.692585],[79.546825,11.691463],[79.547931,11.688907],[79.547453,11.680413],[79.549843,11.679343],[79.549655,11.661795]]]}},{"type":"Feature","id":"OSM-way-206113701","properties":{"id":"OSM-way-206113701","tag":"forest","facilityId":null,"name":null,"cpcbCategory":null,"source":"OpenStreetMap via Overpass bulk load (© OpenStreetMap contributors, ODbL)","refreshedAt":"2026-09-29T11:06:04.248Z","mappedSince":null,"osmTags":{"natural":"wood"}},"geometry":{"type":"Polygon","coordinates":[[[79.551997,11.721314],[79.557023,11.722542],[79.562273,11.722466],[79.564801,11.720829],[79.57044,11.721514],[79.571528,11.724028],[79.570245,11.726084],[79.568884,11.726541],[79.566434,11.727417],[79.562195,11.727074],[79.558384,11.72536],[79.554534,11.726579],[79.554028,11.728978],[79.55675,11.731491],[79.562389,11.731643],[79.566551,11.731834],[79.568262,11.73328],[79.564373,11.734385],[79.562895,11.734347],[79.562078,11.735793],[79.557956,11.73526],[79.551758,11.734877],[79.551763,11.737303],[79.553021,11.737205],[79.554545,11.737662],[79.556351,11.737348],[79.556809,11.739626],[79.556595,11.740896],[79.554582,11.742735],[79.556042,11.749412],[79.559666,11.750796],[79.561478,11.75147],[79.562783,11.754451],[79.568509,11.755905],[79.571118,11.752819],[79.569342,11.747283],[79.569777,11.74441],[79.568871,11.741784],[79.567277,11.738804],[79.57235,11.737136],[79.574851,11.735965],[79.573039,11.733197],[79.574742,11.728691],[79.57804,11.726775],[79.581048,11.725285],[79.58594,11.725746],[79.58931,11.723794],[79.595109,11.72422],[79.601523,11.722588],[79.611869,11.652595],[79.61107,11.65219],[79.609904,11.651628],[79.608365,11.650819],[79.604555,11.647839],[79.599423,11.647057],[79.595397,11.648712],[79.589496,11.649585],[79.586608,11.646003],[79.587345,11.639502],[79.584487,11.633964],[79.585563,11.62686],[79.58753,11.621743],[79.587683,11.613013],[79.588636,11.605969],[79.584641,11.604946],[79.578679,11.606903],[79.570689,11.604946],[79.566141,11.604434],[79.558274,11.606391],[79.555293,11.609702],[79.559288,11.615783],[79.563621,11.62099],[79.559042,11.626439],[79.55565,11.627939],[79.554185,11.63057],[79.553996,11.636245],[79.554044,11.644721],[79.556261,11.649062],[79.558347,11.65234],[79.557043,11.657618],[79.553392,11.662087],[79.551892,11.662488],[79.551414,11.679677],[79.561931,11.677336],[79.567532,11.677136],[79.571083,11.683757],[79.567258,11.68904],[79.569307,11.692451],[79.567395,11.697534],[79.558039,11.705291],[79.552097,11.712848],[79.551997,11.721314]]]}},{"type":"Feature","id":"OSM-way-345057949","properties":{"id":"OSM-way-345057949","tag":"industrial","facilityId":"OSM-way-345057949","name":"Neyveli New Thermal Power Station","cpcbCategory":"Red","source":"OpenStreetMap via Overpass bulk load (© OpenStreetMap contributors, ODbL)","refreshedAt":"2026-09-29T11:06:04.248Z","mappedSince":null,"osmTags":{"landuse":"industrial","name":"Neyveli New Thermal Power Station","operator":"NLC India","plant:method":"combustion","plant:output:electricity":"1000 MW","plant:source":"coal","power":"plant","wikidata":"Q7021491","wikipedia":"en:Neyveli Thermal Power Station"}},"geometry":{"type":"Polygon","coordinates":[[[79.456432,11.595888],[79.451427,11.595888],[79.451351,11.594147],[79.451064,11.593786],[79.450937,11.593627],[79.450296,11.593364],[79.450186,11.592954],[79.449556,11.592965],[79.449597,11.593091],[79.448571,11.593176],[79.448292,11.591258],[79.4468,11.59123],[79.446643,11.591087],[79.446666,11.590703],[79.446702,11.590122],[79.446753,11.589277],[79.446864,11.58914],[79.448653,11.589118],[79.448641,11.587377],[79.451473,11.587245],[79.451532,11.583495],[79.45645,11.583638],[79.456432,11.595888]]]}},{"type":"Feature","id":"OSM-way-380220044","properties":{"id":"OSM-way-380220044","tag":"industrial","facilityId":null,"name":null,"cpcbCategory":null,"source":"OpenStreetMap via Overpass bulk load (© OpenStreetMap contributors, ODbL)","refreshedAt":"2026-09-29T11:06:04.248Z","mappedSince":null,"osmTags":{"landuse":"industrial"}},"geometry":{"type":"Polygon","coordinates":[[[79.484163,11.540333],[79.484553,11.540315],[79.484553,11.539758],[79.484166,11.539763],[79.484163,11.540333]]]}},{"type":"Feature","id":"OSM-way-382736857","properties":{"id":"OSM-way-382736857","tag":"forest","facilityId":null,"name":null,"cpcbCategory":null,"source":"OpenStreetMap via Overpass bulk load (© OpenStreetMap contributors, ODbL)","refreshedAt":"2026-09-29T11:06:04.248Z","mappedSince":null,"osmTags":{"landuse":"forest"}},"geometry":{"type":"Polygon","coordinates":[[[79.560613,11.588962],[79.559835,11.58902],[79.55977,11.589136],[79.559926,11.589257],[79.560103,11.58921],[79.560253,11.589766],[79.559947,11.590276],[79.559947,11.590555],[79.560221,11.590439],[79.560323,11.590481],[79.560645,11.590355],[79.560527,11.590192],[79.560205,11.590082],[79.56047,11.589677],[79.560704,11.58932],[79.560613,11.588962]]]}},{"type":"Feature","id":"OSM-way-465874233","properties":{"id":"OSM-way-465874233","tag":"industrial","facilityId":"OSM-way-465874233","name":"Neyveli Thermal Power Station I","cpcbCategory":"Red","source":"OpenStreetMap via Overpass bulk load (© OpenStreetMap contributors, ODbL)","refreshedAt":"2026-09-29T11:06:04.248Z","mappedSince":null,"osmTags":{"landuse":"industrial","name":"Neyveli Thermal Power Station I","operator":"NLC India","plant:method":"combustion","plant:output:electricity":"420 MW","plant:source":"coal","power":"plant","wikidata":"Q7021491","wikipedia":"en:Neyveli Thermal Power Station"}},"geometry":{"type":"Polygon","coordinates":[[[79.466232,11.589191],[79.466262,11.592788],[79.465981,11.592801],[79.465986,11.593387],[79.465876,11.594391],[79.465868,11.595234],[79.466254,11.595244],[79.466292,11.59561],[79.466665,11.595599],[79.46667,11.59577],[79.472619,11.59572],[79.472627,11.595515],[79.47809,11.59551],[79.478035,11.590799],[79.477579,11.589832],[79.473169,11.589622],[79.46869,11.589191],[79.466232,11.589191]]]}},{"type":"Feature","id":"OSM-way-675376054","properties":{"id":"OSM-way-675376054","tag":"forest","facilityId":null,"name":null,"cpcbCategory":null,"source":"OpenStreetMap via Overpass bulk load (© OpenStreetMap contributors, ODbL)","refreshedAt":"2026-09-29T11:06:04.248Z","mappedSince":null,"osmTags":{"natural":"wood"}},"geometry":{"type":"Polygon","coordinates":[[[79.562564,11.693353],[79.563029,11.693156],[79.563873,11.692956],[79.56382,11.692814],[79.563718,11.692499],[79.563584,11.692147],[79.563458,11.691987],[79.563106,11.691961],[79.562586,11.692005],[79.562387,11.692286],[79.562117,11.692142],[79.561843,11.6922],[79.561763,11.692373],[79.561894,11.692567],[79.562042,11.692662],[79.562044,11.692953],[79.562259,11.69304],[79.562481,11.69319],[79.562564,11.693353]]]}},{"type":"Feature","id":"OSM-way-676177013","properties":{"id":"OSM-way-676177013","tag":"farmland","facilityId":null,"name":null,"cpcbCategory":null,"source":"OpenStreetMap via Overpass bulk load (© OpenStreetMap contributors, ODbL)","refreshedAt":"2026-09-29T11:06:04.248Z","mappedSince":null,"osmTags":{"landuse":"farmland"}},"geometry":{"type":"Polygon","coordinates":[[[79.393419,11.602633],[79.39336,11.601719],[79.393902,11.601608],[79.393961,11.602081],[79.394985,11.601902],[79.395055,11.602223],[79.395597,11.60216],[79.395618,11.602386],[79.393419,11.602633]]]}},{"type":"Feature","id":"OSM-way-676242634","properties":{"id":"OSM-way-676242634","tag":"farmland","facilityId":null,"name":null,"cpcbCategory":null,"source":"OpenStreetMap via Overpass bulk load (© OpenStreetMap contributors, ODbL)","refreshedAt":"2026-09-29T11:06:04.248Z","mappedSince":null,"osmTags":{"landuse":"farmland"}},"geometry":{"type":"Polygon","coordinates":[[[79.525423,11.676284],[79.526227,11.676129],[79.526163,11.675922],[79.525398,11.676043],[79.525423,11.676284]]]}},{"type":"Feature","id":"OSM-way-676242635","properties":{"id":"OSM-way-676242635","tag":"farmland","facilityId":null,"name":null,"cpcbCategory":null,"source":"OpenStreetMap via Overpass bulk load (© OpenStreetMap contributors, ODbL)","refreshedAt":"2026-09-29T11:06:04.248Z","mappedSince":null,"osmTags":{"landuse":"farmland"}},"geometry":{"type":"Polygon","coordinates":[[[79.536367,11.689033],[79.53676,11.688872],[79.536703,11.688428],[79.537829,11.688224],[79.539461,11.687929],[79.53911,11.686775],[79.53887,11.686813],[79.538809,11.686341],[79.537718,11.686352],[79.537785,11.685242],[79.537543,11.685226],[79.537523,11.684236],[79.537754,11.684202],[79.537749,11.683871],[79.537521,11.683726],[79.536866,11.684091],[79.537081,11.684302],[79.537207,11.684454],[79.537231,11.684984],[79.537188,11.685205],[79.536893,11.685223],[79.536861,11.68572],[79.536813,11.685956],[79.536826,11.686537],[79.536813,11.687193],[79.536046,11.687327],[79.536166,11.687995],[79.536367,11.689033]]]}},{"type":"Feature","id":"OSM-way-676242891","properties":{"id":"OSM-way-676242891","tag":"farmland","facilityId":null,"name":null,"cpcbCategory":null,"source":"OpenStreetMap via Overpass bulk load (© OpenStreetMap contributors, ODbL)","refreshedAt":"2026-09-29T11:06:04.248Z","mappedSince":null,"osmTags":{"landuse":"farmland"}},"geometry":{"type":"Polygon","coordinates":[[[79.528576,11.686106],[79.529241,11.685925],[79.52919,11.683117],[79.528326,11.683343],[79.528452,11.684672],[79.528337,11.685181],[79.528576,11.686106]]]}},{"type":"Feature","id":"OSM-way-676248602","properties":{"id":"OSM-way-676248602","tag":"farmland","facilityId":null,"name":null,"cpcbCategory":null,"source":"OpenStreetMap via Overpass bulk load (© OpenStreetMap contributors, ODbL)","refreshedAt":"2026-09-29T11:06:04.248Z","mappedSince":null,"osmTags":{"landuse":"farmland"}},"geometry":{"type":"Polygon","coordinates":[[[79.546241,11.65791],[79.547018,11.657821],[79.546573,11.655],[79.545763,11.654953],[79.546241,11.65791]]]}},{"type":"Feature","id":"OSM-way-676250608","properties":{"id":"OSM-way-676250608","tag":"farmland","facilityId":null,"name":null,"cpcbCategory":null,"source":"OpenStreetMap via Overpass bulk load (© OpenStreetMap contributors, ODbL)","refreshedAt":"2026-09-29T11:06:04.248Z","mappedSince":null,"osmTags":{"landuse":"farmland"}},"geometry":{"type":"Polygon","coordinates":[[[79.5678,11.655341],[79.5675,11.653581],[79.568476,11.653461],[79.568449,11.652909],[79.569619,11.652793],[79.569688,11.653371],[79.569039,11.653439],[79.569152,11.65428],[79.569522,11.65427],[79.569828,11.654942],[79.570311,11.654848],[79.570337,11.655967],[79.569629,11.656024],[79.569528,11.655788],[79.568991,11.655846],[79.568954,11.655714],[79.568476,11.655788],[79.568358,11.655394],[79.5678,11.655341]]]}},{"type":"Feature","id":"OSM-way-676328216","properties":{"id":"OSM-way-676328216","tag":"industrial","facilityId":"OSM-way-676328216","name":"Ferrocarril","cpcbCategory":null,"source":"OpenStreetMap via Overpass bulk load (© OpenStreetMap contributors, ODbL)","refreshedAt":"2026-09-29T11:06:04.248Z","mappedSince":null,"osmTags":{"landuse":"industrial","name":"Ferrocarril"}},"geometry":{"type":"Polygon","coordinates":[[[79.515065,11.585516],[79.514566,11.585524],[79.514257,11.585422],[79.514118,11.585264],[79.514123,11.585196],[79.514869,11.585293],[79.515346,11.585154],[79.515649,11.585219],[79.51562,11.585325],[79.5154,11.585508],[79.515065,11.585516]]]}},{"type":"Feature","id":"OSM-way-924966809","properties":{"id":"OSM-way-924966809","tag":"industrial","facilityId":"OSM-way-924966809","name":"Neyveli Zero Power Plant","cpcbCategory":"Red","source":"OpenStreetMap via Overpass bulk load (© OpenStreetMap contributors, ODbL)","refreshedAt":"2026-09-29T11:06:04.248Z","mappedSince":null,"osmTags":{"landuse":"industrial","name":"Neyveli Zero Power Plant","plant:method":"combustion","plant:output:electricity":"250 MW","plant:source":"coal","power":"plant","source":"https://www.gem.wiki/Neyveli_Zero_power_station"}},"geometry":{"type":"Polygon","coordinates":[[[79.412768,11.544013],[79.412303,11.539952],[79.412626,11.539791],[79.4127,11.539605],[79.416809,11.539171],[79.416951,11.539675],[79.417404,11.543509],[79.412768,11.544013]]]}},{"type":"Feature","id":"OSM-way-982810559","properties":{"id":"OSM-way-982810559","tag":"quarry","facilityId":"OSM-way-982810559","name":"Neyveli I Coal Mine","cpcbCategory":"Red","source":"OpenStreetMap via Overpass bulk load (© OpenStreetMap contributors, ODbL)","refreshedAt":"2026-09-29T11:06:04.248Z","mappedSince":null,"osmTags":{"landuse":"quarry","name":"Neyveli I Coal Mine","operator":"Neyveli Lignite Corporation (NCL India Limited)","resource":"lignite","source":"https://www.gem.wiki/Neyveli_I_coal_mine"}},"geometry":{"type":"Polygon","coordinates":[[[79.503354,11.573009],[79.520622,11.576422],[79.523801,11.578789],[79.525505,11.577842],[79.529676,11.577991],[79.539391,11.57555],[79.540129,11.574852],[79.539824,11.568299],[79.539366,11.564811],[79.538527,11.561298],[79.536034,11.556788],[79.53316,11.55305],[79.529117,11.550409],[79.522937,11.547793],[79.513527,11.54575],[79.509356,11.544828],[79.5002,11.542012],[79.494656,11.541364],[79.486899,11.54094],[79.482168,11.54124],[79.474513,11.541065],[79.473165,11.544952],[79.471182,11.552029],[79.470215,11.560376],[79.47876,11.561148],[79.478938,11.567602],[79.476166,11.571937],[79.479269,11.574503],[79.480134,11.579113],[79.480973,11.583547],[79.482423,11.580932],[79.486085,11.574204],[79.487051,11.571339],[79.491477,11.570168],[79.488577,11.561223],[79.494478,11.555193],[79.50226,11.556489],[79.504345,11.565559],[79.500632,11.56521],[79.503354,11.573009]]]}},{"type":"Feature","id":"OSM-relation-8553387","properties":{"id":"OSM-relation-8553387","tag":"industrial","facilityId":"OSM-relation-8553387","name":"Neyveli Solar Project","cpcbCategory":null,"source":"OpenStreetMap via Overpass bulk load (© OpenStreetMap contributors, ODbL)","refreshedAt":"2026-09-29T11:06:04.248Z","mappedSince":null,"osmTags":{"barrier":"fence","description":"1809000","landuse":"industrial","name":"Neyveli Solar Project","plant:method":"photovoltaic","plant:output:electricity":"130 MW","plant:source":"solar","plant:type":"solar_photovoltaic_panel","power":"plant","type":"multipolygon"}},"geometry":{"type":"MultiPolygon","coordinates":[[[[79.525475,11.614158],[79.523648,11.61254],[79.523715,11.614215],[79.523862,11.614802],[79.52512,11.614914],[79.525475,11.614158]]],[[[79.541348,11.623],[79.54038,11.624474],[79.540594,11.624776],[79.54138,11.624636],[79.546004,11.62471],[79.547646,11.624757],[79.547662,11.623044],[79.543435,11.623042],[79.541348,11.623]]],[[[79.44539,11.576697],[79.445996,11.584853],[79.446181,11.586991],[79.447828,11.587076],[79.449088,11.587094],[79.450089,11.587112],[79.449869,11.585877],[79.449732,11.584753],[79.448876,11.584798],[79.448882,11.584503],[79.449528,11.584522],[79.449289,11.58398],[79.449072,11.58325],[79.449,11.583197],[79.44842,11.583071],[79.44838,11.583029],[79.448348,11.582491],[79.448386,11.582475],[79.449295,11.582491],[79.449206,11.581584],[79.448903,11.581552],[79.448892,11.581185],[79.449375,11.581203],[79.449367,11.580514],[79.449303,11.578891],[79.448927,11.578867],[79.44885,11.578136],[79.448686,11.57692],[79.448613,11.576192],[79.448369,11.576187],[79.446465,11.576205],[79.44639,11.57667],[79.44539,11.576697]]],[[[79.486637,11.62693],[79.498833,11.626909],[79.498849,11.627025],[79.498889,11.627033],[79.498913,11.628435],[79.498816,11.628609],[79.498065,11.629397],[79.498004,11.629544],[79.497974,11.629749],[79.497988,11.632796],[79.489051,11.632857],[79.489,11.630366],[79.486618,11.630361],[79.48661,11.628664],[79.486637,11.62693]]],[[[79.532781,11.619511],[79.532974,11.619369],[79.537687,11.619327],[79.538317,11.619371],[79.538647,11.619458],[79.53902,11.619624],[79.539489,11.619858],[79.539884,11.620168],[79.540345,11.620696],[79.540587,11.621155],[79.540739,11.621547],[79.540863,11.622025],[79.541069,11.622022],[79.541077,11.622159],[79.540965,11.622792],[79.540549,11.623633],[79.540281,11.624111],[79.539844,11.624642],[79.539369,11.624991],[79.538722,11.62533],[79.538167,11.625496],[79.53759,11.625545],[79.52581,11.625527],[79.525754,11.624048],[79.526127,11.624093],[79.526164,11.623591],[79.525727,11.623522],[79.525735,11.621754],[79.526832,11.621754],[79.526897,11.621642],[79.52765,11.621119],[79.527629,11.620506],[79.529479,11.620572],[79.529493,11.620943],[79.529812,11.622099],[79.529989,11.622138],[79.530008,11.622653],[79.530834,11.622653],[79.530839,11.623964],[79.531437,11.624552],[79.531486,11.624563],[79.531523,11.624539],[79.532092,11.623998],[79.532671,11.624003],[79.532687,11.623202],[79.532934,11.623163],[79.533159,11.623034],[79.533355,11.622816],[79.533452,11.622582],[79.533452,11.622372],[79.533393,11.622188],[79.533286,11.622009],[79.533103,11.621857],[79.532942,11.621778],[79.532768,11.621736],[79.532781,11.619511]]],[[[79.522468,11.609276],[79.522291,11.609276],[79.521143,11.608788],[79.520821,11.609077],[79.520821,11.609381],[79.520649,11.609471],[79.520285,11.609518],[79.519904,11.609733],[79.517688,11.610238],[79.517468,11.610994],[79.518423,11.611981],[79.519931,11.613369],[79.521406,11.614825],[79.521626,11.614547],[79.521631,11.61421],[79.521502,11.612702],[79.521636,11.612513],[79.521867,11.612429],[79.52213,11.612424],[79.522248,11.612429],[79.522393,11.612145],[79.522849,11.612077],[79.523036,11.612024],[79.523277,11.611941],[79.522468,11.609276]]],[[[79.519123,11.603954],[79.520491,11.603886],[79.521808,11.60376],[79.522935,11.603778],[79.523587,11.603907],[79.524016,11.603949],[79.524415,11.604059],[79.524804,11.60428],[79.524043,11.606492],[79.523506,11.607909],[79.522299,11.608082],[79.522259,11.607906],[79.522133,11.607914],[79.522111,11.607625],[79.521891,11.607677],[79.521905,11.607906],[79.520993,11.608849],[79.520363,11.608881],[79.520172,11.60778],[79.520049,11.606973],[79.519636,11.606963],[79.519496,11.60561],[79.519126,11.604569],[79.519024,11.603996],[79.519123,11.603954]]],[[[79.515065,11.606881],[79.513974,11.605665],[79.515079,11.605268],[79.51679,11.605279],[79.518311,11.605055],[79.518405,11.606185],[79.518329,11.606309],[79.518193,11.606382],[79.515065,11.606881]]]]}},{"type":"Feature","id":"OSM-way-103407586","properties":{"id":"OSM-way-103407586","tag":"forest","facilityId":null,"name":null,"cpcbCategory":null,"source":"OpenStreetMap via Overpass bulk load (© OpenStreetMap contributors, ODbL)","refreshedAt":"2026-09-29T11:06:04.248Z","mappedSince":null,"osmTags":{"natural":"wood"}},"geometry":{"type":"Polygon","coordinates":[[[83.095845,17.647229],[83.097248,17.645569],[83.100491,17.645166],[83.104862,17.643218],[83.106836,17.641807],[83.109655,17.644024],[83.111982,17.647786],[83.116634,17.651212],[83.118749,17.653227],[83.117551,17.653429],[83.11741,17.65484],[83.114449,17.655579],[83.111911,17.657862],[83.110924,17.659676],[83.10895,17.659475],[83.106554,17.657862],[83.104705,17.657763],[83.103628,17.656735],[83.100216,17.656991],[83.098526,17.653791],[83.099561,17.652288],[83.097829,17.651854],[83.097107,17.651639],[83.096646,17.650632],[83.097888,17.650279],[83.098134,17.650118],[83.097823,17.649124],[83.096262,17.649379],[83.095845,17.647229]]]}},{"type":"Feature","id":"OSM-way-133956716","properties":{"id":"OSM-way-133956716","tag":"industrial","facilityId":"OSM-way-133956716","name":"Naval Dock Yard","cpcbCategory":null,"source":"OpenStreetMap via Overpass bulk load (© OpenStreetMap contributors, ODbL)","refreshedAt":"2026-09-29T11:06:04.248Z","mappedSince":null,"osmTags":{"landuse":"industrial","name":"Naval Dock Yard"}},"geometry":{"type":"Polygon","coordinates":[[[83.27289,17.71337],[83.271602,17.7157],[83.267397,17.715005],[83.266324,17.714555],[83.265339,17.713615],[83.264567,17.712634],[83.264309,17.712143],[83.267869,17.709936],[83.267762,17.711966],[83.26892,17.712988],[83.271903,17.712798],[83.273683,17.711031],[83.273963,17.710754],[83.273857,17.711458],[83.273717,17.71179],[83.27289,17.71337]]]}},{"type":"Feature","id":"OSM-way-241951867","properties":{"id":"OSM-way-241951867","tag":"industrial","facilityId":"OSM-way-241951867","name":"Vizag Steel Captive Power Plant-I","cpcbCategory":"Red","source":"OpenStreetMap via Overpass bulk load (© OpenStreetMap contributors, ODbL)","refreshedAt":"2026-09-29T11:06:04.248Z","mappedSince":null,"osmTags":{"landuse":"industrial","name:en":"Vizag Steel Captive Power Plant-I","plant:method":"combustion","plant:output:electricity":"yes","plant:source":"coal","power":"plant"}},"geometry":{"type":"Polygon","coordinates":[[[83.194632,17.608511],[83.19852,17.606625],[83.198354,17.606286],[83.199854,17.605573],[83.197354,17.600797],[83.194265,17.602266],[83.193993,17.601726],[83.191743,17.602801],[83.194632,17.608511]]]}},{"type":"Feature","id":"OSM-way-241951906","properties":{"id":"OSM-way-241951906","tag":"industrial","facilityId":"OSM-way-241951906","name":"Simhadri Super Thermal Power Station","cpcbCategory":"Red","source":"OpenStreetMap via Overpass bulk load (© OpenStreetMap contributors, ODbL)","refreshedAt":"2026-09-29T11:06:04.248Z","mappedSince":null,"osmTags":{"landuse":"industrial","name":"Simhadri Super Thermal Power Station","operator":"NTPC","operator:wikidata":"Q1967805","plant:method":"combustion","plant:output:electricity":"2000 MW","plant:source":"coal","power":"plant","wikidata":"Q7517708","wikipedia":"en:Simhadri Super Thermal Power Station"}},"geometry":{"type":"Polygon","coordinates":[[[83.10748,17.585562],[83.096453,17.584886],[83.087691,17.584337],[83.087294,17.587315],[83.086706,17.587414],[83.086475,17.590112],[83.08587,17.590101],[83.085224,17.595233],[83.084809,17.598436],[83.085466,17.598458],[83.085374,17.599458],[83.0847,17.599425],[83.084492,17.600117],[83.083824,17.601244],[83.083011,17.602557],[83.084175,17.603227],[83.084688,17.603343],[83.085634,17.602568],[83.088556,17.602744],[83.091357,17.60237],[83.091974,17.601694],[83.092072,17.600194],[83.092868,17.5997],[83.093023,17.596782],[83.093306,17.596293],[83.093703,17.596007],[83.094136,17.595859],[83.094712,17.59581],[83.096303,17.594277],[83.096649,17.594046],[83.106869,17.594667],[83.107284,17.588584],[83.10748,17.585562]]]}},{"type":"Feature","id":"OSM-way-280178624","properties":{"id":"OSM-way-280178624","tag":"industrial","facilityId":"OSM-way-280178624","name":"Hindustan Petroleum Corporation Limited","cpcbCategory":"Red","source":"OpenStreetMap via Overpass bulk load (© OpenStreetMap contributors, ODbL)","refreshedAt":"2026-09-29T11:06:04.248Z","mappedSince":null,"osmTags":{"addr:city":"visakhapatnam","addr:street":"Malkapuram","industrial":"refinery","landuse":"industrial","name":"Hindustan Petroleum Corporation Limited","wikidata":"Q1619375","wikipedia":"en:Hindustan Petroleum"}},"geometry":{"type":"Polygon","coordinates":[[[83.2516,17.697062],[83.251635,17.698297],[83.240943,17.699974],[83.237041,17.700586],[83.236358,17.697517],[83.235979,17.695514],[83.236122,17.694726],[83.238036,17.693835],[83.239506,17.692168],[83.239573,17.689548],[83.241187,17.689358],[83.241621,17.689343],[83.244191,17.688992],[83.246932,17.68856],[83.251652,17.687903],[83.251957,17.688187],[83.253274,17.696464],[83.249964,17.697161],[83.250004,17.697445],[83.2516,17.697062]]]}},{"type":"Feature","id":"OSM-way-385123914","properties":{"id":"OSM-way-385123914","tag":"industrial","facilityId":"OSM-way-385123914","name":"Vizag Thermal Power Station","cpcbCategory":"Red","source":"OpenStreetMap via Overpass bulk load (© OpenStreetMap contributors, ODbL)","refreshedAt":"2026-09-29T11:06:04.248Z","mappedSince":null,"osmTags":{"landuse":"industrial","name":"Vizag Thermal Power Station","operator":"Hinduja National Power Company Limited","plant:method":"combustion","plant:output:electricity":"1040 MW","plant:source":"coal","power":"plant","source":"https://www.gem.wiki/Vizag_Thermal_Power_Plant","wikidata":"Q24944034"}},"geometry":{"type":"Polygon","coordinates":[[[83.131657,17.55728],[83.129023,17.562938],[83.135338,17.565189],[83.136053,17.565351],[83.14215,17.56769],[83.143201,17.565832],[83.145795,17.568394],[83.148087,17.567773],[83.149018,17.569414],[83.148366,17.570157],[83.148448,17.570856],[83.150053,17.57049],[83.149145,17.563796],[83.148211,17.561904],[83.145583,17.561065],[83.141935,17.560594],[83.140186,17.559735],[83.13583,17.558518],[83.131657,17.55728]]]}},{"type":"Feature","id":"OSM-way-385123922","properties":{"id":"OSM-way-385123922","tag":"industrial","facilityId":"OSM-way-385123922","name":"Vizag Steel Captive Power Plant-II","cpcbCategory":"Red","source":"OpenStreetMap via Overpass bulk load (© OpenStreetMap contributors, ODbL)","refreshedAt":"2026-09-29T11:06:04.248Z","mappedSince":null,"osmTags":{"landuse":"industrial","name:en":"Vizag Steel Captive Power Plant-II","plant:method":"combustion","plant:output:electricity":"120 MW","plant:source":"gas","power":"plant","source":"https://www.vizagsteel.com/code/press/pressrelfiles/902New%20Captive%20Power%20Plant%20of%20VSP.pdf"}},"geometry":{"type":"Polygon","coordinates":[[[83.16363,17.61616],[83.165594,17.615206],[83.1677,17.619145],[83.165736,17.620099],[83.16363,17.61616]]]}},{"type":"Feature","id":"OSM-way-395219953","properties":{"id":"OSM-way-395219953","tag":"industrial","facilityId":"OSM-way-395219953","name":"Visakhapatnam Steel Plant","cpcbCategory":"Red","source":"OpenStreetMap via Overpass bulk load (© OpenStreetMap contributors, ODbL)","refreshedAt":"2026-09-29T11:06:04.248Z","mappedSince":null,"osmTags":{"addr:city":"Visakhapatnam","addr:postcode":"530031","alt_name":"Vizag Steel","industrial":"steelmaking","landuse":"industrial","name":"Visakhapatnam Steel Plant","name:en":"Visakhapatnam Steel Plant","name:hi":"विशाखापट्टनम इस्पात कारखाना","name:te":"విశాఖ స్టీల్ ప్లాంట్","operator":"Rashtriya Ispat Nigam Limited (RINL)","source":"website;wikipedia","website":"https://www.vizagsteel.com/index.asp","wikidata":"Q3633022","wikipedia":"en:Visakhapatnam Steel Plant"}},"geometry":{"type":"Polygon","coordinates":[[[83.223483,17.619098],[83.230487,17.615667],[83.227255,17.609275],[83.210549,17.611322],[83.197106,17.586036],[83.193862,17.587586],[83.191105,17.586599],[83.189297,17.587453],[83.189303,17.588665],[83.18632,17.590128],[83.173386,17.5772],[83.173183,17.5772],[83.171662,17.575622],[83.171571,17.57562],[83.171155,17.576019],[83.171058,17.580478],[83.169036,17.580473],[83.167512,17.578862],[83.166595,17.578627],[83.165935,17.578325],[83.159804,17.581358],[83.161032,17.586397],[83.160289,17.587538],[83.160742,17.592066],[83.16512,17.600452],[83.157277,17.604169],[83.165736,17.620099],[83.166745,17.622018],[83.167754,17.624099],[83.167153,17.624385],[83.166997,17.624685],[83.167094,17.624894],[83.170728,17.631722],[83.171541,17.633212],[83.175843,17.641451],[83.18205,17.658126],[83.181771,17.661985],[83.18293,17.662041],[83.1836,17.658632],[83.184582,17.657569],[83.185355,17.6558],[83.186202,17.646839],[83.191025,17.644508],[83.191094,17.644344],[83.191261,17.644272],[83.191223,17.644104],[83.191781,17.643209],[83.192151,17.643015],[83.191904,17.642437],[83.193283,17.641783],[83.192038,17.639646],[83.19074,17.6371],[83.191695,17.635352],[83.19279,17.636078],[83.192945,17.635858],[83.193278,17.635751],[83.193213,17.635618],[83.195702,17.632484],[83.223483,17.619098]]]}},{"type":"Feature","id":"OSM-way-397989480","properties":{"id":"OSM-way-397989480","tag":"industrial","facilityId":"OSM-way-397989480","name":"Visakhapatnam Refinery","cpcbCategory":"Red","source":"OpenStreetMap via Overpass bulk load (© OpenStreetMap contributors, ODbL)","refreshedAt":"2026-09-29T11:06:04.248Z","mappedSince":null,"osmTags":{"industrial":"refinery","landuse":"industrial","name":"Visakhapatnam Refinery","refinery":"oil","wikidata":"Q7935585"}},"geometry":{"type":"Polygon","coordinates":[[[83.238162,17.704947],[83.237727,17.704931],[83.232132,17.704723],[83.232229,17.707656],[83.232561,17.70784],[83.232776,17.708443],[83.23979,17.710307],[83.242684,17.711035],[83.243197,17.709574],[83.245504,17.7094],[83.247513,17.707803],[83.2462,17.700496],[83.237454,17.701769],[83.238162,17.704947]]]}},{"type":"Feature","id":"OSM-way-397989481","properties":{"id":"OSM-way-397989481","tag":"industrial","facilityId":null,"name":null,"cpcbCategory":null,"source":"OpenStreetMap via Overpass bulk load (© OpenStreetMap contributors, ODbL)","refreshedAt":"2026-09-29T11:06:04.248Z","mappedSince":null,"osmTags":{"landuse":"industrial"}},"geometry":{"type":"Polygon","coordinates":[[[83.25802,17.716898],[83.259585,17.719332],[83.260766,17.718646],[83.261306,17.719361],[83.265714,17.716808],[83.263446,17.713412],[83.262864,17.713787],[83.263191,17.714271],[83.259833,17.716315],[83.259557,17.715914],[83.25802,17.716898]]]}},{"type":"Feature","id":"OSM-way-397989482","properties":{"id":"OSM-way-397989482","tag":"industrial","facilityId":null,"name":null,"cpcbCategory":null,"source":"OpenStreetMap via Overpass bulk load (© OpenStreetMap contributors, ODbL)","refreshedAt":"2026-09-29T11:06:04.248Z","mappedSince":null,"osmTags":{"landuse":"industrial"}},"geometry":{"type":"Polygon","coordinates":[[[83.252992,17.704379],[83.253833,17.703652],[83.257772,17.704247],[83.25819,17.704475],[83.25933,17.705983],[83.259428,17.706549],[83.259333,17.707069],[83.259116,17.707552],[83.258563,17.707992],[83.257669,17.708413],[83.256617,17.708661],[83.252992,17.704379]]]}},{"type":"Feature","id":"OSM-way-397989483","properties":{"id":"OSM-way-397989483","tag":"industrial","facilityId":"OSM-way-397989483","name":"Hindusthan Petroleum Corporation Limited","cpcbCategory":null,"source":"OpenStreetMap via Overpass bulk load (© OpenStreetMap contributors, ODbL)","refreshedAt":"2026-09-29T11:06:04.248Z","mappedSince":null,"osmTags":{"description":"oil refeinery","landuse":"industrial","name":"Hindusthan Petroleum Corporation Limited"}},"geometry":{"type":"Polygon","coordinates":[[[83.245503,17.717872],[83.250421,17.71746],[83.250971,17.717516],[83.251017,17.717423],[83.251518,17.717333],[83.252288,17.715619],[83.252974,17.715409],[83.253216,17.714702],[83.252344,17.714768],[83.251185,17.714955],[83.247753,17.715695],[83.246822,17.715779],[83.245869,17.715756],[83.245183,17.715675],[83.244297,17.715515],[83.244146,17.715599],[83.243964,17.715599],[83.24404,17.716492],[83.245434,17.716723],[83.245503,17.717872]]]}},{"type":"Feature","id":"OSM-way-397989484","properties":{"id":"OSM-way-397989484","tag":"industrial","facilityId":null,"name":null,"cpcbCategory":null,"source":"OpenStreetMap via Overpass bulk load (© OpenStreetMap contributors, ODbL)","refreshedAt":"2026-09-29T11:06:04.248Z","mappedSince":null,"osmTags":{"landuse":"industrial"}},"geometry":{"type":"Polygon","coordinates":[[[83.235388,17.712832],[83.235248,17.713045],[83.237195,17.716114],[83.237651,17.716708],[83.238701,17.717535],[83.239766,17.718049],[83.2409,17.718302],[83.24172,17.718342],[83.242889,17.718216],[83.243075,17.718076],[83.245503,17.717872],[83.245434,17.716723],[83.24404,17.716492],[83.243964,17.715599],[83.243809,17.715548],[83.243779,17.715416],[83.240214,17.714637],[83.238555,17.714288],[83.236316,17.71334],[83.236247,17.713269],[83.235388,17.712832]]]}},{"type":"Feature","id":"OSM-way-397989485","properties":{"id":"OSM-way-397989485","tag":"industrial","facilityId":null,"name":null,"cpcbCategory":null,"source":"OpenStreetMap via Overpass bulk load (© OpenStreetMap contributors, ODbL)","refreshedAt":"2026-09-29T11:06:04.248Z","mappedSince":null,"osmTags":{"landuse":"industrial"}},"geometry":{"type":"Polygon","coordinates":[[[83.252679,17.704703],[83.25574,17.708258],[83.251457,17.709018],[83.249738,17.706997],[83.252679,17.704703]]]}},{"type":"Feature","id":"OSM-way-397989487","properties":{"id":"OSM-way-397989487","tag":"industrial","facilityId":null,"name":null,"cpcbCategory":null,"source":"OpenStreetMap via Overpass bulk load (© OpenStreetMap contributors, ODbL)","refreshedAt":"2026-09-29T11:06:04.248Z","mappedSince":null,"osmTags":{"landuse":"industrial"}},"geometry":{"type":"Polygon","coordinates":[[[83.2462,17.700496],[83.248806,17.700098],[83.252329,17.70429],[83.247513,17.707803],[83.2462,17.700496]]]}},{"type":"Feature","id":"OSM-way-397989488","properties":{"id":"OSM-way-397989488","tag":"industrial","facilityId":null,"name":null,"cpcbCategory":null,"source":"OpenStreetMap via Overpass bulk load (© OpenStreetMap contributors, ODbL)","refreshedAt":"2026-09-29T11:06:04.248Z","mappedSince":null,"osmTags":{"landuse":"industrial"}},"geometry":{"type":"Polygon","coordinates":[[[83.238339,17.711269],[83.242368,17.712317],[83.242684,17.712051],[83.242925,17.712015],[83.242949,17.712486],[83.242894,17.713326],[83.238121,17.712],[83.238339,17.711269]]]}},{"type":"Feature","id":"OSM-way-397989489","properties":{"id":"OSM-way-397989489","tag":"industrial","facilityId":null,"name":null,"cpcbCategory":null,"source":"OpenStreetMap via Overpass bulk load (© OpenStreetMap contributors, ODbL)","refreshedAt":"2026-09-29T11:06:04.248Z","mappedSince":null,"osmTags":{"landuse":"industrial"}},"geometry":{"type":"Polygon","coordinates":[[[83.235393,17.710486],[83.235175,17.71126],[83.237586,17.71191],[83.237804,17.711109],[83.235393,17.710486]]]}},{"type":"Feature","id":"OSM-way-397989490","properties":{"id":"OSM-way-397989490","tag":"industrial","facilityId":null,"name":null,"cpcbCategory":null,"source":"OpenStreetMap via Overpass bulk load (© OpenStreetMap contributors, ODbL)","refreshedAt":"2026-09-29T11:06:04.248Z","mappedSince":null,"osmTags":{"landuse":"industrial"}},"geometry":{"type":"Polygon","coordinates":[[[83.245375,17.71342],[83.244953,17.711458],[83.252735,17.709941],[83.253075,17.711527],[83.25325,17.712339],[83.249726,17.713026],[83.249632,17.71259],[83.245375,17.71342]]]}},{"type":"Feature","id":"OSM-way-402901440","properties":{"id":"OSM-way-402901440","tag":"industrial","facilityId":null,"name":null,"cpcbCategory":null,"source":"OpenStreetMap via Overpass bulk load (© OpenStreetMap contributors, ODbL)","refreshedAt":"2026-09-29T11:06:04.248Z","mappedSince":null,"osmTags":{"landuse":"industrial"}},"geometry":{"type":"Polygon","coordinates":[[[83.222216,17.708394],[83.222087,17.709519],[83.230477,17.710244],[83.230595,17.70958],[83.229705,17.709151],[83.222216,17.708394]]]}},{"type":"Feature","id":"OSM-way-402901441","properties":{"id":"OSM-way-402901441","tag":"industrial","facilityId":"OSM-way-402901441","name":"GAIL (INDIA) LIMITED VSPL","cpcbCategory":null,"source":"OpenStreetMap via Overpass bulk load (© OpenStreetMap contributors, ODbL)","refreshedAt":"2026-09-29T11:06:04.248Z","mappedSince":null,"osmTags":{"addr:street":"SHEELANAGAR","landuse":"industrial","name":"GAIL (INDIA) LIMITED VSPL"}},"geometry":{"type":"Polygon","coordinates":[[[83.208311,17.713801],[83.210457,17.715109],[83.208193,17.718236],[83.207593,17.718747],[83.207142,17.718809],[83.205651,17.71888],[83.206155,17.716428],[83.208311,17.713801]]]}},{"type":"Feature","id":"OSM-way-402901614","properties":{"id":"OSM-way-402901614","tag":"industrial","facilityId":null,"name":null,"cpcbCategory":null,"source":"OpenStreetMap via Overpass bulk load (© OpenStreetMap contributors, ODbL)","refreshedAt":"2026-09-29T11:06:04.248Z","mappedSince":null,"osmTags":{"landuse":"industrial"}},"geometry":{"type":"Polygon","coordinates":[[[83.277081,17.716941],[83.276721,17.716732],[83.274297,17.716537],[83.272596,17.716604],[83.271673,17.716542],[83.271056,17.721893],[83.272795,17.723088],[83.275895,17.72339],[83.276861,17.722107],[83.277392,17.716951],[83.277081,17.716941]]]}},{"type":"Feature","id":"OSM-way-521013580","properties":{"id":"OSM-way-521013580","tag":"industrial","facilityId":"OSM-way-521013580","name":"Brick Factory","cpcbCategory":"Red","source":"OpenStreetMap via Overpass bulk load (© OpenStreetMap contributors, ODbL)","refreshedAt":"2026-09-29T11:06:04.248Z","mappedSince":null,"osmTags":{"landuse":"industrial","name":"Brick Factory"}},"geometry":{"type":"Polygon","coordinates":[[[83.138876,17.689338],[83.138583,17.688575],[83.138843,17.688451],[83.139116,17.688389],[83.139331,17.688269],[83.139531,17.688118],[83.1396,17.688118],[83.139628,17.68835],[83.139754,17.688308],[83.139787,17.688172],[83.139872,17.68811],[83.140018,17.688114],[83.140283,17.688331],[83.140494,17.688536],[83.140661,17.688749],[83.140262,17.688881],[83.139652,17.689094],[83.139095,17.689264],[83.138876,17.689338]]]}},{"type":"Feature","id":"OSM-way-544537915","properties":{"id":"OSM-way-544537915","tag":"industrial","facilityId":"OSM-way-544537915","name":"vishaka dairy","cpcbCategory":null,"source":"OpenStreetMap via Overpass bulk load (© OpenStreetMap contributors, ODbL)","refreshedAt":"2026-09-29T11:06:04.248Z","mappedSince":null,"osmTags":{"landuse":"industrial","name":"vishaka dairy"}},"geometry":{"type":"Polygon","coordinates":[[[83.206048,17.704972],[83.20715,17.704949],[83.207613,17.704921],[83.207719,17.704949],[83.209203,17.70515],[83.209396,17.705291],[83.206446,17.707517],[83.205699,17.707719],[83.205822,17.707098],[83.206022,17.706096],[83.206022,17.705885],[83.206048,17.704972]]]}},{"type":"Feature","id":"OSM-way-546113957","properties":{"id":"OSM-way-546113957","tag":"industrial","facilityId":null,"name":null,"cpcbCategory":null,"source":"OpenStreetMap via Overpass bulk load (© OpenStreetMap contributors, ODbL)","refreshedAt":"2026-09-29T11:06:04.248Z","mappedSince":null,"osmTags":{"landuse":"industrial"}},"geometry":{"type":"Polygon","coordinates":[[[83.215106,17.710829],[83.216479,17.711759],[83.218201,17.71018],[83.216452,17.709031],[83.215106,17.710829]]]}},{"type":"Feature","id":"OSM-way-546113958","properties":{"id":"OSM-way-546113958","tag":"industrial","facilityId":null,"name":null,"cpcbCategory":null,"source":"OpenStreetMap via Overpass bulk load (© OpenStreetMap contributors, ODbL)","refreshedAt":"2026-09-29T11:06:04.248Z","mappedSince":null,"osmTags":{"landuse":"industrial"}},"geometry":{"type":"Polygon","coordinates":[[[83.205542,17.70475],[83.205321,17.702423],[83.195246,17.705118],[83.195182,17.706281],[83.19471,17.708269],[83.195214,17.710237],[83.197671,17.709935],[83.20509,17.708019],[83.205514,17.705341],[83.205542,17.70475]]]}},{"type":"Feature","id":"OSM-way-560728097","properties":{"id":"OSM-way-560728097","tag":"industrial","facilityId":"OSM-way-560728097","name":"Hindustan Shipyard limited","cpcbCategory":null,"source":"OpenStreetMap via Overpass bulk load (© OpenStreetMap contributors, ODbL)","refreshedAt":"2026-09-29T11:06:04.248Z","mappedSince":null,"osmTags":{"addr:city":"visakhapatnam","addr:street":"scindia","description":"Hindustan Shipbuilding Limited","landuse":"industrial","name":"Hindustan Shipyard limited","wikidata":"Q3523533"}},"geometry":{"type":"Polygon","coordinates":[[[83.274598,17.693498],[83.278703,17.69248],[83.27855,17.692021],[83.278902,17.691504],[83.278813,17.691435],[83.278976,17.691224],[83.279084,17.691287],[83.279127,17.691218],[83.279021,17.691158],[83.279203,17.690929],[83.27931,17.691001],[83.279358,17.690935],[83.279307,17.690894],[83.279465,17.690682],[83.279741,17.690835],[83.279921,17.690599],[83.280168,17.690284],[83.280656,17.689649],[83.280535,17.689549],[83.280806,17.689148],[83.280771,17.689095],[83.279342,17.689291],[83.279248,17.68921],[83.279167,17.688637],[83.281249,17.688348],[83.28123,17.688215],[83.281002,17.688236],[83.280948,17.687855],[83.281176,17.687832],[83.281174,17.687748],[83.281616,17.687689],[83.281627,17.687771],[83.281713,17.687758],[83.281697,17.687656],[83.282029,17.687602],[83.282043,17.68771],[83.282129,17.687697],[83.282115,17.687589],[83.282448,17.687543],[83.282464,17.687648],[83.283792,17.687462],[83.283867,17.687182],[83.278405,17.686842],[83.277173,17.686782],[83.275572,17.68618],[83.274823,17.686039],[83.274021,17.685951],[83.27396,17.68595],[83.273791,17.686038],[83.27343,17.68657],[83.273756,17.688351],[83.273693,17.688738],[83.274345,17.692818],[83.274598,17.693498]]]}},{"type":"Feature","id":"OSM-way-631206293","properties":{"id":"OSM-way-631206293","tag":"forest","facilityId":null,"name":null,"cpcbCategory":null,"source":"OpenStreetMap via Overpass bulk load (© OpenStreetMap contributors, ODbL)","refreshedAt":"2026-09-29T11:06:04.248Z","mappedSince":null,"osmTags":{"natural":"wood"}},"geometry":{"type":"Polygon","coordinates":[[[83.266379,17.702081],[83.266974,17.702505],[83.267682,17.70273],[83.268535,17.702709],[83.269469,17.702735],[83.270171,17.702699],[83.270804,17.702426],[83.271268,17.702047],[83.271469,17.701805],[83.271561,17.701582],[83.271531,17.701248],[83.271437,17.700997],[83.271311,17.700982],[83.27103,17.700742],[83.270732,17.700522],[83.270539,17.700435],[83.270348,17.700287],[83.27004,17.700223],[83.269629,17.700205],[83.269098,17.700121],[83.268345,17.699883],[83.26765,17.699732],[83.266818,17.699755],[83.266035,17.699799],[83.265754,17.699607],[83.264869,17.699763],[83.264429,17.699919],[83.264225,17.700438],[83.264155,17.700683],[83.263836,17.700714],[83.263603,17.701138],[83.263983,17.70125],[83.263863,17.702083],[83.26426,17.702152],[83.264415,17.701283],[83.265526,17.701439],[83.265856,17.701799],[83.266379,17.702081]]]}},{"type":"Feature","id":"OSM-way-654136477","properties":{"id":"OSM-way-654136477","tag":"industrial","facilityId":"OSM-way-654136477","name":"industrial building","cpcbCategory":null,"source":"OpenStreetMap via Overpass bulk load (© OpenStreetMap contributors, ODbL)","refreshedAt":"2026-09-29T11:06:04.248Z","mappedSince":null,"osmTags":{"landuse":"industrial","name":"industrial building"}},"geometry":{"type":"Polygon","coordinates":[[[83.28441,17.682165],[83.286893,17.681779],[83.286718,17.680695],[83.286981,17.679048],[83.287003,17.678652],[83.286762,17.678391],[83.28639,17.678162],[83.286138,17.678037],[83.285887,17.678068],[83.285745,17.67811],[83.285569,17.678089],[83.285427,17.67812],[83.285274,17.678078],[83.285077,17.678026],[83.284913,17.678005],[83.284672,17.678005],[83.284388,17.677964],[83.284158,17.677933],[83.283961,17.677901],[83.28371,17.677797],[83.283447,17.677776],[83.283381,17.67786],[83.283174,17.678662],[83.283841,17.678871],[83.284246,17.679089],[83.284268,17.679204],[83.284005,17.679642],[83.283611,17.679642],[83.283349,17.679663],[83.283141,17.679757],[83.282966,17.679819],[83.28232,17.679913],[83.282265,17.680445],[83.284497,17.680726],[83.284333,17.681279],[83.28441,17.682165]]]}},{"type":"Feature","id":"OSM-way-661901430","properties":{"id":"OSM-way-661901430","tag":"industrial","facilityId":null,"name":null,"cpcbCategory":null,"source":"OpenStreetMap via Overpass bulk load (© OpenStreetMap contributors, ODbL)","refreshedAt":"2026-09-29T11:06:04.248Z","mappedSince":null,"osmTags":{"man_made":"works"}},"geometry":{"type":"Polygon","coordinates":[[[83.101246,17.659001],[83.104041,17.658852],[83.103909,17.657091],[83.103322,17.657142],[83.103327,17.657285],[83.103053,17.657296],[83.10287,17.657303],[83.101181,17.657369],[83.101246,17.659001]]]}},{"type":"Feature","id":"OSM-way-661901432","properties":{"id":"OSM-way-661901432","tag":"industrial","facilityId":null,"name":null,"cpcbCategory":null,"source":"OpenStreetMap via Overpass bulk load (© OpenStreetMap contributors, ODbL)","refreshedAt":"2026-09-29T11:06:04.248Z","mappedSince":null,"osmTags":{"man_made":"works"}},"geometry":{"type":"Polygon","coordinates":[[[83.100981,17.666288],[83.100502,17.661192],[83.103675,17.660922],[83.104154,17.666017],[83.100981,17.666288]]]}},{"type":"Feature","id":"OSM-way-755276833","properties":{"id":"OSM-way-755276833","tag":"industrial","facilityId":null,"name":null,"cpcbCategory":null,"source":"OpenStreetMap via Overpass bulk load (© OpenStreetMap contributors, ODbL)","refreshedAt":"2026-09-29T11:06:04.248Z","mappedSince":null,"osmTags":{"landuse":"industrial"}},"geometry":{"type":"Polygon","coordinates":[[[83.151329,17.688822],[83.150407,17.687821],[83.148706,17.689241],[83.14902,17.689582],[83.148573,17.689955],[83.149112,17.690541],[83.149577,17.690153],[83.149646,17.690228],[83.151329,17.688822]]]}},{"type":"Feature","id":"OSM-way-755276838","properties":{"id":"OSM-way-755276838","tag":"industrial","facilityId":null,"name":null,"cpcbCategory":null,"source":"OpenStreetMap via Overpass bulk load (© OpenStreetMap contributors, ODbL)","refreshedAt":"2026-09-29T11:06:04.248Z","mappedSince":null,"osmTags":{"landuse":"industrial"}},"geometry":{"type":"Polygon","coordinates":[[[83.109398,17.564217],[83.110042,17.564388],[83.110328,17.564538],[83.110722,17.567619],[83.11022,17.567734],[83.109866,17.568153],[83.109386,17.56892],[83.108831,17.568964],[83.108842,17.566601],[83.109398,17.564217]]]}},{"type":"Feature","id":"OSM-way-755276843","properties":{"id":"OSM-way-755276843","tag":"industrial","facilityId":null,"name":null,"cpcbCategory":null,"source":"OpenStreetMap via Overpass bulk load (© OpenStreetMap contributors, ODbL)","refreshedAt":"2026-09-29T11:06:04.248Z","mappedSince":null,"osmTags":{"man_made":"works"}},"geometry":{"type":"Polygon","coordinates":[[[83.101017,17.672593],[83.100879,17.671037],[83.104138,17.670774],[83.10428,17.672373],[83.101017,17.672593]]]}},{"type":"Feature","id":"OSM-way-796425325","properties":{"id":"OSM-way-796425325","tag":"industrial","facilityId":"OSM-way-796425325","name":"Andhra Pradesh Medtech Zone","cpcbCategory":null,"source":"OpenStreetMap via Overpass bulk load (© OpenStreetMap contributors, ODbL)","refreshedAt":"2026-09-29T11:06:04.248Z","mappedSince":null,"osmTags":{"area":"yes","description":"Manufacturing park","email":"info@amtz.in","landuse":"industrial","name":"Andhra Pradesh Medtech Zone","phone":"+91 8885092122","source":"website","website":"https://www.amtz.in","wikidata":"Q29025877","wikipedia":"en:Andhra Pradesh Medtech Zone"}},"geometry":{"type":"Polygon","coordinates":[[[83.157142,17.633844],[83.158769,17.633748],[83.159453,17.632129],[83.162938,17.630114],[83.161307,17.623539],[83.157897,17.62509],[83.156782,17.624102],[83.154706,17.625104],[83.153882,17.624338],[83.154971,17.623711],[83.153629,17.621783],[83.153793,17.621549],[83.153656,17.62043],[83.150764,17.617867],[83.149086,17.61882],[83.152814,17.625638],[83.157142,17.633844]]]}},{"type":"Feature","id":"OSM-way-801380978","properties":{"id":"OSM-way-801380978","tag":"industrial","facilityId":null,"name":null,"cpcbCategory":null,"source":"OpenStreetMap via Overpass bulk load (© OpenStreetMap contributors, ODbL)","refreshedAt":"2026-09-29T11:06:04.248Z","mappedSince":null,"osmTags":{"man_made":"works"}},"geometry":{"type":"Polygon","coordinates":[[[83.197354,17.600797],[83.196633,17.599488],[83.202108,17.596835],[83.211155,17.6138],[83.205931,17.616331],[83.200124,17.605443],[83.199854,17.605573],[83.197354,17.600797]]]}},{"type":"Feature","id":"OSM-way-801380979","properties":{"id":"OSM-way-801380979","tag":"industrial","facilityId":null,"name":null,"cpcbCategory":null,"source":"OpenStreetMap via Overpass bulk load (© OpenStreetMap contributors, ODbL)","refreshedAt":"2026-09-29T11:06:04.248Z","mappedSince":null,"osmTags":{"plant:source":"coal","power":"plant"}},"geometry":{"type":"Polygon","coordinates":[[[83.19241,17.601213],[83.194345,17.600286],[83.192391,17.596579],[83.190456,17.597506],[83.19241,17.601213]]]}},{"type":"Feature","id":"OSM-way-801381009","properties":{"id":"OSM-way-801381009","tag":"industrial","facilityId":null,"name":null,"cpcbCategory":null,"source":"OpenStreetMap via Overpass bulk load (© OpenStreetMap contributors, ODbL)","refreshedAt":"2026-09-29T11:06:04.248Z","mappedSince":null,"osmTags":{"landuse":"industrial"}},"geometry":{"type":"Polygon","coordinates":[[[83.169063,17.708443],[83.170195,17.708423],[83.169921,17.705729],[83.168795,17.705734],[83.169063,17.708443]]]}},{"type":"Feature","id":"OSM-way-801381011","properties":{"id":"OSM-way-801381011","tag":"industrial","facilityId":null,"name":null,"cpcbCategory":null,"source":"OpenStreetMap via Overpass bulk load (© OpenStreetMap contributors, ODbL)","refreshedAt":"2026-09-29T11:06:04.248Z","mappedSince":null,"osmTags":{"landuse":"industrial"}},"geometry":{"type":"Polygon","coordinates":[[[83.171492,17.69918],[83.171533,17.70021],[83.1705,17.70055],[83.170498,17.700494],[83.169902,17.700709],[83.169741,17.700862],[83.169596,17.700632],[83.169095,17.700944],[83.168617,17.699318],[83.170649,17.699221],[83.171049,17.699201],[83.171492,17.69918]]]}},{"type":"Feature","id":"OSM-way-801381012","properties":{"id":"OSM-way-801381012","tag":"industrial","facilityId":null,"name":null,"cpcbCategory":null,"source":"OpenStreetMap via Overpass bulk load (© OpenStreetMap contributors, ODbL)","refreshedAt":"2026-09-29T11:06:04.248Z","mappedSince":null,"osmTags":{"landuse":"industrial"}},"geometry":{"type":"Polygon","coordinates":[[[83.176334,17.698379],[83.176764,17.699393],[83.175713,17.699797],[83.175284,17.698782],[83.176334,17.698379]]]}},{"type":"Feature","id":"OSM-way-801381014","properties":{"id":"OSM-way-801381014","tag":"industrial","facilityId":null,"name":null,"cpcbCategory":null,"source":"OpenStreetMap via Overpass bulk load (© OpenStreetMap contributors, ODbL)","refreshedAt":"2026-09-29T11:06:04.248Z","mappedSince":null,"osmTags":{"landuse":"industrial"}},"geometry":{"type":"Polygon","coordinates":[[[83.176558,17.695974],[83.17735,17.697839],[83.175732,17.698462],[83.174941,17.696597],[83.176558,17.695974]]]}},{"type":"Feature","id":"OSM-way-801381015","properties":{"id":"OSM-way-801381015","tag":"industrial","facilityId":null,"name":null,"cpcbCategory":null,"source":"OpenStreetMap via Overpass bulk load (© OpenStreetMap contributors, ODbL)","refreshedAt":"2026-09-29T11:06:04.248Z","mappedSince":null,"osmTags":{"landuse":"industrial"}},"geometry":{"type":"Polygon","coordinates":[[[83.177059,17.696828],[83.176675,17.69592],[83.178338,17.69528],[83.178723,17.696188],[83.177059,17.696828]]]}},{"type":"Feature","id":"OSM-way-801381016","properties":{"id":"OSM-way-801381016","tag":"industrial","facilityId":null,"name":null,"cpcbCategory":null,"source":"OpenStreetMap via Overpass bulk load (© OpenStreetMap contributors, ODbL)","refreshedAt":"2026-09-29T11:06:04.248Z","mappedSince":null,"osmTags":{"landuse":"industrial"}},"geometry":{"type":"Polygon","coordinates":[[[83.178723,17.696188],[83.179121,17.69714],[83.177464,17.697789],[83.177059,17.696828],[83.178723,17.696188]]]}},{"type":"Feature","id":"OSM-way-801381017","properties":{"id":"OSM-way-801381017","tag":"industrial","facilityId":null,"name":null,"cpcbCategory":null,"source":"OpenStreetMap via Overpass bulk load (© OpenStreetMap contributors, ODbL)","refreshedAt":"2026-09-29T11:06:04.248Z","mappedSince":null,"osmTags":{"landuse":"industrial"}},"geometry":{"type":"Polygon","coordinates":[[[83.155917,17.705517],[83.156721,17.705811],[83.156215,17.70711],[83.155076,17.706708],[83.155917,17.705517]]]}},{"type":"Feature","id":"OSM-way-801381021","properties":{"id":"OSM-way-801381021","tag":"industrial","facilityId":null,"name":null,"cpcbCategory":null,"source":"OpenStreetMap via Overpass bulk load (© OpenStreetMap contributors, ODbL)","refreshedAt":"2026-09-29T11:06:04.248Z","mappedSince":null,"osmTags":{"landuse":"industrial"}},"geometry":{"type":"Polygon","coordinates":[[[83.160914,17.710027],[83.163081,17.708576],[83.16292,17.708269],[83.162486,17.708177],[83.162143,17.708147],[83.161574,17.707973],[83.161359,17.708004],[83.159943,17.708985],[83.160914,17.710027]]]}},{"type":"Feature","id":"OSM-way-801381022","properties":{"id":"OSM-way-801381022","tag":"industrial","facilityId":null,"name":null,"cpcbCategory":null,"source":"OpenStreetMap via Overpass bulk load (© OpenStreetMap contributors, ODbL)","refreshedAt":"2026-09-29T11:06:04.248Z","mappedSince":null,"osmTags":{"landuse":"industrial"}},"geometry":{"type":"Polygon","coordinates":[[[83.160946,17.712071],[83.161869,17.711453],[83.159654,17.708974],[83.159003,17.709396],[83.158908,17.70946],[83.160946,17.712071]]]}},{"type":"Feature","id":"OSM-way-801381023","properties":{"id":"OSM-way-801381023","tag":"industrial","facilityId":null,"name":null,"cpcbCategory":null,"source":"OpenStreetMap via Overpass bulk load (© OpenStreetMap contributors, ODbL)","refreshedAt":"2026-09-29T11:06:04.248Z","mappedSince":null,"osmTags":{"landuse":"industrial"}},"geometry":{"type":"Polygon","coordinates":[[[83.166759,17.715553],[83.165612,17.71634],[83.164552,17.714937],[83.165464,17.714311],[83.166338,17.71537],[83.166539,17.715303],[83.166759,17.715553]]]}},{"type":"Feature","id":"OSM-way-801381024","properties":{"id":"OSM-way-801381024","tag":"industrial","facilityId":null,"name":null,"cpcbCategory":null,"source":"OpenStreetMap via Overpass bulk load (© OpenStreetMap contributors, ODbL)","refreshedAt":"2026-09-29T11:06:04.248Z","mappedSince":null,"osmTags":{"landuse":"industrial"}},"geometry":{"type":"Polygon","coordinates":[[[83.168773,17.71747],[83.168325,17.71704],[83.167601,17.717522],[83.16796,17.718011],[83.168773,17.71747]]]}},{"type":"Feature","id":"OSM-way-801381025","properties":{"id":"OSM-way-801381025","tag":"industrial","facilityId":null,"name":null,"cpcbCategory":null,"source":"OpenStreetMap via Overpass bulk load (© OpenStreetMap contributors, ODbL)","refreshedAt":"2026-09-29T11:06:04.248Z","mappedSince":null,"osmTags":{"landuse":"industrial"}},"geometry":{"type":"Polygon","coordinates":[[[83.170329,17.722669],[83.172609,17.721162],[83.171139,17.719583],[83.170259,17.719],[83.169851,17.718546],[83.168151,17.719695],[83.170329,17.722669]]]}},{"type":"Feature","id":"OSM-way-801697165","properties":{"id":"OSM-way-801697165","tag":"industrial","facilityId":null,"name":null,"cpcbCategory":null,"source":"OpenStreetMap via Overpass bulk load (© OpenStreetMap contributors, ODbL)","refreshedAt":"2026-09-29T11:06:04.248Z","mappedSince":null,"osmTags":{"man_made":"works"}},"geometry":{"type":"Polygon","coordinates":[[[83.169921,17.705729],[83.172201,17.705689],[83.172279,17.705775],[83.171793,17.707104],[83.171715,17.707454],[83.171852,17.70805],[83.171327,17.707975],[83.171069,17.708085],[83.170846,17.708011],[83.170195,17.708423],[83.169921,17.705729]]]}},{"type":"Feature","id":"OSM-way-829760613","properties":{"id":"OSM-way-829760613","tag":"industrial","facilityId":null,"name":null,"cpcbCategory":null,"source":"OpenStreetMap via Overpass bulk load (© OpenStreetMap contributors, ODbL)","refreshedAt":"2026-09-29T11:06:04.248Z","mappedSince":null,"osmTags":{"barrier":"wall","landuse":"industrial"}},"geometry":{"type":"Polygon","coordinates":[[[83.178714,17.691945],[83.178316,17.690947],[83.179,17.690692],[83.17959,17.691624],[83.178714,17.691945]]]}},{"type":"Feature","id":"OSM-way-1007116601","properties":{"id":"OSM-way-1007116601","tag":"industrial","facilityId":null,"name":null,"cpcbCategory":null,"source":"OpenStreetMap via Overpass bulk load (© OpenStreetMap contributors, ODbL)","refreshedAt":"2026-09-29T11:06:04.248Z","mappedSince":null,"osmTags":{"barrier":"wall","description":"51730","landuse":"industrial","plant:method":"photovoltaic","plant:output:electricity":"yes","plant:source":"solar","plant:type":"solar_photovoltaic_panel","power":"plant"}},"geometry":{"type":"Polygon","coordinates":[[[83.182374,17.667679],[83.182514,17.665154],[83.18268,17.664776],[83.182951,17.664295],[83.183364,17.663856],[83.183745,17.663654],[83.184123,17.663411],[83.183987,17.666222],[83.183909,17.668134],[83.183726,17.66808],[83.182374,17.667679]]]}},{"type":"Feature","id":"OSM-way-1067998751","properties":{"id":"OSM-way-1067998751","tag":"industrial","facilityId":"OSM-way-1067998751","name":"Simhadri floating solar farm","cpcbCategory":null,"source":"OpenStreetMap via Overpass bulk load (© OpenStreetMap contributors, ODbL)","refreshedAt":"2026-09-29T11:06:04.248Z","mappedSince":null,"osmTags":{"description":"293430","floating":"yes","landuse":"industrial","name":"Simhadri floating solar farm","note":"visible on recent sat imagery; floating solar","plant:method":"photovoltaic","plant:output:electricity":"25 MW","plant:source":"solar","power":"plant"}},"geometry":{"type":"Polygon","coordinates":[[[83.113123,17.593961],[83.116836,17.594189],[83.117224,17.586683],[83.113668,17.58648],[83.113123,17.593961]]]}},{"type":"Feature","id":"OSM-way-1088347266","properties":{"id":"OSM-way-1088347266","tag":"industrial","facilityId":"OSM-way-1088347266","name":"Visakhapatnam Port","cpcbCategory":null,"source":"OpenStreetMap via Overpass bulk load (© OpenStreetMap contributors, ODbL)","refreshedAt":"2026-09-29T11:06:04.248Z","mappedSince":null,"osmTags":{"description":"147790","landuse":"industrial","name":"Visakhapatnam Port","plant:method":"photovoltaic","plant:output:electricity":"10 MW","plant:source":"solar","power":"plant"}},"geometry":{"type":"Polygon","coordinates":[[[83.258417,17.720554],[83.258305,17.719513],[83.257924,17.719262],[83.257571,17.719031],[83.256812,17.718507],[83.255949,17.718172],[83.254763,17.717951],[83.254146,17.7179],[83.253408,17.717921],[83.253044,17.718114],[83.25259,17.718117],[83.252343,17.71815],[83.251758,17.718247],[83.251732,17.718697],[83.251756,17.718899],[83.251843,17.719554],[83.251907,17.720192],[83.25186,17.720258],[83.251659,17.720282],[83.251735,17.721122],[83.258417,17.720554]]]}},{"type":"Feature","id":"OSM-way-1105579334","properties":{"id":"OSM-way-1105579334","tag":"industrial","facilityId":null,"name":null,"cpcbCategory":null,"source":"OpenStreetMap via Overpass bulk load (© OpenStreetMap contributors, ODbL)","refreshedAt":"2026-09-29T11:06:04.248Z","mappedSince":null,"osmTags":{"landuse":"industrial"}},"geometry":{"type":"Polygon","coordinates":[[[83.201641,17.661474],[83.197076,17.661494],[83.20075,17.65972],[83.201925,17.660344],[83.202231,17.660646],[83.202252,17.661167],[83.201469,17.661152],[83.201641,17.661474]]]}},{"type":"Feature","id":"OSM-way-1105579348","properties":{"id":"OSM-way-1105579348","tag":"industrial","facilityId":null,"name":null,"cpcbCategory":null,"source":"OpenStreetMap via Overpass bulk load (© OpenStreetMap contributors, ODbL)","refreshedAt":"2026-09-29T11:06:04.248Z","mappedSince":null,"osmTags":{"landuse":"industrial"}},"geometry":{"type":"Polygon","coordinates":[[[83.243887,17.713593],[83.245076,17.713379],[83.244658,17.711494],[83.24373,17.711652],[83.243585,17.711632],[83.243312,17.711841],[83.243887,17.713593]]]}},{"type":"Feature","id":"OSM-way-1105579349","properties":{"id":"OSM-way-1105579349","tag":"industrial","facilityId":null,"name":null,"cpcbCategory":null,"source":"OpenStreetMap via Overpass bulk load (© OpenStreetMap contributors, ODbL)","refreshedAt":"2026-09-29T11:06:04.248Z","mappedSince":null,"osmTags":{"landuse":"industrial"}},"geometry":{"type":"Polygon","coordinates":[[[83.243312,17.711841],[83.242984,17.711984],[83.242925,17.712015],[83.242949,17.712486],[83.242894,17.713326],[83.242856,17.713599],[83.243623,17.71364],[83.243887,17.713593],[83.243312,17.711841]]]}},{"type":"Feature","id":"OSM-way-1105579350","properties":{"id":"OSM-way-1105579350","tag":"industrial","facilityId":null,"name":null,"cpcbCategory":null,"source":"OpenStreetMap via Overpass bulk load (© OpenStreetMap contributors, ODbL)","refreshedAt":"2026-09-29T11:06:04.248Z","mappedSince":null,"osmTags":{"landuse":"industrial"}},"geometry":{"type":"Polygon","coordinates":[[[83.251457,17.709018],[83.2519,17.709547],[83.244331,17.711049],[83.24476,17.710691],[83.249738,17.706997],[83.251457,17.709018]]]}},{"type":"Feature","id":"OSM-way-1105894442","properties":{"id":"OSM-way-1105894442","tag":"industrial","facilityId":null,"name":null,"cpcbCategory":null,"source":"OpenStreetMap via Overpass bulk load (© OpenStreetMap contributors, ODbL)","refreshedAt":"2026-09-29T11:06:04.248Z","mappedSince":null,"osmTags":{"landuse":"industrial"}},"geometry":{"type":"Polygon","coordinates":[[[83.223474,17.655616],[83.22268,17.654849],[83.22202,17.654266],[83.221961,17.654031],[83.223104,17.653648],[83.221462,17.650949],[83.219762,17.648265],[83.21797,17.649533],[83.21826,17.649891],[83.213582,17.653183],[83.213453,17.652917],[83.21326,17.652988],[83.212928,17.652559],[83.212627,17.652365],[83.212477,17.652416],[83.212396,17.65236],[83.211994,17.652707],[83.212858,17.653949],[83.212311,17.65444],[83.212091,17.65466],[83.212262,17.655447],[83.212177,17.655611],[83.211887,17.656311],[83.211855,17.657098],[83.212777,17.658008],[83.213099,17.65811],[83.214033,17.657798],[83.214703,17.657395],[83.214403,17.656838],[83.213641,17.657211],[83.213233,17.656986],[83.213754,17.655856],[83.213571,17.655749],[83.21384,17.655345],[83.213984,17.655406],[83.21458,17.654793],[83.214998,17.654532],[83.214612,17.653852],[83.21606,17.652907],[83.215717,17.652431],[83.21584,17.652329],[83.217117,17.652641],[83.217525,17.652912],[83.218893,17.654941],[83.220009,17.6558],[83.221629,17.656342],[83.223474,17.655616]]]}},{"type":"Feature","id":"OSM-way-1105894443","properties":{"id":"OSM-way-1105894443","tag":"industrial","facilityId":null,"name":null,"cpcbCategory":null,"source":"OpenStreetMap via Overpass bulk load (© OpenStreetMap contributors, ODbL)","refreshedAt":"2026-09-29T11:06:04.248Z","mappedSince":null,"osmTags":{"landuse":"industrial"}},"geometry":{"type":"Polygon","coordinates":[[[83.217074,17.665778],[83.217364,17.667771],[83.216479,17.667935],[83.216001,17.667925],[83.21591,17.66727],[83.215358,17.667296],[83.215545,17.668318],[83.215009,17.66841],[83.21465,17.668313],[83.214564,17.667986],[83.213829,17.668103],[83.214,17.669233],[83.213566,17.669299],[83.213346,17.668047],[83.212729,17.668303],[83.212402,17.668063],[83.212289,17.667879],[83.212118,17.667163],[83.211973,17.666427],[83.215374,17.666003],[83.217074,17.665778]]]}},{"type":"Feature","id":"OSM-way-1105894444","properties":{"id":"OSM-way-1105894444","tag":"industrial","facilityId":null,"name":null,"cpcbCategory":null,"source":"OpenStreetMap via Overpass bulk load (© OpenStreetMap contributors, ODbL)","refreshedAt":"2026-09-29T11:06:04.248Z","mappedSince":null,"osmTags":{"landuse":"industrial"}},"geometry":{"type":"Polygon","coordinates":[[[83.214236,17.660641],[83.215256,17.660145],[83.216173,17.661003],[83.215036,17.661448],[83.215106,17.661602],[83.214821,17.661719],[83.214236,17.660641]]]}},{"type":"Feature","id":"OSM-way-1105894445","properties":{"id":"OSM-way-1105894445","tag":"industrial","facilityId":null,"name":null,"cpcbCategory":null,"source":"OpenStreetMap via Overpass bulk load (© OpenStreetMap contributors, ODbL)","refreshedAt":"2026-09-29T11:06:04.248Z","mappedSince":null,"osmTags":{"landuse":"industrial"}},"geometry":{"type":"Polygon","coordinates":[[[83.212847,17.661361],[83.213582,17.665824],[83.214049,17.665793],[83.214843,17.665819],[83.215996,17.665645],[83.215846,17.664725],[83.214843,17.664847],[83.214703,17.66406],[83.215712,17.663585],[83.215111,17.662685],[83.215197,17.662614],[83.214794,17.661857],[83.214043,17.660712],[83.213539,17.660963],[83.212847,17.661361]]]}},{"type":"Feature","id":"OSM-way-1105894446","properties":{"id":"OSM-way-1105894446","tag":"industrial","facilityId":null,"name":null,"cpcbCategory":null,"source":"OpenStreetMap via Overpass bulk load (© OpenStreetMap contributors, ODbL)","refreshedAt":"2026-09-29T11:06:04.248Z","mappedSince":null,"osmTags":{"landuse":"industrial"}},"geometry":{"type":"Polygon","coordinates":[[[83.211474,17.662108],[83.211415,17.662246],[83.211935,17.665384],[83.212944,17.66588],[83.213384,17.665824],[83.212713,17.661397],[83.211474,17.662108]]]}},{"type":"Feature","id":"OSM-way-1105894447","properties":{"id":"OSM-way-1105894447","tag":"industrial","facilityId":null,"name":null,"cpcbCategory":null,"source":"OpenStreetMap via Overpass bulk load (© OpenStreetMap contributors, ODbL)","refreshedAt":"2026-09-29T11:06:04.248Z","mappedSince":null,"osmTags":{"landuse":"industrial"}},"geometry":{"type":"Polygon","coordinates":[[[83.209859,17.663161],[83.21119,17.662353],[83.211372,17.662639],[83.21178,17.665384],[83.211157,17.665374],[83.210717,17.66429],[83.209859,17.663161]]]}},{"type":"Feature","id":"OSM-way-1105894448","properties":{"id":"OSM-way-1105894448","tag":"industrial","facilityId":null,"name":null,"cpcbCategory":null,"source":"OpenStreetMap via Overpass bulk load (© OpenStreetMap contributors, ODbL)","refreshedAt":"2026-09-29T11:06:04.248Z","mappedSince":null,"osmTags":{"landuse":"industrial"}},"geometry":{"type":"Polygon","coordinates":[[[83.207536,17.66014],[83.208255,17.659531],[83.20951,17.658637],[83.209999,17.658213],[83.210186,17.657952],[83.211125,17.657415],[83.211742,17.658698],[83.210739,17.659179],[83.210766,17.65923],[83.20994,17.659787],[83.209586,17.659915],[83.209875,17.660651],[83.209934,17.660917],[83.211066,17.660477],[83.211426,17.661264],[83.210809,17.661423],[83.211232,17.662118],[83.209237,17.663329],[83.208684,17.66246],[83.20848,17.66198],[83.20848,17.661617],[83.208352,17.660702],[83.208078,17.660421],[83.207536,17.66014]]]}},{"type":"Feature","id":"OSM-way-1105894449","properties":{"id":"OSM-way-1105894449","tag":"industrial","facilityId":null,"name":null,"cpcbCategory":null,"source":"OpenStreetMap via Overpass bulk load (© OpenStreetMap contributors, ODbL)","refreshedAt":"2026-09-29T11:06:04.248Z","mappedSince":null,"osmTags":{"landuse":"industrial"}},"geometry":{"type":"Polygon","coordinates":[[[83.207011,17.662419],[83.208411,17.661709],[83.208271,17.660804],[83.207853,17.660405],[83.207488,17.660237],[83.20648,17.661065],[83.207011,17.662419]]]}},{"type":"Feature","id":"OSM-way-1105894450","properties":{"id":"OSM-way-1105894450","tag":"industrial","facilityId":null,"name":null,"cpcbCategory":null,"source":"OpenStreetMap via Overpass bulk load (© OpenStreetMap contributors, ODbL)","refreshedAt":"2026-09-29T11:06:04.248Z","mappedSince":null,"osmTags":{"landuse":"industrial"}},"geometry":{"type":"Polygon","coordinates":[[[83.207719,17.664193],[83.207048,17.662547],[83.208314,17.661944],[83.208674,17.662782],[83.209108,17.663426],[83.208014,17.664096],[83.207719,17.664193]]]}},{"type":"Feature","id":"OSM-way-1105894451","properties":{"id":"OSM-way-1105894451","tag":"industrial","facilityId":null,"name":null,"cpcbCategory":null,"source":"OpenStreetMap via Overpass bulk load (© OpenStreetMap contributors, ODbL)","refreshedAt":"2026-09-29T11:06:04.248Z","mappedSince":null,"osmTags":{"landuse":"industrial"}},"geometry":{"type":"Polygon","coordinates":[[[83.204806,17.663713],[83.206936,17.662634],[83.207585,17.66426],[83.207263,17.664372],[83.207097,17.663953],[83.20627,17.664091],[83.206104,17.663723],[83.205637,17.66384],[83.204994,17.664116],[83.204806,17.663713]]]}},{"type":"Feature","id":"OSM-way-1105894452","properties":{"id":"OSM-way-1105894452","tag":"industrial","facilityId":null,"name":null,"cpcbCategory":null,"source":"OpenStreetMap via Overpass bulk load (© OpenStreetMap contributors, ODbL)","refreshedAt":"2026-09-29T11:06:04.248Z","mappedSince":null,"osmTags":{"landuse":"industrial"}},"geometry":{"type":"Polygon","coordinates":[[[83.204296,17.663038],[83.20634,17.661167],[83.206855,17.662511],[83.204666,17.6636],[83.204296,17.663038]]]}},{"type":"Feature","id":"OSM-way-1105894453","properties":{"id":"OSM-way-1105894453","tag":"industrial","facilityId":null,"name":null,"cpcbCategory":null,"source":"OpenStreetMap via Overpass bulk load (© OpenStreetMap contributors, ODbL)","refreshedAt":"2026-09-29T11:06:04.248Z","mappedSince":null,"osmTags":{"landuse":"industrial"}},"geometry":{"type":"Polygon","coordinates":[[[83.205399,17.65971],[83.206287,17.659276],[83.207333,17.660027],[83.206145,17.66102],[83.205399,17.65971]]]}},{"type":"Feature","id":"OSM-way-1105894454","properties":{"id":"OSM-way-1105894454","tag":"industrial","facilityId":null,"name":null,"cpcbCategory":null,"source":"OpenStreetMap via Overpass bulk load (© OpenStreetMap contributors, ODbL)","refreshedAt":"2026-09-29T11:06:04.248Z","mappedSince":null,"osmTags":{"landuse":"industrial"}},"geometry":{"type":"Polygon","coordinates":[[[83.206145,17.66102],[83.204489,17.662609],[83.20421,17.662741],[83.203792,17.662041],[83.20317,17.6608],[83.205399,17.65971],[83.206145,17.66102]]]}},{"type":"Feature","id":"OSM-way-1105894455","properties":{"id":"OSM-way-1105894455","tag":"industrial","facilityId":"OSM-way-1105894455","name":"Gangavaram Port","cpcbCategory":null,"source":"OpenStreetMap via Overpass bulk load (© OpenStreetMap contributors, ODbL)","refreshedAt":"2026-09-29T11:06:04.248Z","mappedSince":null,"osmTags":{"landuse":"industrial","name":"Gangavaram Port","power":"substation","substation":"industrial","voltage":"220000"}},"geometry":{"type":"Polygon","coordinates":[[[83.206287,17.659276],[83.207687,17.657932],[83.208492,17.658714],[83.208787,17.658796],[83.208287,17.659128],[83.208282,17.659209],[83.207375,17.660063],[83.207333,17.660027],[83.206287,17.659276]]]}},{"type":"Feature","id":"OSM-way-1105897788","properties":{"id":"OSM-way-1105897788","tag":"industrial","facilityId":null,"name":null,"cpcbCategory":null,"source":"OpenStreetMap via Overpass bulk load (© OpenStreetMap contributors, ODbL)","refreshedAt":"2026-09-29T11:06:04.248Z","mappedSince":null,"osmTags":{"landuse":"industrial"}},"geometry":{"type":"Polygon","coordinates":[[[83.212595,17.661295],[83.212498,17.660738],[83.21201,17.659818],[83.212804,17.659342],[83.212622,17.65903],[83.213078,17.658765],[83.212794,17.658315],[83.212885,17.658259],[83.213153,17.658228],[83.213759,17.658003],[83.214269,17.657957],[83.214773,17.658059],[83.21488,17.658034],[83.215041,17.658489],[83.214365,17.658714],[83.214735,17.659332],[83.214955,17.659654],[83.214837,17.659802],[83.214993,17.660145],[83.21377,17.660712],[83.212595,17.661295]]]}},{"type":"Feature","id":"OSM-way-1105897789","properties":{"id":"OSM-way-1105897789","tag":"industrial","facilityId":null,"name":null,"cpcbCategory":null,"source":"OpenStreetMap via Overpass bulk load (© OpenStreetMap contributors, ODbL)","refreshedAt":"2026-09-29T11:06:04.248Z","mappedSince":null,"osmTags":{"landuse":"industrial"}},"geometry":{"type":"Polygon","coordinates":[[[83.208722,17.665118],[83.209232,17.66495],[83.209194,17.664776],[83.210449,17.664316],[83.211173,17.665778],[83.211533,17.666345],[83.210932,17.666452],[83.209677,17.666964],[83.208926,17.665267],[83.208806,17.665311],[83.208722,17.665118]]]}},{"type":"Feature","id":"OSM-way-1105897790","properties":{"id":"OSM-way-1105897790","tag":"industrial","facilityId":null,"name":null,"cpcbCategory":null,"source":"OpenStreetMap via Overpass bulk load (© OpenStreetMap contributors, ODbL)","refreshedAt":"2026-09-29T11:06:04.248Z","mappedSince":null,"osmTags":{"landuse":"industrial"}},"geometry":{"type":"Polygon","coordinates":[[[83.207917,17.665445],[83.208443,17.666626],[83.208303,17.666687],[83.208556,17.667403],[83.209559,17.66703],[83.208806,17.665311],[83.208722,17.665118],[83.207917,17.665445]]]}},{"type":"Feature","id":"OSM-way-1105897791","properties":{"id":"OSM-way-1105897791","tag":"industrial","facilityId":null,"name":null,"cpcbCategory":null,"source":"OpenStreetMap via Overpass bulk load (© OpenStreetMap contributors, ODbL)","refreshedAt":"2026-09-29T11:06:04.248Z","mappedSince":null,"osmTags":{"landuse":"industrial"}},"geometry":{"type":"Polygon","coordinates":[[[83.186159,17.662583],[83.187822,17.662598],[83.18971,17.662619],[83.189539,17.662322],[83.18911,17.662046],[83.188198,17.661934],[83.188021,17.661827],[83.188085,17.661775],[83.190129,17.661903],[83.190118,17.661847],[83.190966,17.661653],[83.191121,17.661545],[83.191368,17.661949],[83.191658,17.661801],[83.191588,17.661709],[83.191786,17.661653],[83.19191,17.661816],[83.192382,17.661571],[83.192795,17.662102],[83.193068,17.661873],[83.19375,17.661116],[83.1939,17.660906],[83.1942,17.661024],[83.194399,17.660763],[83.194801,17.660636],[83.194732,17.660221],[83.193685,17.660053],[83.193208,17.660411],[83.192886,17.660257],[83.192967,17.660022],[83.191545,17.660452],[83.190933,17.660508],[83.189303,17.660549],[83.188299,17.660554],[83.185993,17.66063],[83.185843,17.660365],[83.185355,17.660262],[83.184936,17.660247],[83.184721,17.660329],[83.184587,17.660472],[83.184469,17.660753],[83.184394,17.66266],[83.186159,17.662583]]]}},{"type":"Feature","id":"OSM-way-1105897792","properties":{"id":"OSM-way-1105897792","tag":"industrial","facilityId":null,"name":null,"cpcbCategory":null,"source":"OpenStreetMap via Overpass bulk load (© OpenStreetMap contributors, ODbL)","refreshedAt":"2026-09-29T11:06:04.248Z","mappedSince":null,"osmTags":{"landuse":"industrial"}},"geometry":{"type":"Polygon","coordinates":[[[83.189936,17.66311],[83.188053,17.663074],[83.187978,17.663825],[83.187382,17.663815],[83.187382,17.663973],[83.188637,17.664055],[83.18911,17.664137],[83.189845,17.664091],[83.189936,17.663309],[83.189936,17.66311]]]}},{"type":"Feature","id":"OSM-way-1105897793","properties":{"id":"OSM-way-1105897793","tag":"industrial","facilityId":null,"name":null,"cpcbCategory":null,"source":"OpenStreetMap via Overpass bulk load (© OpenStreetMap contributors, ODbL)","refreshedAt":"2026-09-29T11:06:04.248Z","mappedSince":null,"osmTags":{"landuse":"industrial"}},"geometry":{"type":"Polygon","coordinates":[[[83.191271,17.664208],[83.19132,17.664367],[83.191808,17.664382],[83.191813,17.664801],[83.192967,17.664796],[83.192983,17.664868],[83.193417,17.664653],[83.193954,17.664239],[83.194125,17.66382],[83.194276,17.663488],[83.194276,17.663294],[83.194694,17.663232],[83.194994,17.662404],[83.19317,17.663283],[83.191271,17.664208]]]}},{"type":"Feature","id":"OSM-way-1105897794","properties":{"id":"OSM-way-1105897794","tag":"industrial","facilityId":null,"name":null,"cpcbCategory":null,"source":"OpenStreetMap via Overpass bulk load (© OpenStreetMap contributors, ODbL)","refreshedAt":"2026-09-29T11:06:04.248Z","mappedSince":null,"osmTags":{"landuse":"industrial"}},"geometry":{"type":"Polygon","coordinates":[[[83.190944,17.663099],[83.192065,17.663058],[83.192666,17.662951],[83.193734,17.662425],[83.193836,17.662629],[83.191234,17.66384],[83.190998,17.663897],[83.190944,17.663099]]]}},{"type":"Feature","id":"OSM-way-1105897796","properties":{"id":"OSM-way-1105897796","tag":"industrial","facilityId":null,"name":null,"cpcbCategory":null,"source":"OpenStreetMap via Overpass bulk load (© OpenStreetMap contributors, ODbL)","refreshedAt":"2026-09-29T11:06:04.248Z","mappedSince":null,"osmTags":{"landuse":"industrial"}},"geometry":{"type":"Polygon","coordinates":[[[83.185993,17.664975],[83.186374,17.664321],[83.186733,17.664142],[83.187237,17.664075],[83.188906,17.664285],[83.189834,17.664198],[83.190043,17.664142],[83.190075,17.664413],[83.189485,17.664781],[83.188863,17.665425],[83.188106,17.666411],[83.187747,17.667147],[83.187656,17.667464],[83.186594,17.667873],[83.185633,17.668308],[83.185129,17.668609],[83.184625,17.669304],[83.18463,17.669488],[83.184019,17.669729],[83.18389,17.669519],[83.184099,17.669039],[83.184174,17.668461],[83.184217,17.66771],[83.184528,17.667664],[83.184721,17.667618],[83.184797,17.667756],[83.185451,17.667449],[83.185483,17.667551],[83.186041,17.667408],[83.186374,17.667444],[83.186733,17.667367],[83.186508,17.666601],[83.186921,17.666483],[83.186599,17.665507],[83.186486,17.665108],[83.185993,17.664975]]]}},{"type":"Feature","id":"OSM-way-1106072235","properties":{"id":"OSM-way-1106072235","tag":"industrial","facilityId":"OSM-way-1106072235","name":"Ramky Pharma City","cpcbCategory":null,"source":"OpenStreetMap via Overpass bulk load (© OpenStreetMap contributors, ODbL)","refreshedAt":"2026-09-29T11:06:04.248Z","mappedSince":null,"osmTags":{"landuse":"industrial","name":"Ramky Pharma City"}},"geometry":{"type":"Polygon","coordinates":[[[83.099203,17.657053],[83.106766,17.656495],[83.107742,17.657477],[83.108332,17.660584],[83.10841,17.662676],[83.106831,17.664342],[83.10615,17.666485],[83.1058,17.668668],[83.105248,17.672987],[83.103757,17.672846],[83.103661,17.673117],[83.100839,17.673176],[83.097277,17.673204],[83.096638,17.672212],[83.095342,17.672393],[83.094932,17.670674],[83.094798,17.669805],[83.094723,17.668972],[83.094685,17.667694],[83.094704,17.667124],[83.094749,17.666534],[83.095018,17.664791],[83.095192,17.664045],[83.095262,17.6636],[83.095184,17.662609],[83.09505,17.662343],[83.09372,17.65991],[83.092797,17.658254],[83.09149,17.655741],[83.091479,17.655376],[83.097111,17.653992],[83.097251,17.655393],[83.099203,17.657053]]]}},{"type":"Feature","id":"OSM-way-1106072237","properties":{"id":"OSM-way-1106072237","tag":"industrial","facilityId":null,"name":null,"cpcbCategory":null,"source":"OpenStreetMap via Overpass bulk load (© OpenStreetMap contributors, ODbL)","refreshedAt":"2026-09-29T11:06:04.248Z","mappedSince":null,"osmTags":{"landuse":"industrial"}},"geometry":{"type":"Polygon","coordinates":[[[83.121904,17.623276],[83.122666,17.623092],[83.121968,17.621338],[83.121132,17.621512],[83.121904,17.623276]]]}},{"type":"Feature","id":"OSM-way-1106229596","properties":{"id":"OSM-way-1106229596","tag":"industrial","facilityId":null,"name":null,"cpcbCategory":null,"source":"OpenStreetMap via Overpass bulk load (© OpenStreetMap contributors, ODbL)","refreshedAt":"2026-09-29T11:06:04.248Z","mappedSince":null,"osmTags":{"landuse":"industrial"}},"geometry":{"type":"Polygon","coordinates":[[[83.221441,17.700542],[83.22194,17.698064],[83.221725,17.697931],[83.22128,17.698038],[83.221272,17.697933],[83.22113,17.696168],[83.221093,17.695322],[83.221039,17.694052],[83.221908,17.693914],[83.2232,17.693592],[83.224145,17.693193],[83.223281,17.690025],[83.222927,17.689636],[83.22283,17.689366],[83.222839,17.689148],[83.222796,17.689148],[83.222475,17.68914],[83.222507,17.6886],[83.221264,17.688282],[83.218442,17.687536],[83.218126,17.687801],[83.217975,17.687679],[83.217954,17.687311],[83.217552,17.686968],[83.217262,17.686652],[83.217155,17.686779],[83.217021,17.688773],[83.216827,17.689105],[83.216393,17.689457],[83.216141,17.689478],[83.215948,17.689279],[83.216377,17.68843],[83.216479,17.68729],[83.216371,17.68729],[83.216371,17.687132],[83.216184,17.687127],[83.216082,17.686887],[83.216398,17.686836],[83.216398,17.686713],[83.216087,17.686616],[83.215519,17.686754],[83.21488,17.687158],[83.214612,17.68797],[83.214601,17.688553],[83.214092,17.689028],[83.214065,17.689161],[83.214231,17.689411],[83.214494,17.689514],[83.214617,17.689539],[83.214617,17.689631],[83.213716,17.689739],[83.213716,17.689923],[83.212767,17.690032],[83.212815,17.690536],[83.212769,17.69084],[83.211399,17.694599],[83.210412,17.694609],[83.21038,17.697093],[83.21024,17.697282],[83.209929,17.697261],[83.209746,17.697634],[83.210208,17.697732],[83.209918,17.698273],[83.209886,17.699413],[83.2101,17.699433],[83.210701,17.699449],[83.211506,17.698018],[83.211624,17.698028],[83.211704,17.697727],[83.211774,17.697435],[83.211822,17.696853],[83.212836,17.696888],[83.212997,17.697123],[83.213088,17.697088],[83.213453,17.697859],[83.213544,17.697829],[83.213512,17.698151],[83.212997,17.69879],[83.212874,17.69903],[83.212402,17.699382],[83.211662,17.699663],[83.211265,17.699694],[83.211265,17.699587],[83.210042,17.699561],[83.209811,17.699638],[83.209553,17.699617],[83.20935,17.699653],[83.209248,17.699316],[83.209178,17.698774],[83.208684,17.69879],[83.208395,17.698764],[83.208314,17.698319],[83.208298,17.697808],[83.207676,17.696352],[83.20766,17.696076],[83.207724,17.695616],[83.20781,17.695626],[83.207847,17.695514],[83.208352,17.695468],[83.208395,17.695391],[83.209063,17.695307],[83.209273,17.695322],[83.209237,17.694491],[83.208479,17.694552],[83.207533,17.694603],[83.207454,17.694816],[83.206438,17.695208],[83.205415,17.695133],[83.205573,17.697042],[83.205653,17.699147],[83.205782,17.701748],[83.206048,17.704972],[83.20715,17.704949],[83.207613,17.704921],[83.207719,17.704949],[83.207606,17.703706],[83.208749,17.703338],[83.20869,17.703052],[83.209602,17.702643],[83.211066,17.70227],[83.211511,17.703936],[83.211586,17.704196],[83.212321,17.70414],[83.212214,17.703701],[83.213024,17.703578],[83.212777,17.703144],[83.212273,17.703241],[83.212091,17.702638],[83.212574,17.70252],[83.212654,17.70273],[83.213067,17.702689],[83.212981,17.702239],[83.213791,17.70207],[83.213893,17.702346],[83.21517,17.701989],[83.215148,17.701662],[83.2148,17.701166],[83.214746,17.700982],[83.215096,17.700854],[83.216243,17.700435],[83.216817,17.700353],[83.217697,17.700271],[83.217823,17.700455],[83.218024,17.700747],[83.218276,17.700757],[83.218501,17.701575],[83.218555,17.701815],[83.218984,17.702183],[83.21929,17.703609],[83.219606,17.703583],[83.219676,17.703445],[83.219574,17.701564],[83.220958,17.701375],[83.221079,17.701314],[83.221334,17.700829],[83.221441,17.700542]]]}},{"type":"Feature","id":"OSM-way-1106231827","properties":{"id":"OSM-way-1106231827","tag":"industrial","facilityId":null,"name":null,"cpcbCategory":null,"source":"OpenStreetMap via Overpass bulk load (© OpenStreetMap contributors, ODbL)","refreshedAt":"2026-09-29T11:06:04.248Z","mappedSince":null,"osmTags":{"landuse":"industrial"}},"geometry":{"type":"Polygon","coordinates":[[[83.221237,17.69511],[83.221227,17.694992],[83.221162,17.694221],[83.221285,17.694159],[83.223243,17.693679],[83.224273,17.693255],[83.224182,17.692917],[83.224279,17.692796],[83.225009,17.692528],[83.225947,17.692779],[83.225952,17.692074],[83.2268,17.692146],[83.22672,17.690868],[83.227578,17.69097],[83.227572,17.691532],[83.228511,17.691456],[83.228452,17.691057],[83.228763,17.691057],[83.229058,17.692161],[83.228635,17.692371],[83.228978,17.693607],[83.228039,17.694144],[83.227975,17.694226],[83.228018,17.694573],[83.227943,17.694957],[83.227712,17.695314],[83.22753,17.695447],[83.226854,17.695657],[83.227256,17.696801],[83.227277,17.696939],[83.22688,17.697093],[83.225183,17.697507],[83.224381,17.697772],[83.224343,17.697665],[83.224021,17.697757],[83.22393,17.697522],[83.223849,17.697544],[83.223592,17.697614],[83.222981,17.696597],[83.222578,17.695335],[83.222503,17.695125],[83.221956,17.695273],[83.221833,17.694997],[83.221237,17.69511]]]}},{"type":"Feature","id":"OSM-way-1106231828","properties":{"id":"OSM-way-1106231828","tag":"industrial","facilityId":null,"name":null,"cpcbCategory":null,"source":"OpenStreetMap via Overpass bulk load (© OpenStreetMap contributors, ODbL)","refreshedAt":"2026-09-29T11:06:04.248Z","mappedSince":null,"osmTags":{"landuse":"industrial"}},"geometry":{"type":"Polygon","coordinates":[[[83.223769,17.701963],[83.223973,17.701708],[83.223758,17.701171],[83.224348,17.700486],[83.224182,17.700077],[83.223694,17.699663],[83.223136,17.699847],[83.221554,17.700634],[83.221682,17.701048],[83.221725,17.701529],[83.222208,17.702203],[83.221836,17.702273],[83.222047,17.702699],[83.223115,17.702326],[83.223538,17.702132],[83.223769,17.701963]]]}},{"type":"Feature","id":"OSM-way-1106231829","properties":{"id":"OSM-way-1106231829","tag":"industrial","facilityId":null,"name":null,"cpcbCategory":null,"source":"OpenStreetMap via Overpass bulk load (© OpenStreetMap contributors, ODbL)","refreshedAt":"2026-09-29T11:06:04.248Z","mappedSince":null,"osmTags":{"landuse":"industrial"}},"geometry":{"type":"Polygon","coordinates":[[[83.221836,17.702273],[83.221473,17.702341],[83.221259,17.702127],[83.221173,17.701427],[83.220336,17.70158],[83.219714,17.701672],[83.219794,17.703757],[83.219622,17.703798],[83.219177,17.704692],[83.218947,17.704978],[83.218389,17.705407],[83.218501,17.705832],[83.218555,17.706363],[83.218657,17.70644],[83.218887,17.706409],[83.219215,17.70623],[83.221259,17.705663],[83.222739,17.705147],[83.222852,17.705019],[83.222841,17.704886],[83.222503,17.704339],[83.222069,17.702827],[83.222047,17.702699],[83.221836,17.702273]]]}},{"type":"Feature","id":"OSM-way-1106231830","properties":{"id":"OSM-way-1106231830","tag":"industrial","facilityId":null,"name":null,"cpcbCategory":null,"source":"OpenStreetMap via Overpass bulk load (© OpenStreetMap contributors, ODbL)","refreshedAt":"2026-09-29T11:06:04.248Z","mappedSince":null,"osmTags":{"landuse":"industrial"}},"geometry":{"type":"Polygon","coordinates":[[[83.223088,17.705193],[83.223029,17.705673],[83.223039,17.705842],[83.223088,17.705965],[83.224295,17.706092],[83.224649,17.705821],[83.224225,17.70553],[83.223791,17.702444],[83.222546,17.702868],[83.222691,17.703711],[83.223131,17.704794],[83.223157,17.705065],[83.223088,17.705193]]]}},{"type":"Feature","id":"OSM-way-1106231832","properties":{"id":"OSM-way-1106231832","tag":"industrial","facilityId":null,"name":null,"cpcbCategory":null,"source":"OpenStreetMap via Overpass bulk load (© OpenStreetMap contributors, ODbL)","refreshedAt":"2026-09-29T11:06:04.248Z","mappedSince":null,"osmTags":{"landuse":"industrial"}},"geometry":{"type":"Polygon","coordinates":[[[83.227575,17.697619],[83.227412,17.69766],[83.227229,17.697251],[83.225563,17.697672],[83.225491,17.697691],[83.22577,17.698784],[83.225658,17.698817],[83.224745,17.69908],[83.224493,17.699152],[83.224515,17.699403],[83.224643,17.69952],[83.22466,17.699761],[83.224751,17.700139],[83.224981,17.700246],[83.224713,17.70065],[83.22444,17.701897],[83.224289,17.702203],[83.224304,17.702275],[83.224391,17.702714],[83.228645,17.701227],[83.228967,17.701605],[83.22975,17.70598],[83.230324,17.706097],[83.230652,17.707605],[83.232229,17.707656],[83.232132,17.704723],[83.237727,17.704931],[83.237835,17.704702],[83.236789,17.701534],[83.234181,17.699858],[83.233935,17.699714],[83.233956,17.699602],[83.234739,17.699817],[83.237143,17.701217],[83.237754,17.701319],[83.237749,17.70114],[83.237164,17.700961],[83.236413,17.700553],[83.234841,17.699617],[83.234884,17.699546],[83.236644,17.700599],[83.236756,17.700374],[83.235504,17.695748],[83.234737,17.695773],[83.234036,17.69592],[83.231437,17.696514],[83.231614,17.697366],[83.229479,17.697881],[83.229545,17.698212],[83.228497,17.698517],[83.228612,17.699085],[83.227972,17.699206],[83.227575,17.697619]]]}},{"type":"Feature","id":"OSM-way-1106231834","properties":{"id":"OSM-way-1106231834","tag":"industrial","facilityId":null,"name":null,"cpcbCategory":null,"source":"OpenStreetMap via Overpass bulk load (© OpenStreetMap contributors, ODbL)","refreshedAt":"2026-09-29T11:06:04.248Z","mappedSince":null,"osmTags":{"landuse":"industrial"}},"geometry":{"type":"Polygon","coordinates":[[[83.2192,17.706696],[83.219215,17.70692],[83.21972,17.706961],[83.219976,17.706981],[83.220593,17.70691],[83.229783,17.70785],[83.229911,17.707891],[83.229922,17.707863],[83.229933,17.707835],[83.230206,17.707901],[83.230217,17.707666],[83.230448,17.7076],[83.23026,17.7067],[83.230212,17.70666],[83.230169,17.706506],[83.230212,17.706404],[83.224971,17.705918],[83.224649,17.705821],[83.224295,17.706092],[83.223088,17.705965],[83.223039,17.705842],[83.223029,17.705673],[83.223088,17.705193],[83.222685,17.705433],[83.220781,17.706108],[83.22069,17.706593],[83.2204,17.706588],[83.219708,17.706695],[83.2192,17.706696]]]}},{"type":"Feature","id":"OSM-way-1106236164","properties":{"id":"OSM-way-1106236164","tag":"industrial","facilityId":null,"name":null,"cpcbCategory":null,"source":"OpenStreetMap via Overpass bulk load (© OpenStreetMap contributors, ODbL)","refreshedAt":"2026-09-29T11:06:04.248Z","mappedSince":null,"osmTags":{"landuse":"industrial"}},"geometry":{"type":"Polygon","coordinates":[[[83.286613,17.71549],[83.289226,17.716246],[83.290631,17.713952],[83.291151,17.713778],[83.291463,17.713318],[83.29142,17.713114],[83.287171,17.714836],[83.286667,17.715142],[83.286613,17.71549]]]}},{"type":"Feature","id":"OSM-way-1106236166","properties":{"id":"OSM-way-1106236166","tag":"industrial","facilityId":null,"name":null,"cpcbCategory":null,"source":"OpenStreetMap via Overpass bulk load (© OpenStreetMap contributors, ODbL)","refreshedAt":"2026-09-29T11:06:04.248Z","mappedSince":null,"osmTags":{"landuse":"industrial"}},"geometry":{"type":"Polygon","coordinates":[[[83.282987,17.713448],[83.283212,17.71227],[83.284929,17.712122],[83.286576,17.711959],[83.286699,17.711964],[83.286667,17.71388],[83.28656,17.714279],[83.286302,17.714739],[83.285991,17.715101],[83.285484,17.715367],[83.285218,17.715352],[83.283668,17.715275],[83.283331,17.715197],[83.283657,17.713584],[83.282987,17.713448]]]}},{"type":"Feature","id":"OSM-way-1106236167","properties":{"id":"OSM-way-1106236167","tag":"industrial","facilityId":null,"name":null,"cpcbCategory":null,"source":"OpenStreetMap via Overpass bulk load (© OpenStreetMap contributors, ODbL)","refreshedAt":"2026-09-29T11:06:04.248Z","mappedSince":null,"osmTags":{"landuse":"industrial"}},"geometry":{"type":"Polygon","coordinates":[[[83.281587,17.712623],[83.281812,17.712393],[83.28252,17.712363],[83.282579,17.712557],[83.282155,17.714728],[83.281973,17.715188],[83.281544,17.715096],[83.281308,17.714309],[83.281587,17.712623]]]}},{"type":"Feature","id":"OSM-way-1106236169","properties":{"id":"OSM-way-1106236169","tag":"industrial","facilityId":null,"name":null,"cpcbCategory":null,"source":"OpenStreetMap via Overpass bulk load (© OpenStreetMap contributors, ODbL)","refreshedAt":"2026-09-29T11:06:04.248Z","mappedSince":null,"osmTags":{"landuse":"industrial"}},"geometry":{"type":"Polygon","coordinates":[[[83.281119,17.715039],[83.281227,17.714999],[83.281056,17.71432],[83.281227,17.71248],[83.281249,17.711737],[83.281276,17.710783],[83.281555,17.707646],[83.2812,17.707053],[83.280997,17.706905],[83.280333,17.70685],[83.280388,17.707283],[83.279956,17.713027],[83.280187,17.713947],[83.280734,17.714662],[83.280911,17.714861],[83.280975,17.714831],[83.281119,17.715039]]]}},{"type":"Feature","id":"OSM-way-1106236170","properties":{"id":"OSM-way-1106236170","tag":"industrial","facilityId":null,"name":null,"cpcbCategory":null,"source":"OpenStreetMap via Overpass bulk load (© OpenStreetMap contributors, ODbL)","refreshedAt":"2026-09-29T11:06:04.248Z","mappedSince":null,"osmTags":{"landuse":"industrial"}},"geometry":{"type":"Polygon","coordinates":[[[83.279999,17.706823],[83.279736,17.706542],[83.279393,17.706016],[83.279436,17.705346],[83.27921,17.704442],[83.279049,17.704373],[83.279071,17.704258],[83.278972,17.704025],[83.27851,17.703729],[83.278006,17.703517],[83.277558,17.703499],[83.276912,17.703532],[83.276426,17.703494],[83.275901,17.703915],[83.275638,17.704186],[83.274967,17.705004],[83.274828,17.705305],[83.274162,17.709991],[83.274098,17.711259],[83.273996,17.711729],[83.273476,17.71272],[83.272532,17.714309],[83.271743,17.715715],[83.271872,17.715745],[83.271915,17.715832],[83.276845,17.716333],[83.276952,17.71665],[83.277703,17.716732],[83.277161,17.72108],[83.277124,17.722245],[83.277075,17.722577],[83.276668,17.723313],[83.276281,17.723671],[83.275643,17.723916],[83.275064,17.723906],[83.274034,17.723558],[83.27398,17.723645],[83.275933,17.724315],[83.27671,17.72389],[83.277134,17.723574],[83.277397,17.723231],[83.27751,17.722848],[83.277778,17.72085],[83.278266,17.716972],[83.278352,17.716425],[83.279098,17.716517],[83.279377,17.714963],[83.279752,17.710334],[83.279999,17.706823]]]}},{"type":"Feature","id":"OSM-way-1106236171","properties":{"id":"OSM-way-1106236171","tag":"industrial","facilityId":null,"name":null,"cpcbCategory":null,"source":"OpenStreetMap via Overpass bulk load (© OpenStreetMap contributors, ODbL)","refreshedAt":"2026-09-29T11:06:04.248Z","mappedSince":null,"osmTags":{"landuse":"industrial"}},"geometry":{"type":"Polygon","coordinates":[[[83.275933,17.724315],[83.278513,17.725209],[83.279167,17.725291],[83.279586,17.72524],[83.280492,17.724729],[83.280868,17.724325],[83.281453,17.721632],[83.282461,17.718402],[83.282509,17.717748],[83.282209,17.717217],[83.282064,17.717048],[83.280594,17.717212],[83.278524,17.716977],[83.278266,17.716972],[83.277778,17.72085],[83.27751,17.722848],[83.277397,17.723231],[83.277134,17.723574],[83.27671,17.72389],[83.275933,17.724315]]]}},{"type":"Feature","id":"OSM-way-1106236176","properties":{"id":"OSM-way-1106236176","tag":"industrial","facilityId":null,"name":null,"cpcbCategory":null,"source":"OpenStreetMap via Overpass bulk load (© OpenStreetMap contributors, ODbL)","refreshedAt":"2026-09-29T11:06:04.248Z","mappedSince":null,"osmTags":{"landuse":"industrial"}},"geometry":{"type":"Polygon","coordinates":[[[83.265826,17.715291],[83.2661,17.714933],[83.266239,17.714851],[83.265215,17.714274],[83.265182,17.714453],[83.265402,17.71479],[83.265826,17.715291]]]}},{"type":"Feature","id":"OSM-way-1106236177","properties":{"id":"OSM-way-1106236177","tag":"industrial","facilityId":null,"name":null,"cpcbCategory":null,"source":"OpenStreetMap via Overpass bulk load (© OpenStreetMap contributors, ODbL)","refreshedAt":"2026-09-29T11:06:04.248Z","mappedSince":null,"osmTags":{"landuse":"industrial"}},"geometry":{"type":"Polygon","coordinates":[[[83.267022,17.71689],[83.267452,17.716675],[83.267757,17.716655],[83.268288,17.716742],[83.271153,17.716737],[83.271196,17.716456],[83.270279,17.716267],[83.270059,17.716047],[83.266743,17.715137],[83.2664,17.714963],[83.266051,17.715285],[83.265982,17.715444],[83.267022,17.71689]]]}},{"type":"Feature","id":"OSM-way-1106236178","properties":{"id":"OSM-way-1106236178","tag":"industrial","facilityId":null,"name":null,"cpcbCategory":null,"source":"OpenStreetMap via Overpass bulk load (© OpenStreetMap contributors, ODbL)","refreshedAt":"2026-09-29T11:06:04.248Z","mappedSince":null,"osmTags":{"landuse":"industrial"}},"geometry":{"type":"Polygon","coordinates":[[[83.271137,17.716941],[83.270638,17.721939],[83.270091,17.721586],[83.268551,17.719424],[83.267135,17.717324],[83.267902,17.71691],[83.271137,17.716941]]]}},{"type":"Feature","id":"OSM-way-1106494052","properties":{"id":"OSM-way-1106494052","tag":"industrial","facilityId":null,"name":null,"cpcbCategory":null,"source":"OpenStreetMap via Overpass bulk load (© OpenStreetMap contributors, ODbL)","refreshedAt":"2026-09-29T11:06:04.248Z","mappedSince":null,"osmTags":{"landuse":"industrial","power":"substation","voltage":"132000"}},"geometry":{"type":"Polygon","coordinates":[[[83.290347,17.70508],[83.292031,17.704738],[83.291903,17.703655],[83.290063,17.704007],[83.290347,17.70508]]]}},{"type":"Feature","id":"OSM-way-1106494058","properties":{"id":"OSM-way-1106494058","tag":"industrial","facilityId":null,"name":null,"cpcbCategory":null,"source":"OpenStreetMap via Overpass bulk load (© OpenStreetMap contributors, ODbL)","refreshedAt":"2026-09-29T11:06:04.248Z","mappedSince":null,"osmTags":{"landuse":"industrial"}},"geometry":{"type":"Polygon","coordinates":[[[83.289186,17.699924],[83.287858,17.70018],[83.287799,17.700246],[83.288641,17.70414],[83.289793,17.703902],[83.289186,17.699924]]]}},{"type":"Feature","id":"OSM-way-1106494073","properties":{"id":"OSM-way-1106494073","tag":"industrial","facilityId":null,"name":null,"cpcbCategory":null,"source":"OpenStreetMap via Overpass bulk load (© OpenStreetMap contributors, ODbL)","refreshedAt":"2026-09-29T11:06:04.248Z","mappedSince":null,"osmTags":{"landuse":"industrial"}},"geometry":{"type":"Polygon","coordinates":[[[83.293737,17.710543],[83.29378,17.71099],[83.293874,17.711095],[83.294029,17.710909],[83.294094,17.710783],[83.293954,17.709197],[83.293764,17.709204],[83.293724,17.709204],[83.293643,17.708591],[83.292584,17.70357],[83.292662,17.703555],[83.292637,17.70333],[83.292509,17.703356],[83.291905,17.700908],[83.291908,17.700829],[83.292224,17.700795],[83.292176,17.700512],[83.292029,17.700553],[83.291833,17.699699],[83.291961,17.699648],[83.291683,17.698728],[83.292206,17.698587],[83.292037,17.697093],[83.291736,17.69628],[83.291757,17.695958],[83.291774,17.695698],[83.291495,17.695749],[83.291388,17.695498],[83.291286,17.695181],[83.291151,17.695197],[83.290953,17.693694],[83.290742,17.693751],[83.290905,17.694972],[83.291567,17.700118],[83.291675,17.700739],[83.291908,17.70194],[83.292019,17.702054],[83.292162,17.702786],[83.292294,17.703665],[83.293045,17.706762],[83.293598,17.70924],[83.293737,17.710543]]]}},{"type":"Feature","id":"OSM-way-1106494074","properties":{"id":"OSM-way-1106494074","tag":"industrial","facilityId":null,"name":null,"cpcbCategory":null,"source":"OpenStreetMap via Overpass bulk load (© OpenStreetMap contributors, ODbL)","refreshedAt":"2026-09-29T11:06:04.248Z","mappedSince":null,"osmTags":{"landuse":"industrial"}},"geometry":{"type":"Polygon","coordinates":[[[83.291945,17.712955],[83.291854,17.712937],[83.291414,17.712355],[83.291031,17.711509],[83.290889,17.711223],[83.290197,17.71039],[83.287123,17.705259],[83.287177,17.70504],[83.288609,17.704283],[83.290063,17.704007],[83.290347,17.70508],[83.292031,17.704738],[83.293195,17.710661],[83.293383,17.711197],[83.293383,17.711468],[83.291945,17.712955]]]}},{"type":"Feature","id":"OSM-way-1106494077","properties":{"id":"OSM-way-1106494077","tag":"industrial","facilityId":null,"name":null,"cpcbCategory":null,"source":"OpenStreetMap via Overpass bulk load (© OpenStreetMap contributors, ODbL)","refreshedAt":"2026-09-29T11:06:04.248Z","mappedSince":null,"osmTags":{"landuse":"industrial","man_made":"wastewater_plant"}},"geometry":{"type":"Polygon","coordinates":[[[83.283331,17.715197],[83.282676,17.715071],[83.282987,17.713448],[83.283657,17.713584],[83.283331,17.715197]]]}},{"type":"Feature","id":"OSM-way-1106494080","properties":{"id":"OSM-way-1106494080","tag":"industrial","facilityId":null,"name":null,"cpcbCategory":null,"source":"OpenStreetMap via Overpass bulk load (© OpenStreetMap contributors, ODbL)","refreshedAt":"2026-09-29T11:06:04.248Z","mappedSince":null,"osmTags":{"landuse":"industrial"}},"geometry":{"type":"Polygon","coordinates":[[[83.287372,17.714626],[83.287949,17.714376],[83.291369,17.713019],[83.29054,17.71156],[83.287155,17.711862],[83.287117,17.711933],[83.287059,17.713962],[83.286903,17.714488],[83.286812,17.714657],[83.286919,17.714861],[83.287372,17.714626]]]}},{"type":"Feature","id":"OSM-way-1106494081","properties":{"id":"OSM-way-1106494081","tag":"industrial","facilityId":null,"name":null,"cpcbCategory":null,"source":"OpenStreetMap via Overpass bulk load (© OpenStreetMap contributors, ODbL)","refreshedAt":"2026-09-29T11:06:04.248Z","mappedSince":null,"osmTags":{"landuse":"industrial"}},"geometry":{"type":"Polygon","coordinates":[[[83.287235,17.711513],[83.290342,17.711214],[83.286806,17.705206],[83.286678,17.705297],[83.284774,17.702149],[83.284649,17.702043],[83.284088,17.702356],[83.284054,17.702458],[83.285199,17.704407],[83.28576,17.705175],[83.286174,17.705612],[83.286642,17.706229],[83.28698,17.706935],[83.287079,17.707491],[83.287235,17.711513]]]}},{"type":"Feature","id":"OSM-way-1106495917","properties":{"id":"OSM-way-1106495917","tag":"industrial","facilityId":null,"name":null,"cpcbCategory":null,"source":"OpenStreetMap via Overpass bulk load (© OpenStreetMap contributors, ODbL)","refreshedAt":"2026-09-29T11:06:04.248Z","mappedSince":null,"osmTags":{"landuse":"industrial"}},"geometry":{"type":"Polygon","coordinates":[[[83.289075,17.717565],[83.289255,17.717317],[83.288984,17.717207],[83.289078,17.716941],[83.288134,17.716675],[83.288196,17.717529],[83.289075,17.717565]]]}},{"type":"Feature","id":"OSM-way-1106996339","properties":{"id":"OSM-way-1106996339","tag":"industrial","facilityId":null,"name":null,"cpcbCategory":null,"source":"OpenStreetMap via Overpass bulk load (© OpenStreetMap contributors, ODbL)","refreshedAt":"2026-09-29T11:06:04.248Z","mappedSince":null,"osmTags":{"barrier":"wall","landuse":"industrial"}},"geometry":{"type":"Polygon","coordinates":[[[83.17959,17.691624],[83.1797,17.692733],[83.179116,17.692953],[83.178714,17.691945],[83.17959,17.691624]]]}},{"type":"Feature","id":"OSM-way-1106996341","properties":{"id":"OSM-way-1106996341","tag":"industrial","facilityId":null,"name":null,"cpcbCategory":null,"source":"OpenStreetMap via Overpass bulk load (© OpenStreetMap contributors, ODbL)","refreshedAt":"2026-09-29T11:06:04.248Z","mappedSince":null,"osmTags":{"landuse":"industrial"}},"geometry":{"type":"Polygon","coordinates":[[[83.181613,17.700441],[83.181342,17.69973],[83.181546,17.699663],[83.181192,17.698805],[83.181422,17.698723],[83.180752,17.696321],[83.180569,17.696357],[83.179947,17.69395],[83.180087,17.693904],[83.1797,17.692733],[83.179116,17.692953],[83.180006,17.695427],[83.18006,17.695836],[83.180178,17.698074],[83.180333,17.6986],[83.180602,17.69926],[83.18117,17.700599],[83.181613,17.700441]]]}},{"type":"Feature","id":"OSM-way-1106996342","properties":{"id":"OSM-way-1106996342","tag":"industrial","facilityId":null,"name":null,"cpcbCategory":null,"source":"OpenStreetMap via Overpass bulk load (© OpenStreetMap contributors, ODbL)","refreshedAt":"2026-09-29T11:06:04.248Z","mappedSince":null,"osmTags":{"landuse":"industrial"}},"geometry":{"type":"Polygon","coordinates":[[[83.177007,17.700532],[83.18006,17.699306],[83.179196,17.697261],[83.176334,17.698379],[83.176782,17.699382],[83.175713,17.699797],[83.177007,17.700532]]]}},{"type":"Feature","id":"OSM-way-1106996343","properties":{"id":"OSM-way-1106996343","tag":"industrial","facilityId":null,"name":null,"cpcbCategory":null,"source":"OpenStreetMap via Overpass bulk load (© OpenStreetMap contributors, ODbL)","refreshedAt":"2026-09-29T11:06:04.248Z","mappedSince":null,"osmTags":{"landuse":"industrial"}},"geometry":{"type":"Polygon","coordinates":[[[83.180607,17.702597],[83.181379,17.702275],[83.180097,17.699408],[83.177179,17.700614],[83.180607,17.702597]]]}},{"type":"Feature","id":"OSM-way-1106996344","properties":{"id":"OSM-way-1106996344","tag":"industrial","facilityId":null,"name":null,"cpcbCategory":null,"source":"OpenStreetMap via Overpass bulk load (© OpenStreetMap contributors, ODbL)","refreshedAt":"2026-09-29T11:06:04.248Z","mappedSince":null,"osmTags":{"landuse":"industrial"}},"geometry":{"type":"Polygon","coordinates":[[[83.182106,17.703741],[83.175913,17.704058],[83.173682,17.704958],[83.173568,17.704686],[83.172115,17.701207],[83.168811,17.701759],[83.168521,17.701677],[83.168285,17.701493],[83.168124,17.701324],[83.167469,17.700348],[83.168258,17.699766],[83.168526,17.699464],[83.168998,17.701043],[83.169095,17.700944],[83.169596,17.700632],[83.169741,17.700862],[83.169902,17.700709],[83.170498,17.700494],[83.1705,17.70055],[83.171533,17.70021],[83.171492,17.69918],[83.172641,17.698917],[83.172464,17.698437],[83.174754,17.697517],[83.174497,17.696812],[83.174941,17.696597],[83.175732,17.698462],[83.175092,17.698743],[83.175618,17.699934],[83.176519,17.700491],[83.182106,17.703741]]]}},{"type":"Feature","id":"OSM-way-1106996346","properties":{"id":"OSM-way-1106996346","tag":"industrial","facilityId":null,"name":null,"cpcbCategory":null,"source":"OpenStreetMap via Overpass bulk load (© OpenStreetMap contributors, ODbL)","refreshedAt":"2026-09-29T11:06:04.248Z","mappedSince":null,"osmTags":{"landuse":"industrial"}},"geometry":{"type":"Polygon","coordinates":[[[83.177925,17.704191],[83.179894,17.704079],[83.179936,17.704278],[83.178059,17.705111],[83.177925,17.704191]]]}},{"type":"Feature","id":"OSM-way-1106996347","properties":{"id":"OSM-way-1106996347","tag":"industrial","facilityId":null,"name":null,"cpcbCategory":null,"source":"OpenStreetMap via Overpass bulk load (© OpenStreetMap contributors, ODbL)","refreshedAt":"2026-09-29T11:06:04.248Z","mappedSince":null,"osmTags":{"landuse":"industrial"}},"geometry":{"type":"Polygon","coordinates":[[[83.177646,17.707508],[83.177839,17.708039],[83.178762,17.709383],[83.179303,17.710063],[83.17947,17.710732],[83.179776,17.710738],[83.179883,17.711177],[83.180333,17.711131],[83.180419,17.711616],[83.180741,17.711616],[83.180875,17.712204],[83.181444,17.712138],[83.181251,17.710507],[83.181304,17.709572],[83.181438,17.709286],[83.181809,17.708688],[83.182104,17.708126],[83.182367,17.707564],[83.182592,17.706736],[83.182549,17.706297],[83.183219,17.706113],[83.182989,17.705188],[83.182935,17.70484],[83.182533,17.703803],[83.1819,17.704002],[83.181218,17.704171],[83.180199,17.704339],[83.179942,17.70438],[83.178628,17.705009],[83.179239,17.706322],[83.177646,17.707508]]]}},{"type":"Feature","id":"OSM-way-1106996348","properties":{"id":"OSM-way-1106996348","tag":"industrial","facilityId":null,"name":null,"cpcbCategory":null,"source":"OpenStreetMap via Overpass bulk load (© OpenStreetMap contributors, ODbL)","refreshedAt":"2026-09-29T11:06:04.248Z","mappedSince":null,"osmTags":{"landuse":"industrial"}},"geometry":{"type":"Polygon","coordinates":[[[83.186261,17.705801],[83.186985,17.709291],[83.187071,17.709915],[83.186867,17.7111],[83.186717,17.711458],[83.186417,17.711867],[83.186148,17.712092],[83.185666,17.712235],[83.185424,17.712592],[83.184893,17.712751],[83.184518,17.711458],[83.184357,17.711483],[83.184094,17.710431],[83.184239,17.710395],[83.18352,17.707891],[83.182812,17.707906],[83.182876,17.70737],[83.183032,17.707022],[83.183171,17.706598],[83.183182,17.706302],[83.183391,17.70624],[83.183423,17.706384],[83.186261,17.705801]]]}},{"type":"Feature","id":"OSM-way-1106996349","properties":{"id":"OSM-way-1106996349","tag":"industrial","facilityId":null,"name":null,"cpcbCategory":null,"source":"OpenStreetMap via Overpass bulk load (© OpenStreetMap contributors, ODbL)","refreshedAt":"2026-09-29T11:06:04.248Z","mappedSince":null,"osmTags":{"landuse":"industrial"}},"geometry":{"type":"Polygon","coordinates":[[[83.196132,17.698662],[83.195815,17.697512],[83.196518,17.697481],[83.199146,17.696939],[83.198513,17.694297],[83.198481,17.694088],[83.19588,17.694721],[83.19604,17.692672],[83.19581,17.691824],[83.197655,17.691568],[83.197537,17.690776],[83.198256,17.690648],[83.198465,17.691757],[83.199597,17.69142],[83.199549,17.691231],[83.200219,17.691088],[83.201442,17.690684],[83.201909,17.691124],[83.202097,17.691425],[83.202403,17.692304],[83.202644,17.692253],[83.202655,17.692503],[83.20339,17.692667],[83.203749,17.692595],[83.203974,17.692406],[83.205332,17.692289],[83.205321,17.692509],[83.205203,17.692754],[83.204956,17.693623],[83.204441,17.693505],[83.204135,17.693423],[83.203765,17.693398],[83.202987,17.693316],[83.202875,17.693372],[83.202934,17.694164],[83.203036,17.694645],[83.20318,17.694808],[83.203331,17.695018],[83.203417,17.695294],[83.203561,17.696015],[83.204302,17.695841],[83.204436,17.696428],[83.204076,17.69652],[83.204227,17.697318],[83.196212,17.698976],[83.196132,17.698662]]]}},{"type":"Feature","id":"OSM-way-1106996350","properties":{"id":"OSM-way-1106996350","tag":"industrial","facilityId":null,"name":null,"cpcbCategory":null,"source":"OpenStreetMap via Overpass bulk load (© OpenStreetMap contributors, ODbL)","refreshedAt":"2026-09-29T11:06:04.248Z","mappedSince":null,"osmTags":{"landuse":"industrial"}},"geometry":{"type":"Polygon","coordinates":[[[83.196063,17.699007],[83.19309,17.699623],[83.193428,17.701253],[83.192521,17.701018],[83.191684,17.70113],[83.191748,17.701465],[83.191958,17.702571],[83.190982,17.702735],[83.191054,17.703267],[83.191078,17.70345],[83.190424,17.703476],[83.188482,17.703798],[83.188616,17.704237],[83.188316,17.704288],[83.188214,17.704007],[83.187629,17.70412],[83.187549,17.703788],[83.186776,17.703879],[83.186535,17.702914],[83.18264,17.687142],[83.185017,17.686391],[83.184668,17.684679],[83.186647,17.68402],[83.187339,17.68633],[83.189126,17.685844],[83.190471,17.685471],[83.190766,17.68545],[83.19136,17.685252],[83.191792,17.686069],[83.192012,17.686325],[83.192376,17.687526],[83.192784,17.68748],[83.192897,17.688686],[83.19302,17.688906],[83.191786,17.690101],[83.192237,17.690781],[83.192586,17.692692],[83.192478,17.692728],[83.192489,17.693321],[83.193482,17.693244],[83.193884,17.693173],[83.193927,17.693776],[83.193047,17.693883],[83.192634,17.69396],[83.192934,17.694711],[83.192897,17.695074],[83.19324,17.696219],[83.192602,17.696285],[83.19235,17.696198],[83.191953,17.695999],[83.191878,17.696193],[83.19213,17.697369],[83.19191,17.69742],[83.192028,17.697946],[83.19228,17.698498],[83.19295,17.698421],[83.193042,17.698897],[83.194023,17.698728],[83.194109,17.698974],[83.195037,17.698805],[83.195059,17.698866],[83.195981,17.69869],[83.196063,17.699007]]]}},{"type":"Feature","id":"OSM-way-1302245675","properties":{"id":"OSM-way-1302245675","tag":"industrial","facilityId":null,"name":null,"cpcbCategory":null,"source":"OpenStreetMap via Overpass bulk load (© OpenStreetMap contributors, ODbL)","refreshedAt":"2026-09-29T11:06:04.248Z","mappedSince":null,"osmTags":{"landuse":"industrial"}},"geometry":{"type":"Polygon","coordinates":[[[83.119854,17.695055],[83.121131,17.695527],[83.122315,17.695108],[83.123327,17.694197],[83.123492,17.693569],[83.11983,17.690977],[83.119227,17.690761],[83.118317,17.690903],[83.117549,17.693106],[83.118396,17.694271],[83.119854,17.695055]]]}},{"type":"Feature","id":"OSM-way-1302252985","properties":{"id":"OSM-way-1302252985","tag":"forest","facilityId":null,"name":null,"cpcbCategory":null,"source":"OpenStreetMap via Overpass bulk load (© OpenStreetMap contributors, ODbL)","refreshedAt":"2026-09-29T11:06:04.248Z","mappedSince":null,"osmTags":{"natural":"wood"}},"geometry":{"type":"Polygon","coordinates":[[[83.158926,17.684455],[83.164477,17.684455],[83.164814,17.682552],[83.166903,17.682726],[83.16654,17.678459],[83.154508,17.679115],[83.152626,17.679399],[83.152289,17.679919],[83.153327,17.680055],[83.154327,17.683678],[83.155962,17.684642],[83.158926,17.684455]]]}},{"type":"Feature","id":"OSM-way-1302252986","properties":{"id":"OSM-way-1302252986","tag":"forest","facilityId":null,"name":null,"cpcbCategory":null,"source":"OpenStreetMap via Overpass bulk load (© OpenStreetMap contributors, ODbL)","refreshedAt":"2026-09-29T11:06:04.248Z","mappedSince":null,"osmTags":{"natural":"wood"}},"geometry":{"type":"Polygon","coordinates":[[[83.145462,17.687078],[83.147279,17.687091],[83.148616,17.68667],[83.150368,17.68416],[83.151134,17.683146],[83.150005,17.680994],[83.146332,17.678892],[83.14297,17.676976],[83.142152,17.677445],[83.142412,17.679028],[83.144891,17.680945],[83.14432,17.683641],[83.145462,17.687078]]]}},{"type":"Feature","id":"OSM-way-1302252989","properties":{"id":"OSM-way-1302252989","tag":"forest","facilityId":null,"name":null,"cpcbCategory":null,"source":"OpenStreetMap via Overpass bulk load (© OpenStreetMap contributors, ODbL)","refreshedAt":"2026-09-29T11:06:04.248Z","mappedSince":null,"osmTags":{"natural":"wood"}},"geometry":{"type":"Polygon","coordinates":[[[83.125186,17.67969],[83.126537,17.680689],[83.128121,17.680718],[83.128686,17.679978],[83.12919,17.682698],[83.130048,17.683294],[83.13144,17.682227],[83.131863,17.681276],[83.131914,17.679392],[83.132933,17.679267],[83.134718,17.679786],[83.136847,17.680622],[83.1372,17.681352],[83.138289,17.681026],[83.137785,17.678517],[83.136645,17.676278],[83.13376,17.676355],[83.126951,17.676797],[83.122049,17.676412],[83.118256,17.67573],[83.107573,17.675048],[83.106343,17.675442],[83.105949,17.679055],[83.107271,17.681708],[83.109782,17.683813],[83.115552,17.687109],[83.11762,17.688262],[83.122765,17.687446],[83.127102,17.687446],[83.132771,17.687253],[83.132771,17.686725],[83.127234,17.682736],[83.12457,17.681333],[83.125186,17.67969]]]}},{"type":"Feature","id":"OSM-way-1354589539","properties":{"id":"OSM-way-1354589539","tag":"industrial","facilityId":null,"name":null,"cpcbCategory":null,"source":"OpenStreetMap via Overpass bulk load (© OpenStreetMap contributors, ODbL)","refreshedAt":"2026-09-29T11:06:04.248Z","mappedSince":null,"osmTags":{"landuse":"industrial"}},"geometry":{"type":"Polygon","coordinates":[[[83.255281,17.703417],[83.253947,17.701807],[83.254663,17.701246],[83.256652,17.703695],[83.255281,17.703417]]]}},{"type":"Feature","id":"OSM-way-1355590993","properties":{"id":"OSM-way-1355590993","tag":"industrial","facilityId":null,"name":null,"cpcbCategory":null,"source":"OpenStreetMap via Overpass bulk load (© OpenStreetMap contributors, ODbL)","refreshedAt":"2026-09-29T11:06:04.248Z","mappedSince":null,"osmTags":{"landuse":"industrial"}},"geometry":{"type":"Polygon","coordinates":[[[83.169605,17.699114],[83.171077,17.699048],[83.170616,17.697852],[83.169465,17.698363],[83.169605,17.699114]]]}},{"type":"Feature","id":"OSM-way-1415869613","properties":{"id":"OSM-way-1415869613","tag":"industrial","facilityId":"OSM-way-1415869613","name":"APSRTC Bus Depot , Kurmanapalem (Steel City)","cpcbCategory":"Red","source":"OpenStreetMap via Overpass bulk load (© OpenStreetMap contributors, ODbL)","refreshedAt":"2026-09-29T11:06:04.248Z","mappedSince":null,"osmTags":{"barrier":"wall","depot":"bus","industrial":"depot","landuse":"industrial","name":"APSRTC Bus Depot , Kurmanapalem (Steel City)","operator":"APSRTC","operator:wikidata":"Q4754395"}},"geometry":{"type":"Polygon","coordinates":[[[83.164929,17.684045],[83.166554,17.684151],[83.166629,17.683104],[83.165004,17.682999],[83.164929,17.684045]]]}},{"type":"Feature","id":"OSM-way-1415869614","properties":{"id":"OSM-way-1415869614","tag":"industrial","facilityId":"OSM-way-1415869614","name":"APSRTC Bus Depot, Gajuwaka","cpcbCategory":null,"source":"OpenStreetMap via Overpass bulk load (© OpenStreetMap contributors, ODbL)","refreshedAt":"2026-09-29T11:06:04.248Z","mappedSince":null,"osmTags":{"barrier":"wall","depot":"bus","industrial":"depot","landuse":"industrial","name":"APSRTC Bus Depot, Gajuwaka","operator":"APSRTC","operator:wikidata":"Q4754395"}},"geometry":{"type":"Polygon","coordinates":[[[83.224874,17.690554],[83.224968,17.692312],[83.224169,17.692572],[83.223699,17.690748],[83.224874,17.690554]]]}},{"type":"Feature","id":"OSM-way-64690594","properties":{"id":"OSM-way-64690594","tag":"industrial","facilityId":"OSM-way-64690594","name":"Durgapur Steel Plant","cpcbCategory":"Red","source":"OpenStreetMap via Overpass bulk load (© OpenStreetMap contributors, ODbL)","refreshedAt":"2026-09-29T11:06:04.248Z","mappedSince":null,"osmTags":{"landuse":"industrial","name":"Durgapur Steel Plant"}},"geometry":{"type":"Polygon","coordinates":[[[87.228493,23.562073],[87.23593,23.560599],[87.235985,23.560833],[87.236426,23.560796],[87.236614,23.560811],[87.236826,23.560907],[87.237266,23.561241],[87.237885,23.561774],[87.238143,23.561615],[87.238583,23.562047],[87.24733,23.560174],[87.247365,23.560233],[87.248116,23.561305],[87.249783,23.560665],[87.249139,23.559869],[87.251289,23.559391],[87.251093,23.558561],[87.25101,23.557963],[87.25202,23.557732],[87.254633,23.557147],[87.260812,23.545195],[87.263583,23.536694],[87.265451,23.531404],[87.265831,23.531389],[87.265989,23.53199],[87.266288,23.532477],[87.266636,23.532827],[87.266935,23.533002],[87.267808,23.53135],[87.267974,23.531428],[87.269473,23.532134],[87.269492,23.532337],[87.269569,23.532355],[87.269738,23.532222],[87.270286,23.532456],[87.274957,23.531175],[87.278038,23.528235],[87.279941,23.525378],[87.282112,23.524261],[87.284549,23.523645],[87.287034,23.523269],[87.287876,23.520887],[87.287365,23.519128],[87.289188,23.516219],[87.288744,23.514916],[87.291945,23.512795],[87.290399,23.510162],[87.286867,23.511925],[87.286745,23.511731],[87.282444,23.514009],[87.281332,23.514598],[87.270913,23.520117],[87.270242,23.520868],[87.269587,23.521281],[87.269723,23.521494],[87.269631,23.521538],[87.266148,23.52546],[87.265558,23.526002],[87.265656,23.526105],[87.264742,23.527121],[87.265512,23.528396],[87.265042,23.528584],[87.264694,23.527946],[87.263719,23.527134],[87.262546,23.526772],[87.261717,23.526904],[87.260686,23.527522],[87.243323,23.542145],[87.241613,23.543585],[87.239249,23.545596],[87.238083,23.546588],[87.237699,23.547359],[87.236228,23.550314],[87.23521,23.55151],[87.233671,23.549968],[87.231191,23.552361],[87.227777,23.558595],[87.226456,23.561115],[87.225636,23.562276],[87.22541,23.562561],[87.225351,23.562753],[87.226824,23.562418],[87.228493,23.562073]]]}},{"type":"Feature","id":"OSM-way-117922389","properties":{"id":"OSM-way-117922389","tag":"industrial","facilityId":null,"name":null,"cpcbCategory":null,"source":"OpenStreetMap via Overpass bulk load (© OpenStreetMap contributors, ODbL)","refreshedAt":"2026-09-29T11:06:04.248Z","mappedSince":null,"osmTags":{"landuse":"industrial"}},"geometry":{"type":"Polygon","coordinates":[[[87.26805,23.520649],[87.273114,23.518028],[87.27407,23.517533],[87.275304,23.516894],[87.279669,23.514635],[87.290496,23.509031],[87.290218,23.506734],[87.288792,23.503577],[87.287319,23.504647],[87.286601,23.504645],[87.286122,23.50442],[87.282839,23.504936],[87.282613,23.504413],[87.282563,23.504297],[87.282392,23.50373],[87.281975,23.50385],[87.282127,23.504503],[87.281424,23.505205],[87.280653,23.50549],[87.280904,23.506688],[87.280914,23.506734],[87.280437,23.506898],[87.28003,23.507037],[87.279471,23.507406],[87.279306,23.507206],[87.279018,23.507293],[87.278406,23.506824],[87.274947,23.506993],[87.273349,23.50565],[87.271565,23.508029],[87.273141,23.509566],[87.272367,23.510394],[87.273262,23.511233],[87.272826,23.511793],[87.272642,23.511688],[87.272244,23.512069],[87.271534,23.512763],[87.270444,23.514171],[87.27154,23.515107],[87.270492,23.516452],[87.270149,23.516893],[87.267869,23.520431],[87.26805,23.520649]]]}},{"type":"Feature","id":"OSM-way-118642342","properties":{"id":"OSM-way-118642342","tag":"industrial","facilityId":null,"name":null,"cpcbCategory":null,"source":"OpenStreetMap via Overpass bulk load (© OpenStreetMap contributors, ODbL)","refreshedAt":"2026-09-29T11:06:04.248Z","mappedSince":null,"osmTags":{"landuse":"industrial"}},"geometry":{"type":"Polygon","coordinates":[[[87.371927,23.495112],[87.371884,23.496655],[87.37184,23.498204],[87.37679,23.496415],[87.376324,23.495365],[87.376231,23.494988],[87.376171,23.494977],[87.376042,23.494467],[87.375594,23.493249],[87.374419,23.493737],[87.374371,23.493668],[87.373501,23.494116],[87.372847,23.494453],[87.372141,23.494894],[87.371927,23.495112]]]}},{"type":"Feature","id":"OSM-way-118642343","properties":{"id":"OSM-way-118642343","tag":"industrial","facilityId":null,"name":null,"cpcbCategory":null,"source":"OpenStreetMap via Overpass bulk load (© OpenStreetMap contributors, ODbL)","refreshedAt":"2026-09-29T11:06:04.248Z","mappedSince":null,"osmTags":{"landuse":"industrial"}},"geometry":{"type":"Polygon","coordinates":[[[87.371601,23.498489],[87.370238,23.498719],[87.36769,23.49915],[87.368133,23.501386],[87.368093,23.501396],[87.368324,23.502588],[87.368234,23.502598],[87.368221,23.503141],[87.368413,23.503679],[87.36959,23.503597],[87.369636,23.503674],[87.369694,23.504483],[87.370545,23.50436],[87.370804,23.504377],[87.370893,23.50464],[87.370975,23.505021],[87.370963,23.505217],[87.371388,23.505352],[87.371482,23.505352],[87.371526,23.503055],[87.371559,23.500845],[87.371605,23.499137],[87.371601,23.498489]]]}},{"type":"Feature","id":"OSM-way-118642344","properties":{"id":"OSM-way-118642344","tag":"industrial","facilityId":null,"name":null,"cpcbCategory":null,"source":"OpenStreetMap via Overpass bulk load (© OpenStreetMap contributors, ODbL)","refreshedAt":"2026-09-29T11:06:04.248Z","mappedSince":null,"osmTags":{"landuse":"industrial"}},"geometry":{"type":"Polygon","coordinates":[[[87.367245,23.498079],[87.365595,23.498958],[87.365909,23.500039],[87.364906,23.500601],[87.365055,23.501375],[87.365183,23.501928],[87.365291,23.50195],[87.365521,23.502695],[87.365589,23.502995],[87.366094,23.50389],[87.366277,23.50384],[87.366569,23.503857],[87.366677,23.503788],[87.367017,23.503683],[87.367573,23.503612],[87.367359,23.50281],[87.367183,23.502794],[87.366989,23.502665],[87.366923,23.502501],[87.366656,23.502531],[87.366369,23.50248],[87.366119,23.502517],[87.365981,23.502097],[87.365967,23.501871],[87.367446,23.50146],[87.367727,23.501446],[87.367787,23.501485],[87.367954,23.501296],[87.367887,23.500947],[87.367693,23.499905],[87.367564,23.499458],[87.367245,23.498079]]]}},{"type":"Feature","id":"OSM-way-118642348","properties":{"id":"OSM-way-118642348","tag":"industrial","facilityId":null,"name":null,"cpcbCategory":null,"source":"OpenStreetMap via Overpass bulk load (© OpenStreetMap contributors, ODbL)","refreshedAt":"2026-09-29T11:06:04.248Z","mappedSince":null,"osmTags":{"landuse":"industrial"}},"geometry":{"type":"Polygon","coordinates":[[[87.376236,23.493042],[87.377987,23.492072],[87.379124,23.49382],[87.379624,23.49457],[87.38067,23.493976],[87.381843,23.49578],[87.38316,23.49776],[87.38141,23.499215],[87.381264,23.498973],[87.380076,23.499354],[87.380242,23.500168],[87.379189,23.50108],[87.378943,23.500871],[87.37873,23.500493],[87.378294,23.499983],[87.37742,23.497591],[87.37723,23.496971],[87.37822,23.49678],[87.378211,23.496565],[87.378382,23.49654],[87.378235,23.495722],[87.378102,23.495454],[87.378322,23.495361],[87.378289,23.495237],[87.378508,23.495162],[87.378409,23.49495],[87.378788,23.494746],[87.378664,23.494611],[87.378496,23.49471],[87.378048,23.493999],[87.377805,23.494198],[87.377751,23.494316],[87.37742,23.494206],[87.377303,23.494214],[87.377069,23.49409],[87.376997,23.494132],[87.376861,23.493955],[87.376402,23.494054],[87.376299,23.493219],[87.376236,23.493042]]]}},{"type":"Feature","id":"OSM-way-118642351","properties":{"id":"OSM-way-118642351","tag":"industrial","facilityId":null,"name":null,"cpcbCategory":null,"source":"OpenStreetMap via Overpass bulk load (© OpenStreetMap contributors, ODbL)","refreshedAt":"2026-09-29T11:06:04.248Z","mappedSince":null,"osmTags":{"landuse":"industrial"}},"geometry":{"type":"Polygon","coordinates":[[[87.367349,23.497845],[87.367635,23.498941],[87.371611,23.498264],[87.371686,23.495433],[87.367349,23.497845]]]}},{"type":"Feature","id":"OSM-way-118642352","properties":{"id":"OSM-way-118642352","tag":"industrial","facilityId":null,"name":null,"cpcbCategory":null,"source":"OpenStreetMap via Overpass bulk load (© OpenStreetMap contributors, ODbL)","refreshedAt":"2026-09-29T11:06:04.248Z","mappedSince":null,"osmTags":{"landuse":"industrial"}},"geometry":{"type":"Polygon","coordinates":[[[87.371647,23.504721],[87.371712,23.50219],[87.371715,23.502078],[87.371769,23.500282],[87.371796,23.499365],[87.371823,23.498434],[87.374915,23.497307],[87.374927,23.497439],[87.374715,23.498886],[87.374511,23.500002],[87.374489,23.50014],[87.374195,23.501907],[87.374169,23.502063],[87.373922,23.503672],[87.37409,23.503687],[87.374108,23.503573],[87.374164,23.503224],[87.374398,23.50177],[87.374414,23.501672],[87.374589,23.500542],[87.374737,23.499652],[87.374986,23.498126],[87.375134,23.497227],[87.376731,23.496665],[87.377052,23.497552],[87.377002,23.497571],[87.377674,23.498972],[87.37772,23.498965],[87.377937,23.499794],[87.378151,23.500319],[87.37876,23.501006],[87.378922,23.501187],[87.379303,23.501457],[87.380105,23.501591],[87.380926,23.501618],[87.381131,23.50167],[87.381306,23.501816],[87.381585,23.502575],[87.380919,23.502894],[87.380412,23.50322],[87.380006,23.503382],[87.379496,23.503442],[87.376252,23.504387],[87.375486,23.504542],[87.37526,23.504745],[87.37518,23.504816],[87.374642,23.5051],[87.373571,23.505285],[87.373223,23.505366],[87.372394,23.505363],[87.372305,23.505326],[87.371765,23.505338],[87.371647,23.504721]]]}},{"type":"Feature","id":"OSM-way-118646379","properties":{"id":"OSM-way-118646379","tag":"industrial","facilityId":null,"name":null,"cpcbCategory":null,"source":"OpenStreetMap via Overpass bulk load (© OpenStreetMap contributors, ODbL)","refreshedAt":"2026-09-29T11:06:04.248Z","mappedSince":null,"osmTags":{"landuse":"industrial"}},"geometry":{"type":"Polygon","coordinates":[[[87.348549,23.481424],[87.348624,23.484273],[87.348675,23.484427],[87.348761,23.48446],[87.348809,23.484544],[87.349071,23.484632],[87.349088,23.484755],[87.349806,23.484673],[87.349879,23.486264],[87.349818,23.486654],[87.349193,23.486615],[87.349162,23.486676],[87.348142,23.486539],[87.347964,23.486875],[87.349857,23.489635],[87.350017,23.48985],[87.348268,23.492803],[87.346002,23.496742],[87.345279,23.497987],[87.345237,23.498263],[87.345577,23.499148],[87.346358,23.50118],[87.348058,23.501836],[87.348154,23.501873],[87.351187,23.503034],[87.351408,23.502627],[87.351994,23.502773],[87.351978,23.503395],[87.352877,23.50296],[87.354276,23.502228],[87.356927,23.500808],[87.355517,23.498633],[87.355723,23.498546],[87.355628,23.498421],[87.358232,23.496891],[87.358143,23.496038],[87.357738,23.495195],[87.358184,23.494983],[87.359039,23.494937],[87.360394,23.495303],[87.36126,23.49685],[87.362076,23.496932],[87.3625,23.496814],[87.36292,23.495702],[87.363753,23.496202],[87.364005,23.495764],[87.363722,23.495289],[87.363894,23.495196],[87.364665,23.494763],[87.364024,23.493822],[87.364407,23.493605],[87.364574,23.493511],[87.364614,23.49349],[87.36443,23.493209],[87.365999,23.492334],[87.366775,23.493496],[87.367313,23.493146],[87.367866,23.493971],[87.368094,23.493847],[87.368166,23.493808],[87.369906,23.49286],[87.370304,23.493463],[87.370952,23.493403],[87.370966,23.493523],[87.370667,23.493587],[87.37071,23.493777],[87.371196,23.493626],[87.371162,23.493511],[87.371309,23.493457],[87.371523,23.493458],[87.371314,23.492843],[87.371706,23.492757],[87.371725,23.492875],[87.371768,23.492945],[87.371918,23.492912],[87.372045,23.492907],[87.372175,23.492867],[87.371992,23.492369],[87.371956,23.492344],[87.371913,23.492203],[87.371835,23.492051],[87.37232,23.491918],[87.372253,23.491697],[87.37262,23.491592],[87.372544,23.49142],[87.372347,23.4912],[87.372338,23.491167],[87.373112,23.490888],[87.372947,23.490614],[87.373244,23.49051],[87.373316,23.490601],[87.373444,23.490555],[87.373414,23.490378],[87.373321,23.490174],[87.373314,23.490037],[87.372947,23.48864],[87.372865,23.48845],[87.372765,23.488027],[87.372493,23.488147],[87.372429,23.488062],[87.372372,23.487878],[87.372309,23.48786],[87.372164,23.487557],[87.372218,23.487475],[87.372098,23.487216],[87.372159,23.487143],[87.372275,23.48706],[87.372107,23.486707],[87.371817,23.48602],[87.37173,23.48605],[87.371547,23.485645],[87.371656,23.485559],[87.371542,23.485307],[87.371453,23.485317],[87.371404,23.485074],[87.370963,23.485146],[87.37067,23.484586],[87.370766,23.484489],[87.370639,23.483825],[87.370684,23.48382],[87.370662,23.483669],[87.370353,23.483698],[87.370226,23.483344],[87.37016,23.483349],[87.370112,23.483121],[87.37023,23.483087],[87.370185,23.482946],[87.370248,23.482452],[87.369679,23.482498],[87.369719,23.482637],[87.369888,23.482606],[87.369935,23.482928],[87.369472,23.482954],[87.369043,23.483061],[87.368953,23.482641],[87.368657,23.482731],[87.368387,23.482657],[87.368285,23.481441],[87.367391,23.481475],[87.366354,23.481424],[87.364648,23.481422],[87.364033,23.481427],[87.363159,23.481373],[87.360853,23.481365],[87.358461,23.481403],[87.358434,23.48136],[87.35774,23.481442],[87.357011,23.481442],[87.356405,23.481403],[87.355316,23.481396],[87.353803,23.481362],[87.351837,23.481404],[87.351261,23.481396],[87.351211,23.481827],[87.35029,23.481798],[87.350258,23.481349],[87.348549,23.481424]]]}},{"type":"Feature","id":"OSM-way-118649859","properties":{"id":"OSM-way-118649859","tag":"industrial","facilityId":"OSM-way-118649859","name":"Durgapur Projects Limited Power Station","cpcbCategory":"Red","source":"OpenStreetMap via Overpass bulk load (© OpenStreetMap contributors, ODbL)","refreshedAt":"2026-09-29T11:06:04.248Z","mappedSince":null,"osmTags":{"landuse":"industrial","name":"Durgapur Projects Limited Power Station","name:en":"Durgapur Projects Limited Power Station","plant:method":"combustion","plant:output:electricity":"550 MW","plant:source":"coal","power":"plant","wikidata":"Q118983764"}},"geometry":{"type":"Polygon","coordinates":[[[87.296876,23.508144],[87.296996,23.508033],[87.297072,23.507957],[87.297455,23.508285],[87.297798,23.508579],[87.298396,23.508705],[87.298412,23.508889],[87.298591,23.508933],[87.299371,23.508948],[87.299385,23.508889],[87.300734,23.508933],[87.301007,23.508715],[87.301916,23.507993],[87.302296,23.508118],[87.30296,23.507628],[87.303045,23.507737],[87.303311,23.507475],[87.303629,23.506548],[87.304011,23.506583],[87.303936,23.507181],[87.303981,23.50719],[87.304026,23.507198],[87.30452,23.508179],[87.305065,23.508195],[87.305224,23.508305],[87.305545,23.5082],[87.305685,23.508051],[87.305892,23.508021],[87.305925,23.508077],[87.306308,23.507887],[87.306576,23.50736],[87.306604,23.507001],[87.306807,23.506956],[87.307133,23.506856],[87.307088,23.506772],[87.307354,23.50669],[87.307415,23.50678],[87.307774,23.506585],[87.308123,23.50646],[87.308409,23.506182],[87.308691,23.506165],[87.308872,23.506122],[87.309466,23.507155],[87.310123,23.508374],[87.310224,23.508675],[87.310275,23.509231],[87.310302,23.509716],[87.310271,23.510858],[87.310292,23.512489],[87.310423,23.514061],[87.310635,23.515614],[87.311013,23.516723],[87.311119,23.517166],[87.311093,23.517916],[87.311004,23.519361],[87.310593,23.519579],[87.310472,23.519572],[87.310474,23.519631],[87.310477,23.519705],[87.310635,23.519672],[87.311051,23.519782],[87.311132,23.520636],[87.311155,23.521916],[87.311203,23.523477],[87.311216,23.523842],[87.311039,23.523859],[87.311026,23.52435],[87.310658,23.524357],[87.310643,23.524072],[87.310197,23.524111],[87.310216,23.524649],[87.310077,23.524682],[87.310068,23.524804],[87.309751,23.524818],[87.309776,23.52505],[87.309868,23.525655],[87.309753,23.525775],[87.309832,23.526159],[87.310409,23.527104],[87.309207,23.527653],[87.308254,23.52817],[87.307467,23.528732],[87.305743,23.529671],[87.304447,23.530398],[87.304131,23.529878],[87.304184,23.5296],[87.304086,23.529585],[87.303816,23.529164],[87.303768,23.529193],[87.30347,23.528718],[87.303791,23.528411],[87.303255,23.527725],[87.303001,23.527645],[87.302685,23.527335],[87.302409,23.52731],[87.301406,23.525942],[87.299844,23.523762],[87.299858,23.523614],[87.29954,23.523601],[87.299526,23.523693],[87.29797,23.52357],[87.297338,23.523529],[87.297378,23.521076],[87.297394,23.519172],[87.297408,23.51825],[87.298199,23.518286],[87.298294,23.516568],[87.298721,23.515343],[87.298372,23.513888],[87.298168,23.512794],[87.297383,23.512687],[87.297137,23.512459],[87.297311,23.511406],[87.297338,23.510886],[87.297853,23.50967],[87.297894,23.509593],[87.297805,23.509549],[87.297744,23.509439],[87.297931,23.509298],[87.297808,23.509075],[87.297587,23.508788],[87.297277,23.508414],[87.297031,23.508217],[87.296876,23.508144]]]}},{"type":"Feature","id":"OSM-way-118653433","properties":{"id":"OSM-way-118653433","tag":"industrial","facilityId":null,"name":null,"cpcbCategory":null,"source":"OpenStreetMap via Overpass bulk load (© OpenStreetMap contributors, ODbL)","refreshedAt":"2026-09-29T11:06:04.248Z","mappedSince":null,"osmTags":{"landuse":"industrial"}},"geometry":{"type":"Polygon","coordinates":[[[87.31108,23.51159],[87.312285,23.513246],[87.312515,23.513914],[87.31258,23.514959],[87.312735,23.515837],[87.31338,23.517106],[87.313741,23.517745],[87.312109,23.518628],[87.312012,23.518139],[87.311909,23.517222],[87.311623,23.516253],[87.311273,23.515074],[87.311071,23.513823],[87.311045,23.512711],[87.31108,23.51159]]]}},{"type":"Feature","id":"OSM-way-118653436","properties":{"id":"OSM-way-118653436","tag":"industrial","facilityId":null,"name":null,"cpcbCategory":null,"source":"OpenStreetMap via Overpass bulk load (© OpenStreetMap contributors, ODbL)","refreshedAt":"2026-09-29T11:06:04.248Z","mappedSince":null,"osmTags":{"landuse":"industrial"}},"geometry":{"type":"Polygon","coordinates":[[[87.310895,23.510688],[87.310884,23.509749],[87.310913,23.508235],[87.310915,23.508152],[87.311307,23.507046],[87.312615,23.506788],[87.313636,23.506587],[87.31925,23.505482],[87.320915,23.505159],[87.324232,23.504515],[87.324316,23.505881],[87.324719,23.512003],[87.320199,23.514462],[87.319603,23.514786],[87.318412,23.515425],[87.316773,23.516303],[87.316637,23.516376],[87.316517,23.516178],[87.315513,23.516729],[87.314027,23.517533],[87.313434,23.51661],[87.312922,23.515391],[87.312816,23.513977],[87.31272,23.513549],[87.31261,23.513133],[87.311431,23.511521],[87.311037,23.510983],[87.310895,23.510688]]]}},{"type":"Feature","id":"OSM-way-118653440","properties":{"id":"OSM-way-118653440","tag":"industrial","facilityId":null,"name":null,"cpcbCategory":null,"source":"OpenStreetMap via Overpass bulk load (© OpenStreetMap contributors, ODbL)","refreshedAt":"2026-09-29T11:06:04.248Z","mappedSince":null,"osmTags":{"landuse":"industrial"}},"geometry":{"type":"Polygon","coordinates":[[[87.327455,23.511648],[87.327535,23.511288],[87.327449,23.511207],[87.327287,23.511212],[87.326966,23.511235],[87.326466,23.51164],[87.325958,23.511892],[87.325057,23.514144],[87.322292,23.515594],[87.321717,23.514652],[87.318605,23.51636],[87.31772,23.516837],[87.317841,23.517025],[87.316337,23.517836],[87.315956,23.517242],[87.314519,23.51804],[87.31747,23.522679],[87.318074,23.522351],[87.318225,23.52214],[87.321902,23.520138],[87.326101,23.517818],[87.326564,23.515734],[87.327086,23.513389],[87.327455,23.511648]]]}},{"type":"Feature","id":"OSM-way-118653443","properties":{"id":"OSM-way-118653443","tag":"industrial","facilityId":null,"name":null,"cpcbCategory":null,"source":"OpenStreetMap via Overpass bulk load (© OpenStreetMap contributors, ODbL)","refreshedAt":"2026-09-29T11:06:04.248Z","mappedSince":null,"osmTags":{"landuse":"industrial"}},"geometry":{"type":"Polygon","coordinates":[[[87.335634,23.500079],[87.335601,23.499986],[87.332374,23.499983],[87.332017,23.500115],[87.33188,23.499995],[87.329422,23.50003],[87.329587,23.498683],[87.329617,23.498399],[87.327925,23.498258],[87.327969,23.497546],[87.326019,23.497392],[87.326033,23.499662],[87.326078,23.501085],[87.326078,23.503594],[87.32628,23.504375],[87.326088,23.504428],[87.326102,23.505613],[87.326104,23.505779],[87.326118,23.507527],[87.326139,23.510072],[87.327821,23.510332],[87.32959,23.510605],[87.330397,23.51073],[87.33065,23.51073],[87.331216,23.51082],[87.331658,23.510804],[87.331671,23.510714],[87.331809,23.510666],[87.332001,23.510998],[87.332741,23.510643],[87.333122,23.51121],[87.332015,23.511749],[87.333296,23.513739],[87.334256,23.513178],[87.33452,23.513615],[87.335167,23.513354],[87.334897,23.512812],[87.335395,23.512519],[87.333699,23.509665],[87.336086,23.50836],[87.338323,23.507137],[87.338177,23.506621],[87.338168,23.50609],[87.33867,23.506094],[87.338752,23.503843],[87.338786,23.502918],[87.339911,23.499274],[87.338359,23.498666],[87.338154,23.499116],[87.337216,23.498792],[87.337339,23.499563],[87.337374,23.49978],[87.335634,23.500079]]]}},{"type":"Feature","id":"OSM-way-118653448","properties":{"id":"OSM-way-118653448","tag":"industrial","facilityId":null,"name":null,"cpcbCategory":null,"source":"OpenStreetMap via Overpass bulk load (© OpenStreetMap contributors, ODbL)","refreshedAt":"2026-09-29T11:06:04.248Z","mappedSince":null,"osmTags":{"landuse":"industrial"}},"geometry":{"type":"Polygon","coordinates":[[[87.328077,23.510672],[87.327653,23.512659],[87.328985,23.512913],[87.328219,23.516492],[87.330322,23.515396],[87.332962,23.513958],[87.331083,23.511107],[87.328077,23.510672]]]}},{"type":"Feature","id":"OSM-way-118725086","properties":{"id":"OSM-way-118725086","tag":"industrial","facilityId":null,"name":null,"cpcbCategory":null,"source":"OpenStreetMap via Overpass bulk load (© OpenStreetMap contributors, ODbL)","refreshedAt":"2026-09-29T11:06:04.248Z","mappedSince":null,"osmTags":{"landuse":"industrial"}},"geometry":{"type":"Polygon","coordinates":[[[87.33384,23.489542],[87.330915,23.490734],[87.331051,23.491039],[87.330445,23.491319],[87.33053,23.491498],[87.330111,23.491658],[87.330484,23.492323],[87.332215,23.491602],[87.333632,23.491018],[87.333765,23.490965],[87.333884,23.490291],[87.333898,23.489915],[87.33384,23.489542]]]}},{"type":"Feature","id":"OSM-way-118725087","properties":{"id":"OSM-way-118725087","tag":"industrial","facilityId":null,"name":null,"cpcbCategory":null,"source":"OpenStreetMap via Overpass bulk load (© OpenStreetMap contributors, ODbL)","refreshedAt":"2026-09-29T11:06:04.248Z","mappedSince":null,"osmTags":{"landuse":"industrial"}},"geometry":{"type":"Polygon","coordinates":[[[87.334144,23.49029],[87.334214,23.49255],[87.33432,23.492625],[87.337801,23.491796],[87.339122,23.491482],[87.340407,23.491177],[87.341292,23.490975],[87.341905,23.490835],[87.340718,23.489023],[87.340145,23.488147],[87.336306,23.489521],[87.334144,23.49029]]]}},{"type":"Feature","id":"OSM-way-118746200","properties":{"id":"OSM-way-118746200","tag":"industrial","facilityId":null,"name":null,"cpcbCategory":null,"source":"OpenStreetMap via Overpass bulk load (© OpenStreetMap contributors, ODbL)","refreshedAt":"2026-09-29T11:06:04.248Z","mappedSince":null,"osmTags":{"landuse":"industrial"}},"geometry":{"type":"Polygon","coordinates":[[[87.325691,23.493345],[87.326072,23.494105],[87.326136,23.496671],[87.326722,23.496663],[87.326932,23.496757],[87.327157,23.496544],[87.327154,23.495898],[87.327142,23.49351],[87.327106,23.492851],[87.326959,23.492796],[87.326869,23.492763],[87.32727,23.492256],[87.327201,23.49215],[87.326648,23.492377],[87.326758,23.492659],[87.326294,23.493036],[87.325691,23.493345]]]}},{"type":"Feature","id":"OSM-way-118746203","properties":{"id":"OSM-way-118746203","tag":"industrial","facilityId":null,"name":null,"cpcbCategory":null,"source":"OpenStreetMap via Overpass bulk load (© OpenStreetMap contributors, ODbL)","refreshedAt":"2026-09-29T11:06:04.248Z","mappedSince":null,"osmTags":{"landuse":"industrial"}},"geometry":{"type":"Polygon","coordinates":[[[87.314716,23.50309],[87.314713,23.503371],[87.314437,23.505035],[87.316504,23.504652],[87.316642,23.505551],[87.315173,23.505846],[87.315206,23.505997],[87.311161,23.506799],[87.312023,23.503812],[87.314716,23.50309]]]}},{"type":"Feature","id":"OSM-way-206009237","properties":{"id":"OSM-way-206009237","tag":"industrial","facilityId":"OSM-way-206009237","name":"Durgapur Steel Thermal Power Station","cpcbCategory":"Red","source":"OpenStreetMap via Overpass bulk load (© OpenStreetMap contributors, ODbL)","refreshedAt":"2026-09-29T11:06:04.248Z","mappedSince":null,"osmTags":{"landuse":"industrial","name":"Durgapur Steel Thermal Power Station","operator":"Damodor Vally Corporation","plant:method":"combustion","plant:output:electricity":"1000 MW","plant:source":"coal","power":"plant","source":"https://www.dvc.gov.in/dvcwebsite_new1/generating-units/;https://www.gem.wiki/Durgapur_Steel_City_Andal_power_station","wikidata":"Q16935528"}},"geometry":{"type":"Polygon","coordinates":[[[87.195082,23.583806],[87.1961,23.584916],[87.196639,23.584408],[87.197267,23.584658],[87.198375,23.584249],[87.199106,23.583944],[87.201058,23.585836],[87.201578,23.585638],[87.203037,23.587177],[87.203694,23.586885],[87.204046,23.58676],[87.204909,23.586253],[87.206784,23.585447],[87.207864,23.58489],[87.211312,23.583192],[87.211992,23.582336],[87.211842,23.582199],[87.21233,23.582014],[87.212579,23.581748],[87.213864,23.581046],[87.213742,23.580904],[87.214272,23.580634],[87.213925,23.580204],[87.21377,23.579726],[87.21438,23.579146],[87.214558,23.578428],[87.214474,23.578247],[87.214779,23.57805],[87.214512,23.577663],[87.214812,23.577469],[87.21484,23.577392],[87.215473,23.577018],[87.215816,23.577061],[87.216824,23.576713],[87.217129,23.577366],[87.21757,23.577095],[87.217908,23.577405],[87.21818,23.577925],[87.218691,23.577809],[87.220394,23.57725],[87.221098,23.576786],[87.221693,23.577534],[87.221951,23.577405],[87.222838,23.576962],[87.222664,23.576769],[87.222777,23.576313],[87.223026,23.576175],[87.223293,23.576141],[87.223645,23.575853],[87.223185,23.575324],[87.223513,23.574967],[87.224348,23.574503],[87.224724,23.574361],[87.224902,23.573789],[87.224789,23.573648],[87.224667,23.573497],[87.225512,23.572688],[87.224611,23.571876],[87.224334,23.571486],[87.223428,23.571215],[87.222502,23.571352],[87.222098,23.570733],[87.221899,23.570828],[87.220079,23.567777],[87.219169,23.567884],[87.218402,23.567886],[87.216888,23.568299],[87.216108,23.568641],[87.214694,23.569361],[87.214475,23.569612],[87.213971,23.569934],[87.21326,23.570323],[87.210383,23.571619],[87.208349,23.572586],[87.20609,23.573554],[87.203746,23.574527],[87.201836,23.57523],[87.201445,23.574935],[87.199283,23.574463],[87.199149,23.574782],[87.200605,23.575286],[87.200916,23.575606],[87.200034,23.577021],[87.198069,23.577864],[87.197454,23.578401],[87.196704,23.580117],[87.19653,23.580267],[87.195784,23.582473],[87.195082,23.583806]]]}},{"type":"Feature","id":"OSM-way-358519693","properties":{"id":"OSM-way-358519693","tag":"forest","facilityId":null,"name":null,"cpcbCategory":null,"source":"OpenStreetMap via Overpass bulk load (© OpenStreetMap contributors, ODbL)","refreshedAt":"2026-09-29T11:06:04.248Z","mappedSince":null,"osmTags":{"natural":"wood"}},"geometry":{"type":"Polygon","coordinates":[[[87.342046,23.564207],[87.346249,23.549313],[87.346173,23.549139],[87.346021,23.54895],[87.34588,23.54887],[87.345619,23.549074],[87.345261,23.549271],[87.345141,23.549338],[87.344701,23.549433],[87.344343,23.549547],[87.343854,23.549881],[87.343474,23.550274],[87.343143,23.550613],[87.342866,23.550861],[87.342643,23.551175],[87.342432,23.551494],[87.342252,23.551524],[87.342024,23.551384],[87.341851,23.551081],[87.341666,23.550877],[87.341378,23.550697],[87.341096,23.550498],[87.340884,23.550294],[87.340775,23.550249],[87.340183,23.550608],[87.339488,23.551031],[87.338815,23.551509],[87.338342,23.551842],[87.337881,23.552056],[87.337669,23.55227],[87.337778,23.552395],[87.338006,23.552405],[87.338353,23.552484],[87.338815,23.552589],[87.339222,23.552733],[87.339619,23.552982],[87.339885,23.553216],[87.340194,23.55355],[87.340428,23.553923],[87.340466,23.554336],[87.340319,23.55469],[87.340162,23.555073],[87.340135,23.555526],[87.340211,23.55608],[87.340175,23.556365],[87.339952,23.556648],[87.3398,23.556962],[87.3398,23.55745],[87.339817,23.558017],[87.339844,23.558376],[87.339904,23.558739],[87.340067,23.558963],[87.340256,23.559003],[87.340523,23.559063],[87.340691,23.559232],[87.340615,23.559446],[87.340289,23.55966],[87.339974,23.559859],[87.339724,23.559969],[87.339768,23.560262],[87.33967,23.560665],[87.339714,23.561014],[87.339898,23.561044],[87.33998,23.561297],[87.340056,23.561666],[87.340023,23.56195],[87.340115,23.562328],[87.340284,23.562661],[87.340501,23.563184],[87.340604,23.563493],[87.340914,23.563722],[87.341229,23.563732],[87.341598,23.563886],[87.342046,23.564207]]]}},{"type":"Feature","id":"OSM-way-358522342","properties":{"id":"OSM-way-358522342","tag":"forest","facilityId":null,"name":null,"cpcbCategory":null,"source":"OpenStreetMap via Overpass bulk load (© OpenStreetMap contributors, ODbL)","refreshedAt":"2026-09-29T11:06:04.248Z","mappedSince":null,"osmTags":{"natural":"wood"}},"geometry":{"type":"Polygon","coordinates":[[[87.33169,23.553355],[87.331967,23.553362],[87.332136,23.553236],[87.332151,23.55306],[87.33146,23.552173],[87.330154,23.550159],[87.32997,23.550159],[87.329786,23.550265],[87.330016,23.550828],[87.330607,23.551898],[87.331206,23.552764],[87.33169,23.553355]]]}},{"type":"Feature","id":"OSM-way-358522345","properties":{"id":"OSM-way-358522345","tag":"forest","facilityId":null,"name":null,"cpcbCategory":null,"source":"OpenStreetMap via Overpass bulk load (© OpenStreetMap contributors, ODbL)","refreshedAt":"2026-09-29T11:06:04.248Z","mappedSince":null,"osmTags":{"natural":"wood"}},"geometry":{"type":"Polygon","coordinates":[[[87.322958,23.552489],[87.322997,23.552327],[87.322774,23.552137],[87.322444,23.551933],[87.322175,23.551715],[87.321983,23.551349],[87.321922,23.551124],[87.322045,23.550821],[87.322006,23.550476],[87.32196,23.550187],[87.32219,23.550047],[87.322429,23.54973],[87.322444,23.549392],[87.322797,23.54923],[87.323127,23.549061],[87.323534,23.548864],[87.323926,23.548589],[87.324141,23.548265],[87.324249,23.548005],[87.324333,23.547491],[87.324441,23.547252],[87.324832,23.547252],[87.325278,23.54716],[87.325654,23.54697],[87.326007,23.546738],[87.32633,23.546456],[87.326706,23.546421],[87.327082,23.546294],[87.327075,23.546076],[87.326898,23.545632],[87.326683,23.545421],[87.326337,23.54547],[87.326207,23.545625],[87.325992,23.54559],[87.325915,23.545407],[87.325562,23.545379],[87.32517,23.54552],[87.325124,23.545815],[87.325178,23.545991],[87.324917,23.546153],[87.324686,23.546118],[87.324617,23.545914],[87.324878,23.545618],[87.325162,23.545323],[87.325462,23.545245],[87.325807,23.545154],[87.326153,23.545196],[87.326376,23.544935],[87.326222,23.544696],[87.325999,23.544562],[87.3257,23.544527],[87.325339,23.544562],[87.324917,23.544661],[87.324517,23.544675],[87.324556,23.544421],[87.324686,23.54433],[87.324947,23.544442],[87.325262,23.544421],[87.325485,23.544288],[87.32537,23.544083],[87.325101,23.543935],[87.324917,23.543774],[87.324725,23.54364],[87.320224,23.546301],[87.320693,23.546871],[87.3211,23.546695],[87.321507,23.547054],[87.321599,23.547611],[87.321499,23.548293],[87.321261,23.548821],[87.321084,23.549173],[87.320516,23.549469],[87.321015,23.55018],[87.3211,23.552377],[87.322958,23.552489]]]}},{"type":"Feature","id":"OSM-way-373774139","properties":{"id":"OSM-way-373774139","tag":"industrial","facilityId":null,"name":null,"cpcbCategory":null,"source":"OpenStreetMap via Overpass bulk load (© OpenStreetMap contributors, ODbL)","refreshedAt":"2026-09-29T11:06:04.248Z","mappedSince":null,"osmTags":{"landuse":"industrial"}},"geometry":{"type":"Polygon","coordinates":[[[87.264389,23.526925],[87.265022,23.526323],[87.268819,23.521879],[87.268383,23.521216],[87.265403,23.522948],[87.266037,23.523571],[87.265805,23.524],[87.265102,23.524614],[87.26434,23.523881],[87.26304,23.52505],[87.262021,23.525967],[87.262843,23.526568],[87.262986,23.526469],[87.263337,23.52671],[87.263447,23.526649],[87.263683,23.526755],[87.263961,23.526422],[87.264389,23.526925]]]}},{"type":"Feature","id":"OSM-way-373964799","properties":{"id":"OSM-way-373964799","tag":"forest","facilityId":null,"name":null,"cpcbCategory":null,"source":"OpenStreetMap via Overpass bulk load (© OpenStreetMap contributors, ODbL)","refreshedAt":"2026-09-29T11:06:04.248Z","mappedSince":null,"osmTags":{"leaf_type":"broadleaved","natural":"wood"}},"geometry":{"type":"Polygon","coordinates":[[[87.444907,23.513861],[87.445191,23.515362],[87.445527,23.517138],[87.447204,23.518069],[87.44881,23.518068],[87.449486,23.518678],[87.449889,23.518838],[87.450522,23.518528],[87.451372,23.519608],[87.452103,23.519408],[87.452354,23.519458],[87.452441,23.521288],[87.451568,23.521118],[87.451307,23.520688],[87.450231,23.520984],[87.450151,23.522118],[87.451176,23.522038],[87.451338,23.522748],[87.451491,23.523418],[87.451659,23.524156],[87.451776,23.524667],[87.449872,23.525271],[87.439908,23.526833],[87.437419,23.529701],[87.434078,23.528854],[87.431732,23.52957],[87.431092,23.531005],[87.432798,23.531917],[87.433083,23.535372],[87.430025,23.538761],[87.428604,23.538631],[87.426471,23.538826],[87.423912,23.537197],[87.420308,23.541172],[87.411186,23.537327],[87.417371,23.531005],[87.4173,23.525333],[87.413176,23.523965],[87.412724,23.52339],[87.413675,23.52079],[87.41525,23.519695],[87.415641,23.518489],[87.415561,23.51808],[87.414336,23.517813],[87.413962,23.517382],[87.413717,23.517414],[87.413579,23.517772],[87.411413,23.521251],[87.408648,23.523556],[87.407646,23.522876],[87.406677,23.523026],[87.405029,23.521988],[87.402214,23.517517],[87.401387,23.517286],[87.399801,23.518024],[87.400214,23.519754],[87.400825,23.520397],[87.402641,23.523626],[87.402641,23.524094],[87.401504,23.524299],[87.401434,23.524919],[87.402083,23.525636],[87.402627,23.525764],[87.402802,23.525233],[87.405174,23.525546],[87.405498,23.52592],[87.406312,23.527178],[87.405928,23.527459],[87.405949,23.52838],[87.405593,23.528592],[87.405195,23.528649],[87.404776,23.5284],[87.40402,23.528411],[87.404529,23.530969],[87.403736,23.531169],[87.403862,23.531783],[87.401944,23.531852],[87.40089,23.530465],[87.400457,23.530158],[87.397919,23.52398],[87.397575,23.523488],[87.395321,23.523775],[87.392811,23.524501],[87.392456,23.525055],[87.39291,23.525872],[87.393463,23.525857],[87.39433,23.527537],[87.394668,23.528544],[87.39452,23.529399],[87.395656,23.53283],[87.393559,23.534167],[87.39179,23.533639],[87.390893,23.533939],[87.39013,23.535481],[87.390604,23.535609],[87.39066,23.536377],[87.390451,23.536671],[87.389725,23.536709],[87.390004,23.537093],[87.389453,23.538655],[87.388539,23.540369],[87.387841,23.540445],[87.38759,23.540906],[87.387055,23.541445],[87.386404,23.541098],[87.385873,23.541725],[87.385259,23.541878],[87.38485,23.541304],[87.38371,23.541021],[87.383026,23.540522],[87.382189,23.539307],[87.38258,23.538641],[87.381307,23.537765],[87.381295,23.536318],[87.381952,23.535826],[87.382691,23.535954],[87.387561,23.531038],[87.386059,23.524177],[87.38549,23.52346],[87.383061,23.523613],[87.380326,23.523191],[87.377089,23.522114],[87.376081,23.521144],[87.376789,23.51915],[87.377563,23.518622],[87.378589,23.518459],[87.378737,23.519463],[87.378885,23.519599],[87.379014,23.519563],[87.379152,23.519463],[87.379102,23.518341],[87.380007,23.518369],[87.379831,23.517447],[87.380393,23.517314],[87.380378,23.516594],[87.37825,23.516734],[87.378143,23.515689],[87.380746,23.514306],[87.381082,23.514021],[87.382523,23.51241],[87.382673,23.512226],[87.38307,23.511473],[87.37994,23.508806],[87.378557,23.505533],[87.380015,23.504658],[87.379637,23.503655],[87.381749,23.502997],[87.383491,23.504204],[87.382105,23.506257],[87.384451,23.509321],[87.385375,23.508734],[87.392165,23.512255],[87.398607,23.50996],[87.40092,23.511205],[87.405444,23.509683],[87.40841,23.510006],[87.409918,23.508669],[87.413387,23.510052],[87.41443,23.505064],[87.427906,23.506667],[87.428226,23.50771],[87.426209,23.510565],[87.424956,23.512338],[87.422681,23.513805],[87.422929,23.515174],[87.420761,23.518205],[87.421508,23.519216],[87.426413,23.516087],[87.427693,23.51361],[87.432172,23.508948],[87.435406,23.50859],[87.439987,23.509016],[87.443334,23.513575],[87.444907,23.513861]]]}},{"type":"Feature","id":"OSM-way-383602629","properties":{"id":"OSM-way-383602629","tag":"quarry","facilityId":null,"name":null,"cpcbCategory":null,"source":"OpenStreetMap via Overpass bulk load (© OpenStreetMap contributors, ODbL)","refreshedAt":"2026-09-29T11:06:04.248Z","mappedSince":null,"osmTags":{"landuse":"quarry"}},"geometry":{"type":"Polygon","coordinates":[[[87.227837,23.552621],[87.228638,23.552987],[87.233724,23.548671],[87.233686,23.547475],[87.233269,23.546782],[87.231362,23.546145],[87.230112,23.547057],[87.229116,23.547319],[87.228113,23.547899],[87.227624,23.547799],[87.227396,23.547904],[87.227168,23.548009],[87.226702,23.548104],[87.226538,23.548239],[87.226423,23.548417],[87.226407,23.548512],[87.226511,23.54887],[87.226524,23.54898],[87.226521,23.549217],[87.226576,23.5495],[87.226685,23.549753],[87.227613,23.550988],[87.227681,23.551033],[87.227766,23.551168],[87.22782,23.551254],[87.227842,23.551384],[87.227634,23.552157],[87.227597,23.552297],[87.22763,23.552421],[87.227837,23.552621]]]}},{"type":"Feature","id":"OSM-way-440768838","properties":{"id":"OSM-way-440768838","tag":"industrial","facilityId":"OSM-way-440768838","name":"Durgapur Thermal Power Station","cpcbCategory":"Red","source":"OpenStreetMap via Overpass bulk load (© OpenStreetMap contributors, ODbL)","refreshedAt":"2026-09-29T11:06:04.248Z","mappedSince":null,"osmTags":{"disused:power":"plant","landuse":"industrial","name":"Durgapur Thermal Power Station","operator":"Damodar Valley Corporation","plant:method":"combustion","plant:output:electricity":"210 MW","plant:source":"coal","source":"https://www.dvc.gov.in/dvcwebsite_new1/generating-units/","wikidata":"Q5316424","wikipedia":"en:Durgapur Thermal Power Station"}},"geometry":{"type":"Polygon","coordinates":[[[87.249659,23.534975],[87.24534,23.530369],[87.245907,23.529739],[87.246282,23.529725],[87.246588,23.529479],[87.246397,23.528702],[87.246379,23.527747],[87.246961,23.526631],[87.247513,23.525989],[87.247765,23.526196],[87.24843,23.527015],[87.248798,23.527546],[87.251212,23.526213],[87.251477,23.52656],[87.251799,23.526429],[87.251885,23.526346],[87.252258,23.526754],[87.252204,23.526786],[87.252285,23.526892],[87.25155,23.527428],[87.251375,23.5276],[87.25119,23.527966],[87.251732,23.530556],[87.251826,23.530939],[87.251689,23.530964],[87.251722,23.531087],[87.252341,23.530981],[87.253326,23.530959],[87.253843,23.530794],[87.253889,23.531023],[87.254401,23.530932],[87.25446,23.531008],[87.252738,23.532592],[87.251378,23.53378],[87.250568,23.534235],[87.249659,23.534975]]]}},{"type":"Feature","id":"OSM-way-516408103","properties":{"id":"OSM-way-516408103","tag":"forest","facilityId":null,"name":null,"cpcbCategory":null,"source":"OpenStreetMap via Overpass bulk load (© OpenStreetMap contributors, ODbL)","refreshedAt":"2026-09-29T11:06:04.248Z","mappedSince":null,"osmTags":{"natural":"wood"}},"geometry":{"type":"Polygon","coordinates":[[[87.336462,23.545135],[87.33955,23.543244],[87.339451,23.5429],[87.338613,23.541697],[87.337907,23.54196],[87.337708,23.54292],[87.337179,23.5429],[87.33676,23.543072],[87.335502,23.543871],[87.336462,23.545135]]]}},{"type":"Feature","id":"OSM-way-516901112","properties":{"id":"OSM-way-516901112","tag":"forest","facilityId":null,"name":null,"cpcbCategory":null,"source":"OpenStreetMap via Overpass bulk load (© OpenStreetMap contributors, ODbL)","refreshedAt":"2026-09-29T11:06:04.248Z","mappedSince":null,"osmTags":{"natural":"wood"}},"geometry":{"type":"Polygon","coordinates":[[[87.340775,23.550249],[87.342252,23.551524],[87.346649,23.547924],[87.346252,23.547487],[87.345901,23.547186],[87.345288,23.546905],[87.344801,23.546739],[87.343587,23.548444],[87.340775,23.550249]]]}},{"type":"Feature","id":"OSM-way-516901113","properties":{"id":"OSM-way-516901113","tag":"forest","facilityId":null,"name":null,"cpcbCategory":null,"source":"OpenStreetMap via Overpass bulk load (© OpenStreetMap contributors, ODbL)","refreshedAt":"2026-09-29T11:06:04.248Z","mappedSince":null,"osmTags":{"natural":"wood"}},"geometry":{"type":"Polygon","coordinates":[[[87.333469,23.515113],[87.340413,23.5257],[87.334861,23.529065],[87.327933,23.525182],[87.324594,23.524914],[87.324702,23.5221],[87.323801,23.520448],[87.333469,23.515113]]]}},{"type":"Feature","id":"OSM-way-517463511","properties":{"id":"OSM-way-517463511","tag":"forest","facilityId":null,"name":null,"cpcbCategory":null,"source":"OpenStreetMap via Overpass bulk load (© OpenStreetMap contributors, ODbL)","refreshedAt":"2026-09-29T11:06:04.248Z","mappedSince":null,"osmTags":{"natural":"wood"}},"geometry":{"type":"Polygon","coordinates":[[[87.288087,23.550893],[87.2885,23.55094],[87.288937,23.550805],[87.288971,23.550493],[87.289079,23.550207],[87.288982,23.549942],[87.289028,23.549796],[87.288943,23.549464],[87.289039,23.549209],[87.289039,23.548892],[87.288274,23.548274],[87.287826,23.547806],[87.287485,23.547655],[87.287242,23.547769],[87.287251,23.548028],[87.287964,23.549097],[87.288474,23.549893],[87.288086,23.550682],[87.288087,23.550893]]]}},{"type":"Feature","id":"OSM-way-517463514","properties":{"id":"OSM-way-517463514","tag":"forest","facilityId":null,"name":null,"cpcbCategory":null,"source":"OpenStreetMap via Overpass bulk load (© OpenStreetMap contributors, ODbL)","refreshedAt":"2026-09-29T11:06:04.248Z","mappedSince":null,"osmTags":{"natural":"wood"}},"geometry":{"type":"Polygon","coordinates":[[[87.290972,23.552506],[87.291289,23.552491],[87.291631,23.552394],[87.29181,23.552487],[87.292245,23.552718],[87.292355,23.553028],[87.292383,23.553236],[87.292168,23.553501],[87.292005,23.553671],[87.29106,23.554243],[87.290972,23.552506]]]}},{"type":"Feature","id":"OSM-way-517463523","properties":{"id":"OSM-way-517463523","tag":"forest","facilityId":null,"name":null,"cpcbCategory":null,"source":"OpenStreetMap via Overpass bulk load (© OpenStreetMap contributors, ODbL)","refreshedAt":"2026-09-29T11:06:04.248Z","mappedSince":null,"osmTags":{"natural":"wood"}},"geometry":{"type":"Polygon","coordinates":[[[87.287188,23.542586],[87.287351,23.542228],[87.287273,23.541117],[87.288536,23.540287],[87.29038,23.543004],[87.288347,23.54421],[87.287188,23.542586]]]}},{"type":"Feature","id":"OSM-way-517465347","properties":{"id":"OSM-way-517465347","tag":"forest","facilityId":null,"name":null,"cpcbCategory":null,"source":"OpenStreetMap via Overpass bulk load (© OpenStreetMap contributors, ODbL)","refreshedAt":"2026-09-29T11:06:04.248Z","mappedSince":null,"osmTags":{"natural":"wood"}},"geometry":{"type":"Polygon","coordinates":[[[87.293351,23.539785],[87.293146,23.539946],[87.292942,23.540369],[87.292846,23.540414],[87.29284,23.540343],[87.293325,23.539205],[87.293498,23.539234],[87.293716,23.539254],[87.293923,23.539228],[87.294085,23.53921],[87.294283,23.539171],[87.294388,23.539184],[87.294139,23.539319],[87.293835,23.539499],[87.293841,23.539384],[87.293728,23.539371],[87.293495,23.539364],[87.293396,23.539389],[87.293356,23.539447],[87.293302,23.539582],[87.293271,23.539712],[87.293302,23.53974],[87.293351,23.539785]]]}},{"type":"Feature","id":"OSM-way-662417632","properties":{"id":"OSM-way-662417632","tag":"industrial","facilityId":null,"name":null,"cpcbCategory":null,"source":"OpenStreetMap via Overpass bulk load (© OpenStreetMap contributors, ODbL)","refreshedAt":"2026-09-29T11:06:04.248Z","mappedSince":null,"osmTags":{"man_made":"works"}},"geometry":{"type":"Polygon","coordinates":[[[87.274947,23.506993],[87.275219,23.509116],[87.276952,23.509002],[87.27965,23.509652],[87.281033,23.509333],[87.280437,23.506898],[87.28003,23.507037],[87.279471,23.507406],[87.279306,23.507206],[87.279018,23.507293],[87.278406,23.506824],[87.274947,23.506993]]]}},{"type":"Feature","id":"OSM-way-662417633","properties":{"id":"OSM-way-662417633","tag":"industrial","facilityId":null,"name":null,"cpcbCategory":null,"source":"OpenStreetMap via Overpass bulk load (© OpenStreetMap contributors, ODbL)","refreshedAt":"2026-09-29T11:06:04.248Z","mappedSince":null,"osmTags":{"man_made":"works"}},"geometry":{"type":"Polygon","coordinates":[[[87.271609,23.515029],[87.27154,23.515107],[87.270492,23.516452],[87.272484,23.517623],[87.273658,23.516479],[87.271609,23.515029]]]}},{"type":"Feature","id":"OSM-way-662417634","properties":{"id":"OSM-way-662417634","tag":"industrial","facilityId":null,"name":null,"cpcbCategory":null,"source":"OpenStreetMap via Overpass bulk load (© OpenStreetMap contributors, ODbL)","refreshedAt":"2026-09-29T11:06:04.248Z","mappedSince":null,"osmTags":{"man_made":"works"}},"geometry":{"type":"Polygon","coordinates":[[[87.280437,23.506898],[87.280914,23.506734],[87.280904,23.506688],[87.281643,23.506531],[87.28215,23.5087],[87.281978,23.508724],[87.282557,23.511265],[87.281554,23.51146],[87.281033,23.509333],[87.280437,23.506898]]]}},{"type":"Feature","id":"OSM-way-662417635","properties":{"id":"OSM-way-662417635","tag":"industrial","facilityId":null,"name":null,"cpcbCategory":null,"source":"OpenStreetMap via Overpass bulk load (© OpenStreetMap contributors, ODbL)","refreshedAt":"2026-09-29T11:06:04.248Z","mappedSince":null,"osmTags":{"man_made":"works"}},"geometry":{"type":"Polygon","coordinates":[[[87.282775,23.511378],[87.284258,23.511072],[87.283144,23.506256],[87.281643,23.506531],[87.28215,23.5087],[87.282775,23.511378]]]}},{"type":"Feature","id":"OSM-way-662417636","properties":{"id":"OSM-way-662417636","tag":"industrial","facilityId":null,"name":null,"cpcbCategory":null,"source":"OpenStreetMap via Overpass bulk load (© OpenStreetMap contributors, ODbL)","refreshedAt":"2026-09-29T11:06:04.248Z","mappedSince":null,"osmTags":{"man_made":"works"}},"geometry":{"type":"Polygon","coordinates":[[[87.275466,23.512916],[87.27534,23.511506],[87.275672,23.511164],[87.28035,23.510744],[87.280661,23.511691],[87.275466,23.512916]]]}},{"type":"Feature","id":"OSM-way-662417637","properties":{"id":"OSM-way-662417637","tag":"industrial","facilityId":null,"name":null,"cpcbCategory":null,"source":"OpenStreetMap via Overpass bulk load (© OpenStreetMap contributors, ODbL)","refreshedAt":"2026-09-29T11:06:04.248Z","mappedSince":null,"osmTags":{"man_made":"works"}},"geometry":{"type":"Polygon","coordinates":[[[87.275304,23.516894],[87.27474,23.514704],[87.274552,23.513998],[87.275014,23.513882],[87.27936,23.512729],[87.279685,23.513656],[87.279824,23.513624],[87.27995,23.513993],[87.279511,23.514158],[87.279653,23.514512],[87.279669,23.514635],[87.275304,23.516894]]]}},{"type":"Feature","id":"OSM-way-733870655","properties":{"id":"OSM-way-733870655","tag":"industrial","facilityId":"OSM-way-733870655","name":"Jhanjra KB & RS Factory","cpcbCategory":null,"source":"OpenStreetMap via Overpass bulk load (© OpenStreetMap contributors, ODbL)","refreshedAt":"2026-09-29T11:06:04.248Z","mappedSince":null,"osmTags":{"landuse":"industrial","name":"Jhanjra KB & RS Factory"}},"geometry":{"type":"Polygon","coordinates":[[[87.284747,23.638265],[87.284543,23.637818],[87.284446,23.637715],[87.284393,23.637464],[87.284339,23.637292],[87.284259,23.637125],[87.282944,23.638221],[87.283658,23.639204],[87.284747,23.638265]]]}},{"type":"Feature","id":"OSM-way-974476573","properties":{"id":"OSM-way-974476573","tag":"industrial","facilityId":null,"name":null,"cpcbCategory":null,"source":"OpenStreetMap via Overpass bulk load (© OpenStreetMap contributors, ODbL)","refreshedAt":"2026-09-29T11:06:04.248Z","mappedSince":null,"osmTags":{"landuse":"industrial"}},"geometry":{"type":"Polygon","coordinates":[[[87.288826,23.617339],[87.290103,23.617079],[87.290065,23.616877],[87.289821,23.616304],[87.290103,23.616206],[87.289724,23.615747],[87.288214,23.615992],[87.288826,23.617339]]]}},{"type":"Feature","id":"OSM-way-974476574","properties":{"id":"OSM-way-974476574","tag":"industrial","facilityId":null,"name":null,"cpcbCategory":null,"source":"OpenStreetMap via Overpass bulk load (© OpenStreetMap contributors, ODbL)","refreshedAt":"2026-09-29T11:06:04.248Z","mappedSince":null,"osmTags":{"landuse":"industrial"}},"geometry":{"type":"Polygon","coordinates":[[[87.298822,23.593393],[87.301354,23.592292],[87.301403,23.592444],[87.305195,23.590935],[87.304873,23.59067],[87.304562,23.589583],[87.304348,23.588841],[87.300394,23.589475],[87.300346,23.589332],[87.298978,23.589863],[87.298924,23.589986],[87.298533,23.590458],[87.298205,23.590738],[87.298157,23.590925],[87.298205,23.591255],[87.298377,23.591471],[87.298248,23.591682],[87.298372,23.591923],[87.298345,23.592336],[87.298822,23.593393]]]}},{"type":"Feature","id":"OSM-way-974476576","properties":{"id":"OSM-way-974476576","tag":"industrial","facilityId":null,"name":null,"cpcbCategory":null,"source":"OpenStreetMap via Overpass bulk load (© OpenStreetMap contributors, ODbL)","refreshedAt":"2026-09-29T11:06:04.248Z","mappedSince":null,"osmTags":{"man_made":"works"}},"geometry":{"type":"Polygon","coordinates":[[[87.265831,23.531389],[87.266153,23.531329],[87.266357,23.531358],[87.266722,23.530227],[87.267441,23.529838],[87.267864,23.530647],[87.274693,23.527291],[87.275294,23.527645],[87.276404,23.527261],[87.276539,23.526454],[87.275863,23.525294],[87.283909,23.521162],[87.285765,23.519726],[87.286195,23.518968],[87.286398,23.515456],[87.287471,23.515377],[87.287471,23.51398],[87.287053,23.51221],[87.286867,23.511925],[87.286745,23.511731],[87.282444,23.514009],[87.282657,23.514389],[87.281554,23.514974],[87.281332,23.514598],[87.270913,23.520117],[87.270242,23.520868],[87.269587,23.521281],[87.269723,23.521494],[87.269631,23.521538],[87.266148,23.52546],[87.265558,23.526002],[87.265656,23.526105],[87.264742,23.527121],[87.265512,23.528396],[87.265831,23.531389]]]}},{"type":"Feature","id":"OSM-way-974476577","properties":{"id":"OSM-way-974476577","tag":"industrial","facilityId":null,"name":null,"cpcbCategory":null,"source":"OpenStreetMap via Overpass bulk load (© OpenStreetMap contributors, ODbL)","refreshedAt":"2026-09-29T11:06:04.248Z","mappedSince":null,"osmTags":{"man_made":"works"}},"geometry":{"type":"Polygon","coordinates":[[[87.266495,23.531585],[87.267173,23.531899],[87.267864,23.530647],[87.267096,23.530291],[87.26648,23.531407],[87.266553,23.531424],[87.266495,23.531585]]]}},{"type":"Feature","id":"OSM-way-974481172","properties":{"id":"OSM-way-974481172","tag":"industrial","facilityId":null,"name":null,"cpcbCategory":null,"source":"OpenStreetMap via Overpass bulk load (© OpenStreetMap contributors, ODbL)","refreshedAt":"2026-09-29T11:06:04.248Z","mappedSince":null,"osmTags":{"landuse":"industrial"}},"geometry":{"type":"Polygon","coordinates":[[[87.273937,23.635169],[87.274884,23.634976],[87.275098,23.636207],[87.275302,23.636187],[87.275536,23.637207],[87.274873,23.637313],[87.274766,23.636878],[87.274573,23.636907],[87.274385,23.636816],[87.274602,23.636339],[87.274256,23.636251],[87.274041,23.636136],[87.274096,23.635992],[87.274071,23.635971],[87.274151,23.635661],[87.274011,23.635371],[87.273918,23.635344],[87.273937,23.635169]]]}},{"type":"Feature","id":"OSM-way-974481173","properties":{"id":"OSM-way-974481173","tag":"industrial","facilityId":null,"name":null,"cpcbCategory":null,"source":"OpenStreetMap via Overpass bulk load (© OpenStreetMap contributors, ODbL)","refreshedAt":"2026-09-29T11:06:04.248Z","mappedSince":null,"osmTags":{"man_made":"works"}},"geometry":{"type":"Polygon","coordinates":[[[87.374164,23.503224],[87.375367,23.503001],[87.375426,23.503161],[87.376437,23.502861],[87.376153,23.50141],[87.374398,23.50177],[87.374164,23.503224]]]}},{"type":"Feature","id":"OSM-way-974481174","properties":{"id":"OSM-way-974481174","tag":"industrial","facilityId":null,"name":null,"cpcbCategory":null,"source":"OpenStreetMap via Overpass bulk load (© OpenStreetMap contributors, ODbL)","refreshedAt":"2026-09-29T11:06:04.248Z","mappedSince":null,"osmTags":{"man_made":"works"}},"geometry":{"type":"Polygon","coordinates":[[[87.374195,23.501907],[87.374169,23.502063],[87.373922,23.503672],[87.37409,23.503687],[87.374108,23.503573],[87.374954,23.503503],[87.37526,23.504745],[87.37518,23.504816],[87.374642,23.5051],[87.373571,23.505285],[87.373223,23.505366],[87.372394,23.505363],[87.372305,23.505326],[87.371765,23.505338],[87.371647,23.504721],[87.371712,23.50219],[87.374195,23.501907]]]}},{"type":"Feature","id":"OSM-way-974481175","properties":{"id":"OSM-way-974481175","tag":"industrial","facilityId":null,"name":null,"cpcbCategory":null,"source":"OpenStreetMap via Overpass bulk load (© OpenStreetMap contributors, ODbL)","refreshedAt":"2026-09-29T11:06:04.248Z","mappedSince":null,"osmTags":{"man_made":"works"}},"geometry":{"type":"Polygon","coordinates":[[[87.368324,23.502588],[87.370094,23.502396],[87.370238,23.498719],[87.36769,23.49915],[87.368133,23.501386],[87.368093,23.501396],[87.368324,23.502588]]]}},{"type":"Feature","id":"OSM-way-974481188","properties":{"id":"OSM-way-974481188","tag":"industrial","facilityId":null,"name":null,"cpcbCategory":null,"source":"OpenStreetMap via Overpass bulk load (© OpenStreetMap contributors, ODbL)","refreshedAt":"2026-09-29T11:06:04.248Z","mappedSince":null,"osmTags":{"man_made":"works"}},"geometry":{"type":"Polygon","coordinates":[[[87.380003,23.500721],[87.379364,23.501188],[87.379522,23.501282],[87.379914,23.501392],[87.380217,23.501412],[87.380187,23.501112],[87.380113,23.501105],[87.380003,23.500721]]]}},{"type":"Feature","id":"OSM-way-974481189","properties":{"id":"OSM-way-974481189","tag":"industrial","facilityId":null,"name":null,"cpcbCategory":null,"source":"OpenStreetMap via Overpass bulk load (© OpenStreetMap contributors, ODbL)","refreshedAt":"2026-09-29T11:06:04.248Z","mappedSince":null,"osmTags":{"man_made":"works"}},"geometry":{"type":"Polygon","coordinates":[[[87.380217,23.501412],[87.381389,23.501363],[87.381375,23.501232],[87.381402,23.501205],[87.381247,23.500396],[87.381048,23.499899],[87.380638,23.499998],[87.38064,23.500143],[87.380362,23.500182],[87.380203,23.500298],[87.38023,23.500386],[87.37994,23.500684],[87.380013,23.500713],[87.380003,23.500721],[87.380113,23.501105],[87.380187,23.501112],[87.380217,23.501412]]]}},{"type":"Feature","id":"OSM-way-974481190","properties":{"id":"OSM-way-974481190","tag":"industrial","facilityId":null,"name":null,"cpcbCategory":null,"source":"OpenStreetMap via Overpass bulk load (© OpenStreetMap contributors, ODbL)","refreshedAt":"2026-09-29T11:06:04.248Z","mappedSince":null,"osmTags":{"man_made":"works"}},"geometry":{"type":"Polygon","coordinates":[[[87.374737,23.499652],[87.375979,23.499356],[87.376496,23.501175],[87.374414,23.501672],[87.374589,23.500542],[87.374737,23.499652]]]}},{"type":"Feature","id":"OSM-way-974481191","properties":{"id":"OSM-way-974481191","tag":"industrial","facilityId":null,"name":null,"cpcbCategory":null,"source":"OpenStreetMap via Overpass bulk load (© OpenStreetMap contributors, ODbL)","refreshedAt":"2026-09-29T11:06:04.248Z","mappedSince":null,"osmTags":{"man_made":"works"}},"geometry":{"type":"Polygon","coordinates":[[[87.374737,23.499652],[87.375979,23.499356],[87.377674,23.498972],[87.377002,23.497571],[87.374986,23.498126],[87.374737,23.499652]]]}},{"type":"Feature","id":"OSM-way-974481192","properties":{"id":"OSM-way-974481192","tag":"industrial","facilityId":null,"name":null,"cpcbCategory":null,"source":"OpenStreetMap via Overpass bulk load (© OpenStreetMap contributors, ODbL)","refreshedAt":"2026-09-29T11:06:04.248Z","mappedSince":null,"osmTags":{"man_made":"works"}},"geometry":{"type":"Polygon","coordinates":[[[87.371769,23.500282],[87.371796,23.499365],[87.374715,23.498886],[87.374511,23.500002],[87.371769,23.500282]]]}},{"type":"Feature","id":"OSM-way-974481193","properties":{"id":"OSM-way-974481193","tag":"industrial","facilityId":null,"name":null,"cpcbCategory":null,"source":"OpenStreetMap via Overpass bulk load (© OpenStreetMap contributors, ODbL)","refreshedAt":"2026-09-29T11:06:04.248Z","mappedSince":null,"osmTags":{"man_made":"works"}},"geometry":{"type":"Polygon","coordinates":[[[87.374195,23.501907],[87.371712,23.50219],[87.371715,23.502078],[87.371769,23.500282],[87.374511,23.500002],[87.374489,23.50014],[87.374195,23.501907]]]}},{"type":"Feature","id":"OSM-way-974481194","properties":{"id":"OSM-way-974481194","tag":"industrial","facilityId":null,"name":null,"cpcbCategory":null,"source":"OpenStreetMap via Overpass bulk load (© OpenStreetMap contributors, ODbL)","refreshedAt":"2026-09-29T11:06:04.248Z","mappedSince":null,"osmTags":{"man_made":"works"}},"geometry":{"type":"Polygon","coordinates":[[[87.371884,23.496655],[87.374042,23.495804],[87.373822,23.495174],[87.373731,23.495199],[87.373501,23.494116],[87.372847,23.494453],[87.372141,23.494894],[87.371927,23.495112],[87.371884,23.496655]]]}},{"type":"Feature","id":"OSM-way-974481195","properties":{"id":"OSM-way-974481195","tag":"industrial","facilityId":null,"name":null,"cpcbCategory":null,"source":"OpenStreetMap via Overpass bulk load (© OpenStreetMap contributors, ODbL)","refreshedAt":"2026-09-29T11:06:04.248Z","mappedSince":null,"osmTags":{"man_made":"works"}},"geometry":{"type":"Polygon","coordinates":[[[87.359419,23.489423],[87.360497,23.488862],[87.358952,23.486353],[87.359403,23.486062],[87.364407,23.493605],[87.364024,23.493822],[87.364665,23.494763],[87.363894,23.495196],[87.363067,23.493979],[87.362621,23.494249],[87.359419,23.489423]]]}},{"type":"Feature","id":"OSM-way-974481196","properties":{"id":"OSM-way-974481196","tag":"industrial","facilityId":null,"name":null,"cpcbCategory":null,"source":"OpenStreetMap via Overpass bulk load (© OpenStreetMap contributors, ODbL)","refreshedAt":"2026-09-29T11:06:04.248Z","mappedSince":null,"osmTags":{"man_made":"works"}},"geometry":{"type":"Polygon","coordinates":[[[87.361699,23.487475],[87.362728,23.486886],[87.363966,23.488705],[87.362937,23.489294],[87.361699,23.487475]]]}},{"type":"Feature","id":"OSM-way-974481197","properties":{"id":"OSM-way-974481197","tag":"industrial","facilityId":null,"name":null,"cpcbCategory":null,"source":"OpenStreetMap via Overpass bulk load (© OpenStreetMap contributors, ODbL)","refreshedAt":"2026-09-29T11:06:04.248Z","mappedSince":null,"osmTags":{"man_made":"works"}},"geometry":{"type":"Polygon","coordinates":[[[87.365196,23.490092],[87.366186,23.48956],[87.364996,23.487694],[87.364005,23.488225],[87.365196,23.490092]]]}},{"type":"Feature","id":"OSM-way-974481198","properties":{"id":"OSM-way-974481198","tag":"industrial","facilityId":null,"name":null,"cpcbCategory":null,"source":"OpenStreetMap via Overpass bulk load (© OpenStreetMap contributors, ODbL)","refreshedAt":"2026-09-29T11:06:04.248Z","mappedSince":null,"osmTags":{"man_made":"works"}},"geometry":{"type":"Polygon","coordinates":[[[87.366133,23.490962],[87.364622,23.491819],[87.364022,23.490931],[87.364802,23.490488],[87.36584,23.49052],[87.366133,23.490962]]]}},{"type":"Feature","id":"OSM-way-974481199","properties":{"id":"OSM-way-974481199","tag":"industrial","facilityId":null,"name":null,"cpcbCategory":null,"source":"OpenStreetMap via Overpass bulk load (© OpenStreetMap contributors, ODbL)","refreshedAt":"2026-09-29T11:06:04.248Z","mappedSince":null,"osmTags":{"man_made":"works"}},"geometry":{"type":"Polygon","coordinates":[[[87.366748,23.491429],[87.367772,23.490854],[87.366774,23.489362],[87.365628,23.490007],[87.365717,23.490259],[87.365964,23.490357],[87.366748,23.491429]]]}},{"type":"Feature","id":"OSM-way-974481200","properties":{"id":"OSM-way-974481200","tag":"industrial","facilityId":null,"name":null,"cpcbCategory":null,"source":"OpenStreetMap via Overpass bulk load (© OpenStreetMap contributors, ODbL)","refreshedAt":"2026-09-29T11:06:04.248Z","mappedSince":null,"osmTags":{"man_made":"works"}},"geometry":{"type":"Polygon","coordinates":[[[87.369906,23.49286],[87.364515,23.484714],[87.364274,23.484808],[87.362584,23.484793],[87.350155,23.484631],[87.349806,23.484673],[87.349088,23.484755],[87.349071,23.484632],[87.348809,23.484544],[87.348761,23.48446],[87.348675,23.484427],[87.348624,23.484273],[87.348549,23.481424],[87.350258,23.481349],[87.35029,23.481798],[87.351211,23.481827],[87.351261,23.481396],[87.351837,23.481404],[87.353803,23.481362],[87.355316,23.481396],[87.356405,23.481403],[87.357011,23.481442],[87.35774,23.481442],[87.358434,23.48136],[87.358461,23.481403],[87.360853,23.481365],[87.363159,23.481373],[87.364033,23.481427],[87.364648,23.481422],[87.366354,23.481424],[87.367391,23.481475],[87.368285,23.481441],[87.368387,23.482657],[87.368657,23.482731],[87.368953,23.482641],[87.369043,23.483061],[87.369102,23.483204],[87.369649,23.483032],[87.369976,23.483046],[87.370112,23.483121],[87.37016,23.483349],[87.370226,23.483344],[87.370353,23.483698],[87.370662,23.483669],[87.370684,23.48382],[87.370639,23.483825],[87.370766,23.484489],[87.37067,23.484586],[87.370963,23.485146],[87.371404,23.485074],[87.371453,23.485317],[87.371542,23.485307],[87.371656,23.485559],[87.371547,23.485645],[87.37173,23.48605],[87.371817,23.48602],[87.372107,23.486707],[87.372275,23.48706],[87.372159,23.487143],[87.372098,23.487216],[87.372218,23.487475],[87.372164,23.487557],[87.372309,23.48786],[87.372372,23.487878],[87.372429,23.488062],[87.372493,23.488147],[87.372765,23.488027],[87.372865,23.48845],[87.372947,23.48864],[87.373314,23.490037],[87.373321,23.490174],[87.373414,23.490378],[87.373444,23.490555],[87.373316,23.490601],[87.373244,23.49051],[87.372947,23.490614],[87.373112,23.490888],[87.372338,23.491167],[87.372347,23.4912],[87.372544,23.49142],[87.37262,23.491592],[87.372253,23.491697],[87.37232,23.491918],[87.371835,23.492051],[87.371913,23.492203],[87.371956,23.492344],[87.371992,23.492369],[87.372175,23.492867],[87.372045,23.492907],[87.371918,23.492912],[87.371768,23.492945],[87.371725,23.492875],[87.371706,23.492757],[87.371314,23.492843],[87.371523,23.493458],[87.371309,23.493457],[87.371162,23.493511],[87.371196,23.493626],[87.37071,23.493777],[87.370667,23.493587],[87.370966,23.493523],[87.370952,23.493403],[87.370304,23.493463],[87.369906,23.49286]]]}},{"type":"Feature","id":"OSM-way-974481201","properties":{"id":"OSM-way-974481201","tag":"industrial","facilityId":null,"name":null,"cpcbCategory":null,"source":"OpenStreetMap via Overpass bulk load (© OpenStreetMap contributors, ODbL)","refreshedAt":"2026-09-29T11:06:04.248Z","mappedSince":null,"osmTags":{"man_made":"works"}},"geometry":{"type":"Polygon","coordinates":[[[87.32959,23.510605],[87.330446,23.509455],[87.328219,23.509366],[87.328321,23.507227],[87.329491,23.507222],[87.329512,23.507694],[87.329974,23.507787],[87.330006,23.507217],[87.33242,23.507187],[87.332425,23.506336],[87.332779,23.506319],[87.332822,23.504413],[87.332141,23.504167],[87.332122,23.504056],[87.331757,23.503648],[87.331106,23.50365],[87.329995,23.503493],[87.328375,23.503466],[87.328359,23.503756],[87.32801,23.503751],[87.32775,23.503702],[87.327558,23.504387],[87.327598,23.504451],[87.327541,23.505106],[87.327463,23.505493],[87.327109,23.505436],[87.326102,23.505613],[87.326104,23.505779],[87.326118,23.507527],[87.327983,23.507566],[87.327821,23.510332],[87.32959,23.510605]]]}},{"type":"Feature","id":"OSM-way-974481202","properties":{"id":"OSM-way-974481202","tag":"industrial","facilityId":null,"name":null,"cpcbCategory":null,"source":"OpenStreetMap via Overpass bulk load (© OpenStreetMap contributors, ODbL)","refreshedAt":"2026-09-29T11:06:04.248Z","mappedSince":null,"osmTags":{"man_made":"works"}},"geometry":{"type":"Polygon","coordinates":[[[87.311431,23.511521],[87.315189,23.509671],[87.314873,23.50902],[87.313719,23.50947],[87.31373,23.508875],[87.312845,23.508988],[87.311649,23.509216],[87.311643,23.508314],[87.310913,23.508235],[87.310884,23.509749],[87.310895,23.510688],[87.311037,23.510983],[87.311431,23.511521]]]}},{"type":"Feature","id":"OSM-way-974481203","properties":{"id":"OSM-way-974481203","tag":"industrial","facilityId":null,"name":null,"cpcbCategory":null,"source":"OpenStreetMap via Overpass bulk load (© OpenStreetMap contributors, ODbL)","refreshedAt":"2026-09-29T11:06:04.248Z","mappedSince":null,"osmTags":{"man_made":"works"}},"geometry":{"type":"Polygon","coordinates":[[[87.312615,23.506788],[87.312845,23.508988],[87.31373,23.508875],[87.313618,23.506936],[87.313636,23.506587],[87.312615,23.506788]]]}},{"type":"Feature","id":"OSM-way-974481204","properties":{"id":"OSM-way-974481204","tag":"industrial","facilityId":null,"name":null,"cpcbCategory":null,"source":"OpenStreetMap via Overpass bulk load (© OpenStreetMap contributors, ODbL)","refreshedAt":"2026-09-29T11:06:04.248Z","mappedSince":null,"osmTags":{"man_made":"works"}},"geometry":{"type":"Polygon","coordinates":[[[87.313434,23.51661],[87.314921,23.515807],[87.315513,23.516729],[87.314027,23.517533],[87.313434,23.51661]]]}},{"type":"Feature","id":"OSM-way-974481205","properties":{"id":"OSM-way-974481205","tag":"industrial","facilityId":null,"name":null,"cpcbCategory":null,"source":"OpenStreetMap via Overpass bulk load (© OpenStreetMap contributors, ODbL)","refreshedAt":"2026-09-29T11:06:04.248Z","mappedSince":null,"osmTags":{"man_made":"works"}},"geometry":{"type":"Polygon","coordinates":[[[87.317115,23.513474],[87.319052,23.512525],[87.320199,23.514462],[87.318412,23.515425],[87.317115,23.513474]]]}},{"type":"Feature","id":"OSM-way-974481206","properties":{"id":"OSM-way-974481206","tag":"industrial","facilityId":null,"name":null,"cpcbCategory":null,"source":"OpenStreetMap via Overpass bulk load (© OpenStreetMap contributors, ODbL)","refreshedAt":"2026-09-29T11:06:04.248Z","mappedSince":null,"osmTags":{"man_made":"works"}},"geometry":{"type":"Polygon","coordinates":[[[87.316773,23.516303],[87.315506,23.514241],[87.317115,23.513474],[87.318412,23.515425],[87.316773,23.516303]]]}},{"type":"Feature","id":"OSM-way-974481210","properties":{"id":"OSM-way-974481210","tag":"industrial","facilityId":null,"name":null,"cpcbCategory":null,"source":"OpenStreetMap via Overpass bulk load (© OpenStreetMap contributors, ODbL)","refreshedAt":"2026-09-29T11:06:04.248Z","mappedSince":null,"osmTags":{"man_made":"works"}},"geometry":{"type":"Polygon","coordinates":[[[87.247365,23.560233],[87.249139,23.559869],[87.249783,23.560665],[87.248116,23.561305],[87.247365,23.560233]]]}},{"type":"Feature","id":"OSM-way-974481211","properties":{"id":"OSM-way-974481211","tag":"industrial","facilityId":null,"name":null,"cpcbCategory":null,"source":"OpenStreetMap via Overpass bulk load (© OpenStreetMap contributors, ODbL)","refreshedAt":"2026-09-29T11:06:04.248Z","mappedSince":null,"osmTags":{"landuse":"industrial","man_made":"works"}},"geometry":{"type":"Polygon","coordinates":[[[87.234537,23.563199],[87.236263,23.562001],[87.235985,23.560833],[87.23593,23.560599],[87.228493,23.562073],[87.226824,23.562418],[87.22705,23.563291],[87.229472,23.562762],[87.231993,23.562832],[87.232227,23.563639],[87.234537,23.563199]]]}},{"type":"Feature","id":"OSM-way-974643516","properties":{"id":"OSM-way-974643516","tag":"forest","facilityId":null,"name":null,"cpcbCategory":null,"source":"OpenStreetMap via Overpass bulk load (© OpenStreetMap contributors, ODbL)","refreshedAt":"2026-09-29T11:06:04.248Z","mappedSince":null,"osmTags":{"natural":"wood"}},"geometry":{"type":"Polygon","coordinates":[[[87.304016,23.534581],[87.304025,23.534578],[87.305775,23.533849],[87.306149,23.534386],[87.304951,23.535003],[87.305094,23.535388],[87.304364,23.535797],[87.303801,23.536037],[87.303357,23.535928],[87.303787,23.535093],[87.304016,23.534581]]]}},{"type":"Feature","id":"OSM-way-982810626","properties":{"id":"OSM-way-982810626","tag":"quarry","facilityId":"OSM-way-982810626","name":"Tara (East & West) Coal Mine","cpcbCategory":"Red","source":"OpenStreetMap via Overpass bulk load (© OpenStreetMap contributors, ODbL)","refreshedAt":"2026-09-29T11:06:04.248Z","mappedSince":null,"osmTags":{"landuse":"quarry","name":"Tara (East & West) Coal Mine","operator":"West Bengal Power Development Corporation Limited","resource":"coal","source":"https://www.gem.wiki/Tara_(East_%26_West)_coal_mine"}},"geometry":{"type":"Polygon","coordinates":[[[87.233028,23.457451],[87.233904,23.455692],[87.23615,23.454553],[87.235931,23.452778],[87.237117,23.452141],[87.238907,23.452409],[87.242047,23.453615],[87.240641,23.455793],[87.240039,23.457819],[87.238268,23.459377],[87.236351,23.458724],[87.233028,23.457451]]]}},{"type":"Feature","id":"OSM-way-987918498","properties":{"id":"OSM-way-987918498","tag":"industrial","facilityId":"OSM-way-987918498","name":"Durgapur SAIL power station","cpcbCategory":"Red","source":"OpenStreetMap via Overpass bulk load (© OpenStreetMap contributors, ODbL)","refreshedAt":"2026-09-29T11:06:04.248Z","mappedSince":null,"osmTags":{"landuse":"industrial","name":"Durgapur SAIL power station","operator":"NTPC-Sail Power Co Ltd","plant:method":"combustion","plant:output:electricity":"120 MW","plant:source":"coal","power":"plant","ref":"https://www.gem.wiki/Durgapur_SAIL_power_station","start_date":"1987"}},"geometry":{"type":"Polygon","coordinates":[[[87.245489,23.553474],[87.248354,23.554497],[87.251782,23.548144],[87.248076,23.548387],[87.245489,23.553474]]]}},{"type":"Feature","id":"OSM-way-988613841","properties":{"id":"OSM-way-988613841","tag":"quarry","facilityId":null,"name":null,"cpcbCategory":null,"source":"OpenStreetMap via Overpass bulk load (© OpenStreetMap contributors, ODbL)","refreshedAt":"2026-09-29T11:06:04.248Z","mappedSince":null,"osmTags":{"description":"underground mine","industrial":"mine","landuse":"industrial"}},"geometry":{"type":"Polygon","coordinates":[[[87.202295,23.621374],[87.202689,23.621423],[87.20314,23.621482],[87.203776,23.621254],[87.203328,23.621008],[87.203188,23.620902],[87.20321,23.620844],[87.202869,23.620625],[87.202507,23.62046],[87.202571,23.620323],[87.202408,23.620278],[87.202258,23.62047],[87.202467,23.620895],[87.202359,23.621129],[87.202295,23.621374]]]}},{"type":"Feature","id":"OSM-way-988613851","properties":{"id":"OSM-way-988613851","tag":"quarry","facilityId":"OSM-way-988613851","name":"MAOHUSUDANPUR 7 PIT & INCLINE","cpcbCategory":"Red","source":"OpenStreetMap via Overpass bulk load (© OpenStreetMap contributors, ODbL)","refreshedAt":"2026-09-29T11:06:04.248Z","mappedSince":null,"osmTags":{"description":"underground mine","industrial":"mine","landuse":"industrial","name":"MAOHUSUDANPUR 7 PIT & INCLINE","operator":"Eastern Coalfields Limited (ECL)","source":"https://doi.org/10.7910/DVN/TDEK8O, Harvard Dataverse, V1"}},"geometry":{"type":"Polygon","coordinates":[[[87.196587,23.63074],[87.196657,23.630911],[87.1967,23.630926],[87.196783,23.630958],[87.197132,23.630789],[87.197188,23.630852],[87.198132,23.630405],[87.19832,23.630386],[87.198406,23.630484],[87.198913,23.630241],[87.199296,23.630108],[87.199087,23.629641],[87.198811,23.629292],[87.198293,23.629327],[87.198175,23.629425],[87.197861,23.629621],[87.196893,23.630125],[87.196424,23.630381],[87.196582,23.630639],[87.196628,23.630705],[87.196587,23.63074]]]}},{"type":"Feature","id":"OSM-way-1069823610","properties":{"id":"OSM-way-1069823610","tag":"industrial","facilityId":null,"name":null,"cpcbCategory":null,"source":"OpenStreetMap via Overpass bulk load (© OpenStreetMap contributors, ODbL)","refreshedAt":"2026-09-29T11:06:04.248Z","mappedSince":null,"osmTags":{"building":"yes","man_made":"works"}},"geometry":{"type":"Polygon","coordinates":[[[87.233854,23.613369],[87.233348,23.611145],[87.233139,23.611186],[87.233202,23.611463],[87.23304,23.611494],[87.233145,23.611955],[87.233108,23.611962],[87.233087,23.611869],[87.232996,23.611887],[87.233015,23.611974],[87.232982,23.61198],[87.23309,23.612459],[87.233261,23.612426],[87.233281,23.612515],[87.2333,23.612511],[87.233511,23.613435],[87.233854,23.613369]]]}},{"type":"Feature","id":"OSM-way-1265285557","properties":{"id":"OSM-way-1265285557","tag":"industrial","facilityId":"OSM-way-1265285557","name":"Jai Balaji (Shri Ramrupai Balaji) Steel Captive Power Plant","cpcbCategory":"Red","source":"OpenStreetMap via Overpass bulk load (© OpenStreetMap contributors, ODbL)","refreshedAt":"2026-09-29T11:06:04.248Z","mappedSince":null,"osmTags":{"landuse":"industrial","name:en":"Jai Balaji (Shri Ramrupai Balaji) Steel Captive Power Plant","note":"Page 44/198: http://www.cmlinks.com/pub/dp/dp26454.pdf","plant:method":"combustion","plant:output:electricity":"yes","plant:source":"coal","power":"plant","source":"https://www.dnaindia.com/business/report-jai-balaji-sponge-to-consolidate-steel-operations-1087956;https://www.equitybulls.com/category.php?id=9949"}},"geometry":{"type":"Polygon","coordinates":[[[87.357918,23.481604],[87.359488,23.481583],[87.359521,23.483673],[87.357951,23.483693],[87.357918,23.481604]]]}},{"type":"Feature","id":"OSM-way-1268865743","properties":{"id":"OSM-way-1268865743","tag":"farmland","facilityId":null,"name":null,"cpcbCategory":null,"source":"OpenStreetMap via Overpass bulk load (© OpenStreetMap contributors, ODbL)","refreshedAt":"2026-09-29T11:06:04.248Z","mappedSince":null,"osmTags":{"hazard":"flooding","landuse":"farmland","source":"Esri World imagery (retreived 04/2024)"}},"geometry":{"type":"Polygon","coordinates":[[[87.225759,23.535937],[87.224139,23.537599],[87.223313,23.538504],[87.22224,23.539065],[87.220845,23.539635],[87.21945,23.540609],[87.21842,23.541298],[87.217519,23.541957],[87.2165,23.542635],[87.215041,23.543029],[87.21311,23.543491],[87.211833,23.543412],[87.209848,23.543314],[87.210857,23.541721],[87.212327,23.540491],[87.213732,23.539104],[87.215019,23.537314],[87.215996,23.536144],[87.217605,23.534934],[87.219311,23.533537],[87.219558,23.533193],[87.220073,23.53156],[87.222701,23.529366],[87.224354,23.528215],[87.225566,23.527537],[87.226499,23.526897],[87.227637,23.525638],[87.229922,23.52431],[87.232164,23.523277],[87.233473,23.523238],[87.233945,23.523188],[87.235973,23.522972],[87.237486,23.522352],[87.239653,23.52129],[87.238988,23.522677],[87.238054,23.524034],[87.237529,23.525195],[87.236885,23.526474],[87.236005,23.528343],[87.2346,23.529956],[87.232518,23.531501],[87.229664,23.533507],[87.22725,23.534953],[87.226392,23.535465],[87.225759,23.535937]]]}},{"type":"Feature","id":"OSM-way-1268865744","properties":{"id":"OSM-way-1268865744","tag":"farmland","facilityId":null,"name":null,"cpcbCategory":null,"source":"OpenStreetMap via Overpass bulk load (© OpenStreetMap contributors, ODbL)","refreshedAt":"2026-09-29T11:06:04.248Z","mappedSince":null,"osmTags":{"hazard":"flooding","landuse":"farmland","source":"Esri World imagery (retreived 04/2024)"}},"geometry":{"type":"Polygon","coordinates":[[[87.212691,23.551861],[87.211769,23.552294],[87.210985,23.552579],[87.210545,23.552707],[87.20943,23.55314],[87.208775,23.553435],[87.207981,23.553671],[87.206984,23.553848],[87.205932,23.553848],[87.205396,23.553661],[87.204602,23.553543],[87.203786,23.553602],[87.202853,23.553916],[87.202263,23.554221],[87.201844,23.554566],[87.201448,23.554831],[87.200836,23.555018],[87.200342,23.554969],[87.200396,23.554556],[87.20075,23.553582],[87.200922,23.552874],[87.201394,23.55191],[87.201898,23.551192],[87.202209,23.550897],[87.203003,23.550248],[87.204076,23.549678],[87.205042,23.54952],[87.206018,23.549471],[87.20722,23.549127],[87.208099,23.548694],[87.209269,23.548202],[87.210642,23.547809],[87.211254,23.547819],[87.212187,23.548015],[87.213206,23.548212],[87.213689,23.548261],[87.21429,23.548271],[87.214633,23.547524],[87.215459,23.546088],[87.21591,23.545881],[87.216049,23.546265],[87.215663,23.547297],[87.215191,23.548173],[87.21473,23.548822],[87.213786,23.550563],[87.213378,23.55131],[87.213163,23.551605],[87.212691,23.551861]]]}},{"type":"Feature","id":"OSM-way-1268865745","properties":{"id":"OSM-way-1268865745","tag":"farmland","facilityId":null,"name":null,"cpcbCategory":null,"source":"OpenStreetMap via Overpass bulk load (© OpenStreetMap contributors, ODbL)","refreshedAt":"2026-09-29T11:06:04.248Z","mappedSince":null,"osmTags":{"hazard":"flooding","landuse":"farmland","source":"Esri World imagery (retreived 04/2024)"}},"geometry":{"type":"Polygon","coordinates":[[[87.191293,23.559222],[87.192113,23.559208],[87.192956,23.55904],[87.19383,23.558691],[87.194554,23.558288],[87.195134,23.557767],[87.195724,23.557241],[87.196979,23.556375],[87.197521,23.555795],[87.198256,23.55492],[87.198899,23.554044],[87.199506,23.552854],[87.199817,23.552353],[87.200144,23.551655],[87.200283,23.550995],[87.200144,23.550297],[87.199586,23.550474],[87.1981,23.552441],[87.197145,23.55311],[87.195407,23.553621],[87.193551,23.554703],[87.190729,23.556031],[87.189324,23.55671],[87.188487,23.557074],[87.188026,23.557366],[87.187124,23.557801],[87.18662,23.558057],[87.186148,23.557762],[87.185236,23.557034],[87.183455,23.557526],[87.181932,23.558195],[87.180601,23.55908],[87.179561,23.55968],[87.178724,23.560486],[87.17882,23.560742],[87.179679,23.561155],[87.180558,23.561293],[87.18176,23.561047],[87.182887,23.560575],[87.184968,23.559188],[87.185805,23.558844],[87.186921,23.558696],[87.187972,23.558677],[87.188744,23.558765],[87.18941,23.558908],[87.190869,23.55907],[87.191121,23.559119],[87.191293,23.559222]]]}},{"type":"Feature","id":"OSM-way-1393664161","properties":{"id":"OSM-way-1393664161","tag":"forest","facilityId":null,"name":null,"cpcbCategory":null,"source":"OpenStreetMap via Overpass bulk load (© OpenStreetMap contributors, ODbL)","refreshedAt":"2026-09-29T11:06:04.248Z","mappedSince":null,"osmTags":{"natural":"wood"}},"geometry":{"type":"Polygon","coordinates":[[[87.300276,23.533984],[87.300335,23.534112],[87.300345,23.534134],[87.300097,23.534193],[87.300235,23.534388],[87.300288,23.534518],[87.300521,23.534477],[87.300706,23.534455],[87.300997,23.53442],[87.30134,23.534423],[87.301731,23.534433],[87.302127,23.534497],[87.302436,23.534518],[87.302843,23.534535],[87.302899,23.534531],[87.302932,23.534526],[87.302954,23.534507],[87.302958,23.534485],[87.302575,23.534407],[87.302292,23.534277],[87.301853,23.533511],[87.302312,23.533272],[87.30354,23.53263],[87.30518,23.531772],[87.305023,23.531585],[87.304767,23.531597],[87.304582,23.531734],[87.304387,23.531848],[87.304056,23.531853],[87.303968,23.531714],[87.303942,23.531616],[87.304155,23.531404],[87.304457,23.531215],[87.304609,23.531082],[87.304589,23.530967],[87.304339,23.530952],[87.303733,23.531293],[87.30326,23.531571],[87.302484,23.531993],[87.301745,23.532387],[87.301373,23.532734],[87.301082,23.532803],[87.300899,23.532954],[87.30042,23.533203],[87.300609,23.533469],[87.300742,23.533689],[87.300276,23.533984]]]}},{"type":"Feature","id":"OSM-way-1393879457","properties":{"id":"OSM-way-1393879457","tag":"forest","facilityId":null,"name":null,"cpcbCategory":null,"source":"OpenStreetMap via Overpass bulk load (© OpenStreetMap contributors, ODbL)","refreshedAt":"2026-09-29T11:06:04.248Z","mappedSince":null,"osmTags":{"natural":"wood"}},"geometry":{"type":"Polygon","coordinates":[[[87.314343,23.534249],[87.31373,23.534263],[87.313556,23.534132],[87.31339,23.533959],[87.313289,23.533791],[87.313268,23.533556],[87.313239,23.533147],[87.313189,23.532935],[87.313156,23.532621],[87.31351,23.532593],[87.313903,23.53253],[87.314367,23.532462],[87.314413,23.532441],[87.314343,23.534249]]]}},{"type":"Feature","id":"OSM-way-1427638940","properties":{"id":"OSM-way-1427638940","tag":"industrial","facilityId":null,"name":null,"cpcbCategory":null,"source":"OpenStreetMap via Overpass bulk load (© OpenStreetMap contributors, ODbL)","refreshedAt":"2026-09-29T11:06:04.248Z","mappedSince":null,"osmTags":{"landuse":"industrial"}},"geometry":{"type":"Polygon","coordinates":[[[87.355321,23.48451],[87.356322,23.484516],[87.356343,23.484461],[87.355321,23.484455],[87.355321,23.48451]]]}},{"type":"Feature","id":"OSM-way-1483764992","properties":{"id":"OSM-way-1483764992","tag":"industrial","facilityId":null,"name":null,"cpcbCategory":null,"source":"OpenStreetMap via Overpass bulk load (© OpenStreetMap contributors, ODbL)","refreshedAt":"2026-09-29T11:06:04.248Z","mappedSince":null,"osmTags":{"chemical":"chloralkali","industrial":"chemical","man_made":"works"}},"geometry":{"type":"Polygon","coordinates":[[[87.283,23.505007],[87.285981,23.504512],[87.286579,23.504733],[87.287554,23.508962],[87.285036,23.510501],[87.284331,23.510616],[87.283,23.505007]]]}},{"type":"Feature","id":"OSM-way-1496668021","properties":{"id":"OSM-way-1496668021","tag":"forest","facilityId":null,"name":null,"cpcbCategory":null,"source":"OpenStreetMap via Overpass bulk load (© OpenStreetMap contributors, ODbL)","refreshedAt":"2026-09-29T11:06:04.248Z","mappedSince":null,"osmTags":{"leaf_type":"broadleaved","natural":"wood"}},"geometry":{"type":"Polygon","coordinates":[[[87.363517,23.596778],[87.363625,23.596996],[87.363839,23.597714],[87.364139,23.597989],[87.365738,23.597478],[87.365856,23.597793],[87.366715,23.597881],[87.367176,23.597793],[87.367412,23.597517],[87.368356,23.597311],[87.369043,23.59739],[87.369161,23.597213],[87.369129,23.596416],[87.369214,23.596003],[87.369944,23.595561],[87.370126,23.595197],[87.371242,23.594912],[87.372165,23.594833],[87.373999,23.596082],[87.374632,23.595591],[87.374289,23.594706],[87.374021,23.594725],[87.373441,23.593899],[87.373409,23.593486],[87.373956,23.593211],[87.374536,23.593418],[87.375437,23.592946],[87.376006,23.592405],[87.375083,23.589986],[87.371929,23.59093],[87.371199,23.590478],[87.370985,23.590281],[87.370395,23.590409],[87.370094,23.589883],[87.370979,23.589298],[87.371897,23.58798],[87.37239,23.587273],[87.372476,23.586643],[87.372015,23.585355],[87.371993,23.585168],[87.372647,23.584952],[87.372841,23.58506],[87.373109,23.584559],[87.373624,23.584106],[87.37357,23.583654],[87.374064,23.582258],[87.374675,23.579937],[87.375115,23.579613],[87.374826,23.578654],[87.374895,23.578251],[87.375238,23.577848],[87.376252,23.577509],[87.376918,23.577877],[87.377449,23.577877],[87.378699,23.579106],[87.378162,23.579662],[87.378564,23.580232],[87.378774,23.581245],[87.378559,23.583182],[87.378119,23.584332],[87.379278,23.58448],[87.379986,23.584559],[87.381295,23.583988],[87.381606,23.582917],[87.381499,23.582002],[87.380469,23.580685],[87.380211,23.57917],[87.379439,23.57684],[87.379675,23.575935],[87.380351,23.575601],[87.381928,23.575011],[87.385002,23.574637],[87.385635,23.574809],[87.386177,23.575463],[87.386295,23.576107],[87.385071,23.57622],[87.385469,23.577351],[87.385919,23.578688],[87.386177,23.579524],[87.385865,23.579996],[87.385898,23.581383],[87.385898,23.581825],[87.385533,23.582415],[87.385726,23.583929],[87.386219,23.58391],[87.386112,23.585149],[87.385983,23.585463],[87.386032,23.586319],[87.386032,23.586914],[87.385849,23.587356],[87.385881,23.587872],[87.385957,23.588113],[87.386064,23.588669],[87.386252,23.589273],[87.386048,23.590355],[87.386123,23.590984],[87.38615,23.592022],[87.38593,23.592646],[87.385962,23.593226],[87.386831,23.593152],[87.386917,23.593811],[87.386815,23.594991],[87.386713,23.5959],[87.385983,23.597114],[87.38557,23.59765],[87.384868,23.59856],[87.383923,23.599956],[87.383537,23.60147],[87.383194,23.602001],[87.382979,23.603239],[87.381542,23.604262],[87.380469,23.604704],[87.38005,23.604301],[87.379085,23.604753],[87.378591,23.604714],[87.377937,23.606425],[87.377518,23.606975],[87.37577,23.607801],[87.374332,23.607811],[87.373838,23.607919],[87.373238,23.607791],[87.372927,23.606975],[87.371414,23.607103],[87.369901,23.606621],[87.368957,23.606179],[87.368152,23.60612],[87.368184,23.606493],[87.367176,23.60673],[87.367144,23.605835],[87.365674,23.605992],[87.365148,23.605953],[87.364826,23.605304],[87.364386,23.60553],[87.364944,23.606336],[87.365577,23.607123],[87.364913,23.606742],[87.364761,23.606883],[87.363431,23.605152],[87.362782,23.604252],[87.361018,23.602008],[87.361254,23.601863],[87.360948,23.601258],[87.361141,23.601077],[87.360669,23.600162],[87.360599,23.599739],[87.360765,23.599164],[87.362638,23.597414],[87.363432,23.596655],[87.363488,23.596682],[87.363517,23.596778]]]}},{"type":"Feature","id":"OSM-way-1496680570","properties":{"id":"OSM-way-1496680570","tag":"forest","facilityId":null,"name":null,"cpcbCategory":null,"source":"OpenStreetMap via Overpass bulk load (© OpenStreetMap contributors, ODbL)","refreshedAt":"2026-09-29T11:06:04.248Z","mappedSince":null,"osmTags":{"landuse":"forest","leaf_cycle":"deciduous"}},"geometry":{"type":"Polygon","coordinates":[[[87.388557,23.60334],[87.389499,23.606134],[87.389647,23.606838],[87.389226,23.607928],[87.389325,23.609314],[87.389672,23.610676],[87.390738,23.611448],[87.391234,23.61163],[87.392349,23.61289],[87.394158,23.613958],[87.395311,23.613913],[87.395695,23.614128],[87.395931,23.614651],[87.396005,23.615582],[87.396724,23.616683],[87.398533,23.617773],[87.3994,23.618716],[87.399983,23.618704],[87.400318,23.619851],[87.400491,23.620453],[87.400194,23.620612],[87.400206,23.621134],[87.400411,23.621151],[87.40051,23.621384],[87.400274,23.621515],[87.400311,23.621759],[87.399896,23.62215],[87.399778,23.622553],[87.400324,23.623013],[87.400679,23.623198],[87.401146,23.623347],[87.401554,23.623434],[87.402062,23.623473],[87.402525,23.623524],[87.402616,23.624005],[87.402641,23.624153],[87.404246,23.623837],[87.404026,23.623468],[87.404513,23.623362],[87.405597,23.624137],[87.40644,23.625182],[87.40714,23.626045],[87.407828,23.626295],[87.40916,23.625182],[87.410226,23.624143],[87.410523,23.623371],[87.410511,23.62315],[87.409972,23.622758],[87.410071,23.622304],[87.41126,23.62194],[87.41118,23.621588],[87.411019,23.621679],[87.410666,23.621702],[87.41043,23.621611],[87.410034,23.621594],[87.409866,23.621498],[87.410201,23.621503],[87.410449,23.621475],[87.41074,23.621373],[87.410833,23.621208],[87.410734,23.620867],[87.410505,23.620714],[87.409953,23.621004],[87.409761,23.620759],[87.409761,23.620442],[87.410356,23.620266],[87.410455,23.62039],[87.410728,23.620305],[87.410716,23.620281],[87.410477,23.620351],[87.410365,23.620215],[87.409962,23.620229],[87.40977,23.62028],[87.409674,23.620155],[87.4096,23.620144],[87.409467,23.620234],[87.4092,23.620169],[87.409123,23.620285],[87.408807,23.62047],[87.408608,23.620674],[87.408469,23.620714],[87.408382,23.620612],[87.408698,23.620257],[87.408881,23.620155],[87.408958,23.620038],[87.408822,23.619894],[87.408481,23.620024],[87.408063,23.619494],[87.407983,23.619295],[87.408026,23.619193],[87.407933,23.618983],[87.407629,23.618983],[87.40758,23.618829],[87.407196,23.618483],[87.407035,23.618477],[87.406799,23.618738],[87.406626,23.618665],[87.406694,23.618568],[87.406613,23.618574],[87.406464,23.618755],[87.406291,23.618483],[87.406217,23.618307],[87.406279,23.618205],[87.405941,23.618],[87.405699,23.617978],[87.405671,23.617887],[87.405919,23.617804],[87.406402,23.61808],[87.406678,23.618066],[87.40679,23.617958],[87.406802,23.617836],[87.406768,23.617733],[87.406709,23.617682],[87.406499,23.617657],[87.406362,23.617611],[87.406341,23.617549],[87.406368,23.617469],[87.406279,23.617452],[87.406099,23.617342],[87.405801,23.61737],[87.405739,23.617137],[87.405609,23.617126],[87.405349,23.617404],[87.405194,23.617399],[87.405089,23.617302],[87.405194,23.617149],[87.405052,23.617137],[87.405036,23.617214],[87.405086,23.617435],[87.405049,23.617614],[87.404875,23.617677],[87.404664,23.617611],[87.404655,23.617535],[87.404745,23.617424],[87.40477,23.617296],[87.404674,23.617208],[87.404531,23.617248],[87.404302,23.617469],[87.404135,23.617376],[87.404237,23.617177],[87.404358,23.617018],[87.404308,23.616919],[87.404262,23.61691],[87.404178,23.616984],[87.403977,23.616973],[87.403828,23.616845],[87.403689,23.616757],[87.403561,23.616794],[87.403472,23.616763],[87.403465,23.616663],[87.403661,23.616402],[87.403806,23.616382],[87.403939,23.616396],[87.404116,23.616538],[87.404091,23.616638],[87.404454,23.61666],[87.405049,23.61699],[87.405042,23.616856],[87.404401,23.616453],[87.404159,23.616212],[87.403843,23.616121],[87.403561,23.616002],[87.403695,23.615925],[87.404376,23.616036],[87.405126,23.616266],[87.405163,23.616439],[87.405141,23.61657],[87.405262,23.616533],[87.405368,23.616655],[87.405547,23.616658],[87.405677,23.616487],[87.405755,23.61643],[87.405829,23.616416],[87.405774,23.616291],[87.405668,23.616138],[87.405377,23.616149],[87.405331,23.616042],[87.405436,23.615945],[87.405349,23.615866],[87.405005,23.615979],[87.4049,23.615956],[87.404872,23.615877],[87.404593,23.615806],[87.4045,23.615727],[87.404271,23.615704],[87.404268,23.615309],[87.404175,23.615303],[87.404029,23.615057],[87.404237,23.614881],[87.404423,23.61502],[87.404528,23.615255],[87.404925,23.615346],[87.404835,23.615116],[87.404677,23.614906],[87.404996,23.614764],[87.405169,23.614668],[87.405039,23.614514],[87.405523,23.614236],[87.405891,23.614185],[87.406108,23.614747],[87.406065,23.614872],[87.406979,23.615701],[87.407174,23.615522],[87.407106,23.615428],[87.407307,23.615255],[87.407538,23.615111],[87.407233,23.614458],[87.406762,23.614412],[87.406812,23.614015],[87.407196,23.613827],[87.407307,23.613214],[87.406886,23.61301],[87.407152,23.612777],[87.407475,23.612612],[87.407493,23.612431],[87.407505,23.611857],[87.407524,23.61159],[87.408069,23.611443],[87.408169,23.61167],[87.408515,23.611511],[87.408602,23.611812],[87.408912,23.611721],[87.409693,23.612294],[87.41017,23.613174],[87.410505,23.613197],[87.410697,23.612845],[87.411285,23.613788],[87.411744,23.613788],[87.411948,23.613805],[87.413051,23.613441],[87.413374,23.613714],[87.413541,23.614009],[87.414501,23.614066],[87.415319,23.613776],[87.415759,23.614054],[87.416168,23.614503],[87.416236,23.615315],[87.416521,23.615275],[87.416627,23.61565],[87.416769,23.615684],[87.416986,23.615502],[87.417147,23.615037],[87.41698,23.614668],[87.416707,23.613827],[87.416496,23.61339],[87.416794,23.61326],[87.417067,23.613612],[87.417203,23.613441],[87.417315,23.612771],[87.41755,23.612499],[87.417494,23.612283],[87.41737,23.612147],[87.41693,23.612022],[87.416763,23.61205],[87.416651,23.611846],[87.417048,23.611556],[87.417383,23.611761],[87.417482,23.611426],[87.417618,23.611227],[87.417909,23.611443],[87.418168,23.611668],[87.418237,23.611638],[87.418064,23.611409],[87.417928,23.610761],[87.417754,23.610483],[87.416974,23.610273],[87.416813,23.610131],[87.416794,23.609893],[87.416379,23.60958],[87.416875,23.609677],[87.417271,23.609898],[87.417661,23.609722],[87.417878,23.609529],[87.417984,23.609081],[87.418027,23.608842],[87.41786,23.608785],[87.417507,23.609035],[87.417209,23.608876],[87.417215,23.608717],[87.417376,23.608581],[87.417209,23.608331],[87.417203,23.608133],[87.417686,23.607923],[87.417668,23.60782],[87.417197,23.607991],[87.416794,23.607735],[87.41672,23.607531],[87.416528,23.607071],[87.41641,23.606622],[87.416379,23.606111],[87.416193,23.605464],[87.416205,23.605123],[87.414991,23.604743],[87.414275,23.604533],[87.414322,23.604045],[87.414777,23.604152],[87.415118,23.604033],[87.415251,23.603863],[87.415152,23.603488],[87.414743,23.603613],[87.41447,23.603216],[87.414966,23.602693],[87.415772,23.602568],[87.416751,23.602284],[87.416292,23.601592],[87.416292,23.601103],[87.41628,23.600581],[87.415734,23.600058],[87.4154,23.599593],[87.415672,23.599048],[87.415784,23.598207],[87.415598,23.597969],[87.414458,23.597503],[87.413504,23.595391],[87.414309,23.594539],[87.413528,23.593506],[87.413838,23.593097],[87.412401,23.591143],[87.412277,23.590189],[87.411143,23.589068],[87.410796,23.589167],[87.410402,23.589002],[87.409965,23.588327],[87.409364,23.587611],[87.407883,23.587549],[87.407121,23.587821],[87.406539,23.588168],[87.405287,23.58877],[87.403868,23.589553],[87.402338,23.590144],[87.401631,23.588719],[87.402474,23.587833],[87.403856,23.586703],[87.404345,23.586226],[87.404698,23.585618],[87.404866,23.585113],[87.404965,23.584511],[87.404494,23.583738],[87.404531,23.58308],[87.404519,23.581887],[87.404308,23.581262],[87.40437,23.581001],[87.404816,23.580819],[87.405126,23.580683],[87.405739,23.579774],[87.406018,23.579371],[87.406124,23.578877],[87.406167,23.578298],[87.406353,23.578042],[87.406254,23.577321],[87.405696,23.576526],[87.404432,23.574425],[87.403689,23.574402],[87.403205,23.574413],[87.402957,23.573533],[87.402957,23.573096],[87.403403,23.572937],[87.403703,23.572928],[87.403481,23.571645],[87.403475,23.570651],[87.403503,23.569503],[87.403505,23.569391],[87.403391,23.568597],[87.403348,23.567467],[87.403304,23.56624],[87.403286,23.564997],[87.403044,23.56331],[87.402939,23.562526],[87.402827,23.562063],[87.40253,23.561682],[87.401879,23.560987],[87.400466,23.559237],[87.400218,23.559516],[87.399847,23.559879],[87.399952,23.560356],[87.399568,23.56068],[87.398744,23.560964],[87.397771,23.561038],[87.397551,23.560887],[87.396866,23.560978],[87.396705,23.561742],[87.396054,23.561742],[87.396073,23.561044],[87.394735,23.561373],[87.395899,23.561793],[87.397765,23.562713],[87.39919,23.562446],[87.399091,23.563463],[87.398229,23.563423],[87.397467,23.563162],[87.396067,23.563088],[87.394871,23.563264],[87.393799,23.563855],[87.393074,23.564133],[87.392721,23.564599],[87.392454,23.564872],[87.392417,23.565116],[87.392157,23.565587],[87.391921,23.566218],[87.391847,23.566615],[87.39194,23.567535],[87.391915,23.568126],[87.391735,23.568552],[87.391897,23.569807],[87.392132,23.570233],[87.3922,23.57046],[87.392677,23.570651],[87.393015,23.570909],[87.393291,23.571111],[87.393638,23.571318],[87.393787,23.571375],[87.393824,23.572051],[87.393935,23.572903],[87.39365,23.573527],[87.393068,23.573976],[87.39287,23.573928],[87.392665,23.573956],[87.392584,23.574192],[87.39278,23.574277],[87.392742,23.574442],[87.392346,23.574476],[87.392219,23.574666],[87.392213,23.575007],[87.392061,23.575353],[87.391763,23.575245],[87.391571,23.575376],[87.391612,23.575535],[87.391537,23.575754],[87.391221,23.576143],[87.391218,23.576338],[87.391193,23.576608],[87.391119,23.576898],[87.391265,23.577117],[87.391246,23.577338],[87.391073,23.577318],[87.390871,23.577443],[87.39084,23.578136],[87.390859,23.578335],[87.390794,23.578755],[87.390825,23.579786],[87.390812,23.580649],[87.390899,23.581081],[87.390713,23.581217],[87.390639,23.581433],[87.390998,23.582069],[87.39106,23.582398],[87.391444,23.582682],[87.391605,23.583046],[87.392188,23.58308],[87.392101,23.583636],[87.391593,23.584147],[87.391767,23.584408],[87.391618,23.584965],[87.391382,23.58501],[87.391246,23.586282],[87.391395,23.58651],[87.391296,23.587077],[87.391258,23.587708],[87.391125,23.587748],[87.391113,23.588667],[87.390825,23.588832],[87.390797,23.590246],[87.390933,23.590311],[87.390905,23.590967],[87.390732,23.59118],[87.390304,23.591248],[87.390323,23.591865],[87.390304,23.592112],[87.389728,23.592282],[87.389176,23.595209],[87.388111,23.597458],[87.387708,23.597566],[87.387708,23.598525],[87.387931,23.599099],[87.387745,23.599661],[87.38777,23.600149],[87.387621,23.600303],[87.387714,23.600723],[87.387739,23.601205],[87.387869,23.601586],[87.387863,23.602],[87.387856,23.602239],[87.388036,23.602756],[87.388024,23.603267],[87.388321,23.603272],[87.388557,23.60334]]]}},{"type":"Feature","id":"OSM-way-66665052","properties":{"id":"OSM-way-66665052","tag":"industrial","facilityId":"OSM-way-66665052","name":"Barauni Oil Refinery","cpcbCategory":"Red","source":"OpenStreetMap via Overpass bulk load (© OpenStreetMap contributors, ODbL)","refreshedAt":"2026-09-29T11:06:04.248Z","mappedSince":null,"osmTags":{"description":"Indian Oil Corp Ltd","industrial":"refinery","landuse":"industrial","name":"Barauni Oil Refinery","wikidata":"Q4858511"}},"geometry":{"type":"Polygon","coordinates":[[[86.069722,25.437891],[86.062146,25.438308],[86.054825,25.438775],[86.053965,25.438736],[86.053601,25.438656],[86.053002,25.437799],[86.051947,25.437814],[86.051406,25.437597],[86.050507,25.437133],[86.049668,25.436168],[86.049328,25.434601],[86.049393,25.434537],[86.049385,25.434478],[86.049298,25.434441],[86.049254,25.434185],[86.049367,25.434145],[86.049357,25.434088],[86.049216,25.434083],[86.049008,25.433048],[86.049066,25.432943],[86.048969,25.431842],[86.049288,25.430765],[86.048932,25.425176],[86.070309,25.423946],[86.070385,25.424512],[86.070589,25.427074],[86.069372,25.427125],[86.070072,25.428982],[86.070708,25.42892],[86.071003,25.433846],[86.071065,25.434255],[86.071279,25.436514],[86.069626,25.436665],[86.069722,25.437891]]]}},{"type":"Feature","id":"OSM-way-100066050","properties":{"id":"OSM-way-100066050","tag":"industrial","facilityId":null,"name":null,"cpcbCategory":null,"source":"OpenStreetMap via Overpass bulk load (© OpenStreetMap contributors, ODbL)","refreshedAt":"2026-09-29T11:06:04.248Z","mappedSince":null,"osmTags":{"landuse":"industrial"}},"geometry":{"type":"Polygon","coordinates":[[[86.003513,25.44833],[86.004754,25.444112],[86.008852,25.445082],[86.007812,25.447324],[86.005808,25.44888],[86.003513,25.44833]]]}},{"type":"Feature","id":"OSM-way-155686316","properties":{"id":"OSM-way-155686316","tag":"industrial","facilityId":null,"name":null,"cpcbCategory":null,"source":"OpenStreetMap via Overpass bulk load (© OpenStreetMap contributors, ODbL)","refreshedAt":"2026-09-29T11:06:04.248Z","mappedSince":null,"osmTags":{"landuse":"industrial"}},"geometry":{"type":"Polygon","coordinates":[[[86.021963,25.410301],[86.022646,25.412559],[86.021568,25.412591],[86.022736,25.415547],[86.026332,25.417366],[86.036636,25.416375],[86.033495,25.402189],[86.032877,25.4023],[86.032852,25.402182],[86.030789,25.40229],[86.030253,25.402303],[86.031493,25.408823],[86.021963,25.410301]]]}},{"type":"Feature","id":"OSM-way-166505154","properties":{"id":"OSM-way-166505154","tag":"industrial","facilityId":null,"name":null,"cpcbCategory":null,"source":"OpenStreetMap via Overpass bulk load (© OpenStreetMap contributors, ODbL)","refreshedAt":"2026-09-29T11:06:04.248Z","mappedSince":null,"osmTags":{"landuse":"industrial"}},"geometry":{"type":"Polygon","coordinates":[[[86.016842,25.399701],[86.016907,25.400285],[86.017452,25.401875],[86.017821,25.402971],[86.017922,25.403043],[86.01881,25.402852],[86.018989,25.402801],[86.019071,25.403087],[86.019102,25.403219],[86.019227,25.403327],[86.020471,25.40314],[86.02232,25.402835],[86.02338,25.402649],[86.024356,25.402487],[86.02442,25.402404],[86.024348,25.40211],[86.025453,25.401911],[86.025638,25.402619],[86.026656,25.402492],[86.02856,25.402303],[86.030132,25.402306],[86.030253,25.402303],[86.030789,25.40229],[86.032852,25.402182],[86.032877,25.4023],[86.033495,25.402189],[86.032996,25.39993],[86.032274,25.397059],[86.031158,25.397858],[86.030041,25.396543],[86.030752,25.395981],[86.030756,25.395649],[86.029543,25.395639],[86.029084,25.395685],[86.02692,25.396576],[86.024135,25.397568],[86.021794,25.398374],[86.019934,25.398906],[86.017701,25.399294],[86.017687,25.399526],[86.017199,25.399503],[86.017192,25.399617],[86.016957,25.399614],[86.016975,25.399708],[86.016842,25.399701]]]}},{"type":"Feature","id":"OSM-way-244848623","properties":{"id":"OSM-way-244848623","tag":"industrial","facilityId":null,"name":null,"cpcbCategory":null,"source":"OpenStreetMap via Overpass bulk load (© OpenStreetMap contributors, ODbL)","refreshedAt":"2026-09-29T11:06:04.248Z","mappedSince":null,"osmTags":{"landuse":"industrial"}},"geometry":{"type":"Polygon","coordinates":[[[85.970744,25.38206],[85.970956,25.38253],[85.971593,25.383272],[85.976343,25.380708],[85.978746,25.379181],[85.980329,25.378144],[85.97976,25.377489],[85.977395,25.378771],[85.97752,25.378929],[85.971728,25.382138],[85.971371,25.381641],[85.970744,25.38206]]]}},{"type":"Feature","id":"OSM-way-244848624","properties":{"id":"OSM-way-244848624","tag":"industrial","facilityId":null,"name":null,"cpcbCategory":null,"source":"OpenStreetMap via Overpass bulk load (© OpenStreetMap contributors, ODbL)","refreshedAt":"2026-09-29T11:06:04.248Z","mappedSince":null,"osmTags":{"landuse":"industrial"}},"geometry":{"type":"Polygon","coordinates":[[[85.980262,25.377768],[85.97977,25.377027],[85.982308,25.373713],[85.98311,25.37585],[85.980262,25.377768]]]}},{"type":"Feature","id":"OSM-way-409563832","properties":{"id":"OSM-way-409563832","tag":"farmland","facilityId":null,"name":null,"cpcbCategory":null,"source":"OpenStreetMap via Overpass bulk load (© OpenStreetMap contributors, ODbL)","refreshedAt":"2026-09-29T11:06:04.248Z","mappedSince":null,"osmTags":{"landuse":"farmland"}},"geometry":{"type":"Polygon","coordinates":[[[85.938191,25.393763],[85.93747,25.39182],[85.938459,25.391464],[85.938555,25.391733],[85.938747,25.391673],[85.93868,25.391482],[85.939064,25.391386],[85.939074,25.39123],[85.939967,25.390961],[85.940015,25.391378],[85.9399,25.391482],[85.940284,25.393121],[85.940111,25.393191],[85.94014,25.393338],[85.938277,25.393833],[85.938191,25.393763]]]}},{"type":"Feature","id":"OSM-way-410269319","properties":{"id":"OSM-way-410269319","tag":"industrial","facilityId":null,"name":null,"cpcbCategory":null,"source":"OpenStreetMap via Overpass bulk load (© OpenStreetMap contributors, ODbL)","refreshedAt":"2026-09-29T11:06:04.248Z","mappedSince":null,"osmTags":{"landuse":"industrial"}},"geometry":{"type":"Polygon","coordinates":[[[85.999787,25.352226],[86.001597,25.352703],[86.001777,25.352551],[86.002472,25.352692],[86.002724,25.352172],[86.002041,25.352053],[86.002197,25.35163],[86.000411,25.351251],[86.000171,25.351858],[85.999931,25.35176],[85.999715,25.352096],[85.999787,25.352226]]]}},{"type":"Feature","id":"OSM-way-410269330","properties":{"id":"OSM-way-410269330","tag":"forest","facilityId":null,"name":null,"cpcbCategory":null,"source":"OpenStreetMap via Overpass bulk load (© OpenStreetMap contributors, ODbL)","refreshedAt":"2026-09-29T11:06:04.248Z","mappedSince":null,"osmTags":{"landuse":"forest"}},"geometry":{"type":"Polygon","coordinates":[[[85.924261,25.391258],[85.925185,25.390956],[85.925272,25.391068],[85.92528,25.391462],[85.925054,25.3916],[85.925141,25.392015],[85.924865,25.392139],[85.925025,25.392659],[85.924639,25.392757],[85.924712,25.393093],[85.92552,25.392961],[85.925483,25.392803],[85.925105,25.392869],[85.925098,25.392639],[85.925512,25.392521],[85.925862,25.393842],[85.926138,25.393592],[85.926677,25.393303],[85.926502,25.391988],[85.926262,25.391988],[85.925971,25.391213],[85.925709,25.391226],[85.925563,25.390851],[85.924035,25.390187],[85.924006,25.390266],[85.924064,25.390904],[85.924261,25.391258]]]}},{"type":"Feature","id":"OSM-way-410269336","properties":{"id":"OSM-way-410269336","tag":"forest","facilityId":null,"name":null,"cpcbCategory":null,"source":"OpenStreetMap via Overpass bulk load (© OpenStreetMap contributors, ODbL)","refreshedAt":"2026-09-29T11:06:04.248Z","mappedSince":null,"osmTags":{"landuse":"forest"}},"geometry":{"type":"Polygon","coordinates":[[[85.932013,25.386147],[85.932378,25.386045],[85.933157,25.387172],[85.933804,25.386825],[85.933756,25.386175],[85.934236,25.386208],[85.934499,25.387746],[85.936046,25.387854],[85.936417,25.389424],[85.934056,25.389478],[85.933876,25.38898],[85.933121,25.389197],[85.933169,25.389522],[85.930675,25.390031],[85.930388,25.389208],[85.92974,25.389478],[85.92998,25.390399],[85.92859,25.39068],[85.928062,25.388969],[85.926888,25.389338],[85.926336,25.38871],[85.925857,25.388883],[85.925965,25.389825],[85.925449,25.389868],[85.924958,25.388699],[85.923567,25.389229],[85.923429,25.388887],[85.926913,25.387625],[85.927017,25.387858],[85.93011,25.386759],[85.931939,25.386391],[85.932013,25.386147]]]}},{"type":"Feature","id":"OSM-way-445021040","properties":{"id":"OSM-way-445021040","tag":"industrial","facilityId":null,"name":null,"cpcbCategory":null,"source":"OpenStreetMap via Overpass bulk load (© OpenStreetMap contributors, ODbL)","refreshedAt":"2026-09-29T11:06:04.248Z","mappedSince":null,"osmTags":{"landuse":"industrial"}},"geometry":{"type":"Polygon","coordinates":[[[86.047299,25.437718],[86.04925,25.442295],[86.050263,25.444742],[86.05009,25.444737],[86.049813,25.444002],[86.04806,25.444476],[86.047884,25.444538],[86.047655,25.443592],[86.047497,25.443604],[86.04666,25.44123],[86.045818,25.437769],[86.047299,25.437718]]]}},{"type":"Feature","id":"OSM-way-445021042","properties":{"id":"OSM-way-445021042","tag":"industrial","facilityId":null,"name":null,"cpcbCategory":null,"source":"OpenStreetMap via Overpass bulk load (© OpenStreetMap contributors, ODbL)","refreshedAt":"2026-09-29T11:06:04.248Z","mappedSince":null,"osmTags":{"landuse":"industrial"}},"geometry":{"type":"Polygon","coordinates":[[[86.070807,25.425376],[86.070517,25.421064],[86.070721,25.420841],[86.074787,25.420395],[86.075302,25.422643],[86.074251,25.422944],[86.074626,25.424455],[86.072438,25.425008],[86.070807,25.425376]]]}},{"type":"Feature","id":"OSM-way-445021044","properties":{"id":"OSM-way-445021044","tag":"farmland","facilityId":null,"name":null,"cpcbCategory":null,"source":"OpenStreetMap via Overpass bulk load (© OpenStreetMap contributors, ODbL)","refreshedAt":"2026-09-29T11:06:04.248Z","mappedSince":null,"osmTags":{"landuse":"farmland"}},"geometry":{"type":"Polygon","coordinates":[[[86.047923,25.438648],[86.047599,25.437794],[86.048225,25.437698],[86.048319,25.437879],[86.048468,25.438375],[86.048519,25.438559],[86.048487,25.438602],[86.048323,25.438566],[86.047923,25.438648]]]}},{"type":"Feature","id":"OSM-way-733891565","properties":{"id":"OSM-way-733891565","tag":"industrial","facilityId":null,"name":null,"cpcbCategory":null,"source":"OpenStreetMap via Overpass bulk load (© OpenStreetMap contributors, ODbL)","refreshedAt":"2026-09-29T11:06:04.248Z","mappedSince":null,"osmTags":{"barrier":"fence","landuse":"industrial"}},"geometry":{"type":"Polygon","coordinates":[[[86.018277,25.388378],[86.021184,25.387845],[86.021329,25.387981],[86.028587,25.387205],[86.029086,25.389764],[86.029242,25.389822],[86.029569,25.3921],[86.029102,25.39226],[86.029204,25.394174],[86.02944,25.395473],[86.029027,25.395488],[86.021227,25.398332],[86.019108,25.39083],[86.019028,25.390576],[86.018277,25.388378]]]}},{"type":"Feature","id":"OSM-way-1006931519","properties":{"id":"OSM-way-1006931519","tag":"forest","facilityId":null,"name":null,"cpcbCategory":null,"source":"OpenStreetMap via Overpass bulk load (© OpenStreetMap contributors, ODbL)","refreshedAt":"2026-09-29T11:06:04.248Z","mappedSince":null,"osmTags":{"landuse":"forest"}},"geometry":{"type":"Polygon","coordinates":[[[85.922617,25.387963],[85.922836,25.387843],[85.922644,25.386381],[85.923795,25.38624],[85.923603,25.385645],[85.924274,25.385428],[85.924238,25.384963],[85.925293,25.384453],[85.925305,25.383381],[85.92606,25.383208],[85.926168,25.383814],[85.927139,25.383847],[85.927403,25.385006],[85.929896,25.384529],[85.930064,25.385287],[85.930472,25.38519],[85.930544,25.385796],[85.9307,25.385891],[85.92978,25.386222],[85.929887,25.386377],[85.92201,25.389139],[85.921897,25.388877],[85.921701,25.388897],[85.92168,25.388262],[85.921838,25.388056],[85.922617,25.387963]]]}},{"type":"Feature","id":"OSM-relation-13875985","properties":{"id":"OSM-relation-13875985","tag":"industrial","facilityId":"OSM-relation-13875985","name":"Barauni Thermal Power Station","cpcbCategory":"Red","source":"OpenStreetMap via Overpass bulk load (© OpenStreetMap contributors, ODbL)","refreshedAt":"2026-09-29T11:06:04.248Z","mappedSince":null,"osmTags":{"landuse":"industrial","name":"Barauni Thermal Power Station","operator":"NTPC","operator:wikidata":"Q1967805","plant:method":"combustion","plant:output:electricity":"720 MW","plant:source":"coal","power":"plant","source":"https://www.gem.wiki/Barauni_power_station","type":"multipolygon","wikidata":"Q15196654"}},"geometry":{"type":"MultiPolygon","coordinates":[[[[86.016842,25.399701],[86.016907,25.400285],[86.017452,25.401875],[86.017821,25.402971],[86.017922,25.403043],[86.01881,25.402852],[86.018989,25.402801],[86.019071,25.403087],[86.019102,25.403219],[86.019227,25.403327],[86.020471,25.40314],[86.02232,25.402835],[86.02338,25.402649],[86.024356,25.402487],[86.02442,25.402404],[86.024348,25.40211],[86.025453,25.401911],[86.025638,25.402619],[86.026656,25.402492],[86.02856,25.402303],[86.030132,25.402306],[86.030253,25.402303],[86.030789,25.40229],[86.032852,25.402182],[86.032877,25.4023],[86.033495,25.402189],[86.032996,25.39993],[86.032274,25.397059],[86.031158,25.397858],[86.030041,25.396543],[86.030752,25.395981],[86.030756,25.395649],[86.029543,25.395639],[86.029084,25.395685],[86.02692,25.396576],[86.024135,25.397568],[86.021794,25.398374],[86.019934,25.398906],[86.017701,25.399294],[86.017687,25.399526],[86.017199,25.399503],[86.017192,25.399617],[86.016957,25.399614],[86.016975,25.399708],[86.016842,25.399701]]],[[[86.018277,25.388378],[86.021184,25.387845],[86.021329,25.387981],[86.028587,25.387205],[86.029086,25.389764],[86.029242,25.389822],[86.029569,25.3921],[86.029102,25.39226],[86.029204,25.394174],[86.02944,25.395473],[86.029027,25.395488],[86.021227,25.398332],[86.019108,25.39083],[86.019028,25.390576],[86.018277,25.388378]]]]}},{"type":"Feature","id":"OSM-way-404119544","properties":{"id":"OSM-way-404119544","tag":"forest","facilityId":null,"name":null,"cpcbCategory":null,"source":"OpenStreetMap via Overpass bulk load (© OpenStreetMap contributors, ODbL)","refreshedAt":"2026-09-29T11:11:52.206Z","mappedSince":null,"osmTags":{"natural":"wood"}},"geometry":{"type":"Polygon","coordinates":[[[77.70458,27.566104],[77.705062,27.566404],[77.705286,27.566506],[77.705372,27.56663],[77.705383,27.566786],[77.705151,27.566839],[77.704919,27.566806],[77.704399,27.566544],[77.704141,27.566419],[77.704032,27.566381],[77.70396,27.566427],[77.703955,27.566493],[77.704072,27.56659],[77.704769,27.566931],[77.705481,27.567083],[77.70639,27.566803],[77.707415,27.566043],[77.70724,27.56586],[77.706454,27.56552],[77.705622,27.565275],[77.705283,27.565572],[77.704784,27.565595],[77.704477,27.56571],[77.704477,27.565949],[77.70458,27.566104]]]}},{"type":"Feature","id":"OSM-way-404119565","properties":{"id":"OSM-way-404119565","tag":"forest","facilityId":null,"name":null,"cpcbCategory":null,"source":"OpenStreetMap via Overpass bulk load (© OpenStreetMap contributors, ODbL)","refreshedAt":"2026-09-29T11:11:52.206Z","mappedSince":null,"osmTags":{"landuse":"forest"}},"geometry":{"type":"Polygon","coordinates":[[[77.680694,27.556942],[77.681154,27.557728],[77.682144,27.557262],[77.682257,27.557185],[77.682282,27.557064],[77.682162,27.556884],[77.682176,27.556831],[77.682276,27.556915],[77.682364,27.5569],[77.682395,27.556814],[77.682352,27.556618],[77.68243,27.556534],[77.68248,27.556427],[77.682562,27.556251],[77.68261,27.55615],[77.682566,27.555912],[77.682458,27.555707],[77.682285,27.555378],[77.682027,27.555541],[77.681899,27.555215],[77.681631,27.554882],[77.681349,27.554868],[77.681073,27.554992],[77.680952,27.554992],[77.679865,27.553672],[77.679812,27.553636],[77.679702,27.553703],[77.679031,27.55395],[77.678097,27.554655],[77.678133,27.554818],[77.678355,27.555119],[77.678619,27.555307],[77.679061,27.555226],[77.679325,27.555205],[77.679588,27.555531],[77.679801,27.55577],[77.679847,27.555897],[77.679043,27.556319],[77.678888,27.556462],[77.679043,27.556686],[77.679227,27.556869],[77.679347,27.557011],[77.679812,27.556808],[77.679944,27.556955],[77.68034,27.556782],[77.680776,27.556599],[77.680914,27.556854],[77.680694,27.556942]]]}},{"type":"Feature","id":"OSM-way-404119566","properties":{"id":"OSM-way-404119566","tag":"forest","facilityId":null,"name":null,"cpcbCategory":null,"source":"OpenStreetMap via Overpass bulk load (© OpenStreetMap contributors, ODbL)","refreshedAt":"2026-09-29T11:11:52.206Z","mappedSince":null,"osmTags":{"landuse":"forest"}},"geometry":{"type":"Polygon","coordinates":[[[77.670695,27.558335],[77.671296,27.559274],[77.671436,27.559224],[77.672085,27.56021],[77.672228,27.560211],[77.675562,27.558562],[77.671376,27.552955],[77.670454,27.553327],[77.671248,27.556824],[77.671264,27.55799],[77.671102,27.558198],[77.670695,27.558335]]]}},{"type":"Feature","id":"OSM-way-546118628","properties":{"id":"OSM-way-546118628","tag":"industrial","facilityId":null,"name":null,"cpcbCategory":null,"source":"OpenStreetMap via Overpass bulk load (© OpenStreetMap contributors, ODbL)","refreshedAt":"2026-09-29T11:11:52.206Z","mappedSince":null,"osmTags":{"landuse":"industrial"}},"geometry":{"type":"Polygon","coordinates":[[[77.678031,27.395389],[77.678527,27.394607],[77.68402,27.39756],[77.683626,27.397884],[77.68331,27.39802],[77.683213,27.398163],[77.683227,27.398334],[77.68239,27.399544],[77.682147,27.399725],[77.677991,27.397541],[77.678103,27.39721],[77.678726,27.396701],[77.678777,27.396355],[77.678031,27.395389]]]}},{"type":"Feature","id":"OSM-way-546118629","properties":{"id":"OSM-way-546118629","tag":"industrial","facilityId":null,"name":null,"cpcbCategory":null,"source":"OpenStreetMap via Overpass bulk load (© OpenStreetMap contributors, ODbL)","refreshedAt":"2026-09-29T11:11:52.206Z","mappedSince":null,"osmTags":{"landuse":"industrial"}},"geometry":{"type":"Polygon","coordinates":[[[77.677173,27.402471],[77.681352,27.402909],[77.682095,27.399894],[77.677889,27.39771],[77.677162,27.397399],[77.676894,27.397577],[77.675942,27.39937],[77.676491,27.400866],[77.676644,27.401001],[77.677173,27.402471]]]}},{"type":"Feature","id":"OSM-way-552936131","properties":{"id":"OSM-way-552936131","tag":"forest","facilityId":null,"name":null,"cpcbCategory":null,"source":"OpenStreetMap via Overpass bulk load (© OpenStreetMap contributors, ODbL)","refreshedAt":"2026-09-29T11:11:52.206Z","mappedSince":null,"osmTags":{"description":"Hypothetical Site for educational purpose.","natural":"wood"}},"geometry":{"type":"Polygon","coordinates":[[[77.683925,27.568693],[77.684272,27.568685],[77.684331,27.56884],[77.685147,27.568761],[77.684876,27.568349],[77.684052,27.567093],[77.683627,27.566445],[77.682374,27.567],[77.68354,27.568595],[77.683833,27.568524],[77.683925,27.568693]]]}},{"type":"Feature","id":"OSM-way-670795217","properties":{"id":"OSM-way-670795217","tag":"forest","facilityId":null,"name":null,"cpcbCategory":null,"source":"OpenStreetMap via Overpass bulk load (© OpenStreetMap contributors, ODbL)","refreshedAt":"2026-09-29T11:11:52.206Z","mappedSince":null,"osmTags":{"natural":"wood"}},"geometry":{"type":"Polygon","coordinates":[[[77.680029,27.545306],[77.681794,27.544626],[77.681961,27.545781],[77.682926,27.545848],[77.683017,27.545154],[77.684493,27.544683],[77.684417,27.544174],[77.685619,27.543555],[77.684911,27.542571],[77.685131,27.542476],[77.684932,27.542181],[77.68534,27.54132],[77.68564,27.540868],[77.685775,27.540963],[77.686118,27.541144],[77.687309,27.540763],[77.688586,27.540345],[77.690517,27.540012],[77.692673,27.538918],[77.695136,27.536663],[77.695951,27.536078],[77.696284,27.537947],[77.696251,27.538865],[77.696165,27.539041],[77.695817,27.538818],[77.695565,27.538827],[77.69528,27.538975],[77.695173,27.538999],[77.694932,27.538775],[77.694717,27.53868],[77.693773,27.539156],[77.694422,27.540202],[77.694647,27.540174],[77.694905,27.540454],[77.69484,27.54072],[77.694771,27.54092],[77.694889,27.541239],[77.695559,27.541938],[77.696187,27.541791],[77.69572,27.544878],[77.695205,27.546923],[77.694738,27.548117],[77.694245,27.548469],[77.693644,27.548816],[77.693102,27.54903],[77.69197,27.550043],[77.691799,27.5502],[77.691305,27.550143],[77.690753,27.5498],[77.690356,27.549244],[77.689825,27.548939],[77.68931,27.549153],[77.688966,27.549173],[77.688784,27.549115],[77.687786,27.548102],[77.687539,27.547879],[77.687362,27.54786],[77.686815,27.54796],[77.686456,27.548093],[77.686118,27.548031],[77.68571,27.547546],[77.685088,27.547693],[77.684364,27.547556],[77.683994,27.547261],[77.683736,27.546723],[77.683285,27.546718],[77.681794,27.547189],[77.681478,27.547108],[77.680029,27.545306]]]}},{"type":"Feature","id":"OSM-way-670884573","properties":{"id":"OSM-way-670884573","tag":"forest","facilityId":null,"name":null,"cpcbCategory":null,"source":"OpenStreetMap via Overpass bulk load (© OpenStreetMap contributors, ODbL)","refreshedAt":"2026-09-29T11:11:52.206Z","mappedSince":null,"osmTags":{"natural":"wood"}},"geometry":{"type":"Polygon","coordinates":[[[77.692319,27.503854],[77.691514,27.503204],[77.690713,27.504023],[77.689857,27.505022],[77.689106,27.505697],[77.688586,27.506237],[77.689125,27.506773],[77.689165,27.50688],[77.689288,27.506984],[77.689406,27.50717],[77.689683,27.507258],[77.689919,27.507146],[77.689983,27.50688],[77.690037,27.506677],[77.690251,27.506456],[77.690608,27.506154],[77.690694,27.506021],[77.690694,27.505783],[77.690962,27.505409],[77.691434,27.504843],[77.692182,27.504058],[77.692319,27.503854]]]}},{"type":"Feature","id":"OSM-way-670884587","properties":{"id":"OSM-way-670884587","tag":"industrial","facilityId":null,"name":null,"cpcbCategory":null,"source":"OpenStreetMap via Overpass bulk load (© OpenStreetMap contributors, ODbL)","refreshedAt":"2026-09-29T11:11:52.206Z","mappedSince":null,"osmTags":{"landuse":"industrial"}},"geometry":{"type":"Polygon","coordinates":[[[77.709373,27.509773],[77.71018,27.510762],[77.71182,27.509662],[77.711502,27.50909],[77.711351,27.50915],[77.711274,27.508987],[77.711472,27.50888],[77.710859,27.508559],[77.709356,27.507401],[77.708546,27.50761],[77.708064,27.507548],[77.707345,27.508143],[77.706776,27.508514],[77.707428,27.509568],[77.707758,27.509492],[77.708957,27.509525],[77.710231,27.509161],[77.710336,27.509356],[77.709373,27.509773]]]}},{"type":"Feature","id":"OSM-way-670994915","properties":{"id":"OSM-way-670994915","tag":"industrial","facilityId":null,"name":null,"cpcbCategory":null,"source":"OpenStreetMap via Overpass bulk load (© OpenStreetMap contributors, ODbL)","refreshedAt":"2026-09-29T11:11:52.206Z","mappedSince":null,"osmTags":{"landuse":"industrial"}},"geometry":{"type":"Polygon","coordinates":[[[77.664459,27.533914],[77.665025,27.533224],[77.665454,27.533671],[77.666532,27.532645],[77.667039,27.533107],[77.66698,27.533176],[77.667683,27.533479],[77.667806,27.533624],[77.666275,27.534194],[77.665926,27.534235],[77.664878,27.534756],[77.664647,27.534504],[77.663625,27.535189],[77.663338,27.534932],[77.664459,27.533914]]]}},{"type":"Feature","id":"OSM-way-670994916","properties":{"id":"OSM-way-670994916","tag":"industrial","facilityId":null,"name":null,"cpcbCategory":null,"source":"OpenStreetMap via Overpass bulk load (© OpenStreetMap contributors, ODbL)","refreshedAt":"2026-09-29T11:11:52.206Z","mappedSince":null,"osmTags":{"landuse":"industrial"}},"geometry":{"type":"Polygon","coordinates":[[[77.660047,27.532277],[77.661117,27.531421],[77.661788,27.531079],[77.661855,27.531031],[77.663043,27.532099],[77.663628,27.531599],[77.664057,27.532116],[77.663598,27.532418],[77.663877,27.532708],[77.664371,27.532422],[77.66477,27.532919],[77.665586,27.532408],[77.66532,27.531978],[77.664899,27.532225],[77.664067,27.531314],[77.665084,27.530636],[77.664912,27.530367],[77.664328,27.529889],[77.66308,27.530943],[77.661908,27.529583],[77.661139,27.528688],[77.660245,27.529521],[77.660873,27.530068],[77.660809,27.530153],[77.660546,27.530408],[77.660642,27.530458],[77.660237,27.530774],[77.659545,27.530287],[77.658765,27.531226],[77.659923,27.532256],[77.660047,27.532277]]]}},{"type":"Feature","id":"OSM-way-670994921","properties":{"id":"OSM-way-670994921","tag":"industrial","facilityId":null,"name":null,"cpcbCategory":null,"source":"OpenStreetMap via Overpass bulk load (© OpenStreetMap contributors, ODbL)","refreshedAt":"2026-09-29T11:11:52.206Z","mappedSince":null,"osmTags":{"landuse":"industrial"}},"geometry":{"type":"Polygon","coordinates":[[[77.662777,27.532475],[77.664287,27.534021],[77.663005,27.535148],[77.662531,27.53481],[77.661468,27.535652],[77.660323,27.53477],[77.66145,27.533638],[77.662777,27.532475]]]}},{"type":"Feature","id":"OSM-way-670994945","properties":{"id":"OSM-way-670994945","tag":"industrial","facilityId":null,"name":null,"cpcbCategory":null,"source":"OpenStreetMap via Overpass bulk load (© OpenStreetMap contributors, ODbL)","refreshedAt":"2026-09-29T11:11:52.206Z","mappedSince":null,"osmTags":{"landuse":"industrial"}},"geometry":{"type":"Polygon","coordinates":[[[77.658558,27.530653],[77.657257,27.529575],[77.656394,27.530325],[77.655801,27.530111],[77.655838,27.529649],[77.655715,27.529528],[77.654205,27.531033],[77.654224,27.53144],[77.655468,27.532292],[77.656096,27.533107],[77.658558,27.530653]]]}},{"type":"Feature","id":"OSM-way-670994954","properties":{"id":"OSM-way-670994954","tag":"forest","facilityId":null,"name":null,"cpcbCategory":null,"source":"OpenStreetMap via Overpass bulk load (© OpenStreetMap contributors, ODbL)","refreshedAt":"2026-09-29T11:11:52.206Z","mappedSince":null,"osmTags":{"natural":"wood"}},"geometry":{"type":"Polygon","coordinates":[[[77.660658,27.538528],[77.661935,27.537396],[77.662573,27.536173],[77.66297,27.535698],[77.664639,27.534546],[77.664864,27.534784],[77.665401,27.534523],[77.665599,27.534699],[77.666001,27.534699],[77.666243,27.534565],[77.666559,27.53448],[77.666892,27.534542],[77.666935,27.534646],[77.667005,27.535869],[77.667063,27.536302],[77.667074,27.536492],[77.66723,27.536535],[77.667659,27.536539],[77.668941,27.536463],[77.670625,27.535721],[77.670717,27.535716],[77.670786,27.53584],[77.671108,27.536268],[77.671446,27.536297],[77.671832,27.536449],[77.672186,27.53633],[77.672374,27.536306],[77.672584,27.536259],[77.673174,27.534794],[77.673597,27.533657],[77.673801,27.533666],[77.67415,27.53378],[77.674681,27.533942],[77.675035,27.53419],[77.675545,27.534342],[77.675866,27.534423],[77.675997,27.534564],[77.676086,27.534661],[77.67555,27.535921],[77.675432,27.536211],[77.675373,27.53741],[77.675486,27.538923],[77.675754,27.540544],[77.675845,27.541482],[77.675818,27.54219],[77.67577,27.542885],[77.675797,27.543612],[77.676768,27.544797],[77.677014,27.545144],[77.676923,27.545368],[77.676725,27.545472],[77.675845,27.545767],[77.674949,27.546343],[77.674434,27.546538],[77.67408,27.546043],[77.673136,27.54629],[77.672422,27.546471],[77.672042,27.546528],[77.671886,27.546509],[77.671832,27.546419],[77.671865,27.5463],[77.672262,27.545881],[77.672246,27.544768],[77.67202,27.544521],[77.672015,27.544283],[77.67216,27.544021],[77.672353,27.543903],[77.67268,27.543898],[77.672782,27.543827],[77.673061,27.543165],[77.6732,27.542894],[77.673528,27.542628],[77.673919,27.542561],[77.67422,27.542528],[77.674515,27.542233],[77.674531,27.542071],[77.674338,27.541805],[77.674075,27.54103],[77.673479,27.540954],[77.672825,27.541054],[77.672503,27.541172],[77.672079,27.541248],[77.671462,27.541225],[77.671398,27.541006],[77.671124,27.54103],[77.671124,27.541677],[77.671999,27.541677],[77.671918,27.543004],[77.671505,27.543674],[77.671355,27.543646],[77.671221,27.544212],[77.671511,27.544312],[77.671376,27.544706],[77.671323,27.544859],[77.670593,27.545068],[77.670068,27.545196],[77.66988,27.545396],[77.669649,27.545686],[77.66878,27.546423],[77.668603,27.546609],[77.668447,27.546904],[77.668158,27.54738],[77.668158,27.547527],[77.668206,27.547765],[77.667949,27.548036],[77.667825,27.548117],[77.667916,27.548397],[77.668099,27.548792],[77.66819,27.549077],[77.668088,27.549301],[77.665996,27.550447],[77.664945,27.550604],[77.664633,27.550571],[77.664392,27.55079],[77.664253,27.550728],[77.663904,27.550157],[77.663947,27.549872],[77.664188,27.549016],[77.664059,27.548711],[77.663673,27.547969],[77.663421,27.547584],[77.663255,27.547175],[77.663603,27.546285],[77.663866,27.545501],[77.664413,27.544844],[77.664494,27.544668],[77.664274,27.544221],[77.663196,27.542975],[77.662911,27.542828],[77.662686,27.543146],[77.662498,27.543318],[77.662295,27.543246],[77.661485,27.542861],[77.661286,27.543089],[77.661071,27.543341],[77.660959,27.543389],[77.660717,27.543641],[77.660556,27.544117],[77.660084,27.544511],[77.659709,27.544583],[77.659457,27.544469],[77.659301,27.54385],[77.659457,27.543418],[77.659993,27.541867],[77.660868,27.540497],[77.660964,27.540235],[77.660615,27.539841],[77.660556,27.539641],[77.66068,27.539374],[77.660723,27.539156],[77.660691,27.538885],[77.660658,27.538528]]]}},{"type":"Feature","id":"OSM-way-670994978","properties":{"id":"OSM-way-670994978","tag":"industrial","facilityId":null,"name":null,"cpcbCategory":null,"source":"OpenStreetMap via Overpass bulk load (© OpenStreetMap contributors, ODbL)","refreshedAt":"2026-09-29T11:11:52.206Z","mappedSince":null,"osmTags":{"landuse":"industrial"}},"geometry":{"type":"Polygon","coordinates":[[[77.646636,27.519423],[77.647548,27.519162],[77.64879,27.520477],[77.649157,27.520285],[77.648985,27.519968],[77.649651,27.519585],[77.649871,27.519718],[77.650112,27.520073],[77.6506,27.519849],[77.650718,27.520078],[77.650426,27.520239],[77.650825,27.520924],[77.649248,27.52249],[77.648202,27.521424],[77.648538,27.521086],[77.647744,27.520206],[77.647261,27.520009],[77.647073,27.520113],[77.646636,27.519423]]]}},{"type":"Feature","id":"OSM-way-670994981","properties":{"id":"OSM-way-670994981","tag":"industrial","facilityId":null,"name":null,"cpcbCategory":null,"source":"OpenStreetMap via Overpass bulk load (© OpenStreetMap contributors, ODbL)","refreshedAt":"2026-09-29T11:11:52.206Z","mappedSince":null,"osmTags":{"landuse":"industrial"}},"geometry":{"type":"Polygon","coordinates":[[[77.644925,27.500827],[77.643267,27.501011],[77.643272,27.501862],[77.643015,27.501865],[77.643015,27.501646],[77.642301,27.501603],[77.64232,27.500915],[77.641907,27.500899],[77.641843,27.50018],[77.641816,27.499581],[77.644195,27.49984],[77.644825,27.499857],[77.644925,27.500827]]]}},{"type":"Feature","id":"OSM-way-670994986","properties":{"id":"OSM-way-670994986","tag":"industrial","facilityId":null,"name":null,"cpcbCategory":null,"source":"OpenStreetMap via Overpass bulk load (© OpenStreetMap contributors, ODbL)","refreshedAt":"2026-09-29T11:11:52.206Z","mappedSince":null,"osmTags":{"landuse":"industrial"}},"geometry":{"type":"Polygon","coordinates":[[[77.638525,27.476769],[77.63801,27.477024],[77.638313,27.477645],[77.637876,27.477754],[77.637964,27.478247],[77.638206,27.479066],[77.638053,27.479139],[77.637723,27.479092],[77.637481,27.478549],[77.637388,27.478568],[77.637328,27.478328],[77.63691,27.478471],[77.636706,27.478045],[77.637103,27.477895],[77.636808,27.477098],[77.638243,27.476515],[77.638525,27.476769]]]}},{"type":"Feature","id":"OSM-way-670996907","properties":{"id":"OSM-way-670996907","tag":"forest","facilityId":null,"name":null,"cpcbCategory":null,"source":"OpenStreetMap via Overpass bulk load (© OpenStreetMap contributors, ODbL)","refreshedAt":"2026-09-29T11:11:52.206Z","mappedSince":null,"osmTags":{"natural":"wood"}},"geometry":{"type":"Polygon","coordinates":[[[77.706347,27.475789],[77.707962,27.475622],[77.708321,27.475551],[77.708407,27.475703],[77.707967,27.476893],[77.707656,27.477978],[77.707769,27.480048],[77.707849,27.480943],[77.707838,27.481115],[77.707211,27.481424],[77.706803,27.481414],[77.706535,27.482204],[77.706465,27.482894],[77.706513,27.483318],[77.706487,27.483637],[77.706326,27.483727],[77.705918,27.483632],[77.705553,27.483346],[77.705446,27.483099],[77.705575,27.482833],[77.705741,27.482499],[77.705757,27.482366],[77.705521,27.482228],[77.705215,27.482147],[77.704778,27.482162],[77.704357,27.482085],[77.703976,27.482033],[77.703788,27.482024],[77.703483,27.482004],[77.703322,27.481947],[77.703268,27.481871],[77.703209,27.481748],[77.703209,27.481015],[77.703338,27.479834],[77.70352,27.478392],[77.703611,27.477678],[77.70374,27.477574],[77.704014,27.477616],[77.704604,27.477759],[77.704947,27.477788],[77.705113,27.477859],[77.70528,27.477902],[77.705558,27.477507],[77.705864,27.477388],[77.705982,27.477207],[77.706122,27.476874],[77.706192,27.476531],[77.706272,27.476089],[77.706347,27.475789]]]}},{"type":"Feature","id":"OSM-way-671051542","properties":{"id":"OSM-way-671051542","tag":"forest","facilityId":null,"name":null,"cpcbCategory":null,"source":"OpenStreetMap via Overpass bulk load (© OpenStreetMap contributors, ODbL)","refreshedAt":"2026-09-29T11:11:52.206Z","mappedSince":null,"osmTags":{"natural":"wood"}},"geometry":{"type":"Polygon","coordinates":[[[77.665695,27.574568],[77.666532,27.574354],[77.666822,27.573978],[77.667267,27.57307],[77.667482,27.572656],[77.666082,27.570649],[77.665835,27.570297],[77.665406,27.570155],[77.665159,27.57005],[77.663845,27.570036],[77.663775,27.570126],[77.663834,27.571082],[77.663786,27.571277],[77.663609,27.57132],[77.662777,27.571225],[77.662203,27.571248],[77.661957,27.571339],[77.661624,27.571472],[77.661404,27.571729],[77.661415,27.571976],[77.661216,27.572219],[77.660905,27.572299],[77.660642,27.572295],[77.660471,27.572204],[77.660261,27.572171],[77.659956,27.572009],[77.659864,27.571681],[77.659532,27.570987],[77.65936,27.570825],[77.659194,27.570673],[77.65885,27.570863],[77.658529,27.571058],[77.658277,27.571125],[77.658148,27.57122],[77.657713,27.572047],[77.657182,27.572727],[77.656748,27.573289],[77.656469,27.573935],[77.655433,27.575214],[77.654763,27.575599],[77.654548,27.57588],[77.654554,27.576265],[77.654768,27.57636],[77.655412,27.576412],[77.656061,27.57646],[77.65627,27.576065],[77.655932,27.575657],[77.656195,27.575328],[77.656753,27.575],[77.65701,27.575],[77.657316,27.575176],[77.657971,27.575695],[77.658936,27.57578],[77.659414,27.57568],[77.659736,27.575747],[77.660326,27.57655],[77.660197,27.576783],[77.659752,27.576993],[77.659661,27.57714],[77.659789,27.577359],[77.660036,27.57744],[77.660471,27.577535],[77.66054,27.577677],[77.660685,27.57781],[77.660873,27.577772],[77.661061,27.577425],[77.661195,27.57714],[77.662477,27.576398],[77.662826,27.576503],[77.663013,27.57676],[77.663282,27.576779],[77.663603,27.576698],[77.663791,27.576655],[77.663952,27.576503],[77.663957,27.575733],[77.664193,27.57462],[77.664709,27.574354],[77.665089,27.574363],[77.665529,27.574534],[77.665695,27.574568]]]}},{"type":"Feature","id":"OSM-way-671081001","properties":{"id":"OSM-way-671081001","tag":"forest","facilityId":null,"name":null,"cpcbCategory":null,"source":"OpenStreetMap via Overpass bulk load (© OpenStreetMap contributors, ODbL)","refreshedAt":"2026-09-29T11:11:52.206Z","mappedSince":null,"osmTags":{"natural":"wood"}},"geometry":{"type":"Polygon","coordinates":[[[77.626707,27.565606],[77.627179,27.565361],[77.628115,27.566717],[77.628008,27.566767],[77.627911,27.566771],[77.627866,27.566648],[77.627742,27.566538],[77.627474,27.566543],[77.62734,27.566574],[77.627144,27.566802],[77.626986,27.566904],[77.626981,27.566952],[77.627192,27.567168],[77.627284,27.567323],[77.62763,27.567138],[77.627718,27.56709],[77.627766,27.567133],[77.627606,27.567261],[77.627321,27.567409],[77.627262,27.56747],[77.6273,27.567618],[77.627509,27.567753],[77.62774,27.567687],[77.627927,27.567649],[77.628053,27.567684],[77.628115,27.567713],[77.628209,27.567722],[77.628434,27.567646],[77.628453,27.567577],[77.628346,27.567413],[77.628303,27.56734],[77.628257,27.567207],[77.628322,27.567138],[77.628389,27.567083],[77.628391,27.567004],[77.628432,27.566959],[77.628488,27.566952],[77.628643,27.566933],[77.6287,27.566866],[77.628654,27.566674],[77.628472,27.566507],[77.628298,27.566457],[77.628155,27.5664],[77.627809,27.566072],[77.627622,27.56583],[77.627573,27.565751],[77.627681,27.565747],[77.627825,27.565823],[77.628158,27.56602],[77.628263,27.566153],[77.62845,27.566286],[77.628772,27.566648],[77.628912,27.566812],[77.629073,27.567216],[77.629145,27.567254],[77.629537,27.567042],[77.629907,27.566919],[77.630038,27.566907],[77.630261,27.567135],[77.630371,27.567261],[77.630239,27.567463],[77.629655,27.567979],[77.62962,27.568077],[77.630298,27.568899],[77.63018,27.569194],[77.630068,27.569239],[77.629022,27.569137],[77.62881,27.568852],[77.628139,27.568093],[77.628013,27.568074],[77.627933,27.568112],[77.627831,27.568196],[77.627646,27.568281],[77.627506,27.568305],[77.627434,27.568291],[77.626938,27.56849],[77.626766,27.568595],[77.626578,27.568581],[77.626423,27.568462],[77.626213,27.568108],[77.62627,27.568015],[77.62635,27.567927],[77.626372,27.567813],[77.626307,27.567694],[77.626313,27.567606],[77.626398,27.56752],[77.626447,27.567485],[77.626444,27.567302],[77.626463,27.567225],[77.62649,27.567161],[77.626425,27.567033],[77.626353,27.566993],[77.62627,27.566988],[77.626184,27.566933],[77.626149,27.566833],[77.626181,27.566793],[77.626275,27.566752],[77.626313,27.566714],[77.626275,27.56655],[77.626262,27.566477],[77.626267,27.56641],[77.626498,27.566272],[77.626881,27.566011],[77.626932,27.565922],[77.626852,27.56578],[77.626739,27.565704],[77.62671,27.565652],[77.626707,27.565606]]]}},{"type":"Feature","id":"OSM-way-671678215","properties":{"id":"OSM-way-671678215","tag":"forest","facilityId":null,"name":null,"cpcbCategory":null,"source":"OpenStreetMap via Overpass bulk load (© OpenStreetMap contributors, ODbL)","refreshedAt":"2026-09-29T11:11:52.206Z","mappedSince":null,"osmTags":{"natural":"wood"}},"geometry":{"type":"Polygon","coordinates":[[[77.684876,27.568349],[77.685437,27.568091],[77.685431,27.56786],[77.685785,27.567706],[77.685989,27.567382],[77.685917,27.567123],[77.685726,27.567023],[77.685498,27.566641],[77.685082,27.566741],[77.684825,27.566878],[77.684627,27.566959],[77.684412,27.567035],[77.684052,27.567093],[77.684876,27.568349]]]}},{"type":"Feature","id":"OSM-way-671702018","properties":{"id":"OSM-way-671702018","tag":"forest","facilityId":null,"name":null,"cpcbCategory":null,"source":"OpenStreetMap via Overpass bulk load (© OpenStreetMap contributors, ODbL)","refreshedAt":"2026-09-29T11:11:52.206Z","mappedSince":null,"osmTags":{"natural":"wood"}},"geometry":{"type":"Polygon","coordinates":[[[77.709947,27.576679],[77.71,27.576346],[77.710081,27.576194],[77.710172,27.576094],[77.710408,27.575913],[77.710666,27.57588],[77.710955,27.575923],[77.711057,27.576161],[77.711288,27.576527],[77.711411,27.576726],[77.711749,27.576826],[77.71191,27.576745],[77.712001,27.576722],[77.712082,27.576817],[77.712082,27.576902],[77.711813,27.577658],[77.711819,27.578005],[77.711754,27.578281],[77.711658,27.578448],[77.711465,27.578509],[77.710955,27.578391],[77.710467,27.578324],[77.70977,27.578129],[77.709523,27.578043],[77.709458,27.577915],[77.709523,27.577682],[77.709603,27.577587],[77.709737,27.577406],[77.709834,27.57724],[77.70999,27.576855],[77.709947,27.576679]]]}},{"type":"Feature","id":"OSM-way-671702019","properties":{"id":"OSM-way-671702019","tag":"forest","facilityId":null,"name":null,"cpcbCategory":null,"source":"OpenStreetMap via Overpass bulk load (© OpenStreetMap contributors, ODbL)","refreshedAt":"2026-09-29T11:11:52.206Z","mappedSince":null,"osmTags":{"natural":"wood"}},"geometry":{"type":"Polygon","coordinates":[[[77.712597,27.575034],[77.712597,27.574734],[77.712838,27.574501],[77.71316,27.574339],[77.713444,27.574287],[77.713643,27.574358],[77.713723,27.574753],[77.713809,27.574981],[77.71405,27.575105],[77.714286,27.5753],[77.71448,27.575443],[77.714501,27.575628],[77.714067,27.575761],[77.713814,27.575671],[77.713594,27.575433],[77.713433,27.5754],[77.713026,27.575347],[77.712827,27.5753],[77.712597,27.575034]]]}},{"type":"Feature","id":"OSM-way-671782682","properties":{"id":"OSM-way-671782682","tag":"forest","facilityId":null,"name":null,"cpcbCategory":null,"source":"OpenStreetMap via Overpass bulk load (© OpenStreetMap contributors, ODbL)","refreshedAt":"2026-09-29T11:11:52.206Z","mappedSince":null,"osmTags":{"natural":"wood"}},"geometry":{"type":"Polygon","coordinates":[[[77.654838,27.465413],[77.654953,27.46558],[77.65502,27.465608],[77.655248,27.465511],[77.655348,27.465446],[77.655323,27.465337],[77.655195,27.465246],[77.655117,27.465173],[77.654918,27.464602],[77.654948,27.464175],[77.655002,27.464118],[77.654959,27.464004],[77.654755,27.463559],[77.654621,27.46334],[77.654513,27.463281],[77.654403,27.463252],[77.654221,27.463266],[77.653762,27.463445],[77.65355,27.463497],[77.653349,27.46354],[77.653159,27.463614],[77.652939,27.463645],[77.652845,27.46364],[77.652735,27.463673],[77.652695,27.463792],[77.652743,27.463916],[77.65306,27.464585],[77.653164,27.46474],[77.653247,27.464804],[77.653387,27.464804],[77.653529,27.464754],[77.653726,27.46471],[77.653783,27.464687],[77.653852,27.464693],[77.653982,27.464748],[77.654049,27.464773],[77.654098,27.464774],[77.654131,27.464768],[77.654157,27.464727],[77.654134,27.46469],[77.654001,27.464659],[77.653935,27.464667],[77.653897,27.464619],[77.653915,27.464554],[77.653964,27.464475],[77.654041,27.464354],[77.65428,27.464264],[77.654357,27.464268],[77.65442,27.464302],[77.654422,27.464397],[77.654363,27.464506],[77.654358,27.464556],[77.654393,27.464682],[77.654387,27.464749],[77.654358,27.464823],[77.654358,27.464878],[77.654589,27.465075],[77.654642,27.465154],[77.654688,27.465249],[77.654838,27.465413]]]}},{"type":"Feature","id":"OSM-way-671782806","properties":{"id":"OSM-way-671782806","tag":"industrial","facilityId":null,"name":null,"cpcbCategory":null,"source":"OpenStreetMap via Overpass bulk load (© OpenStreetMap contributors, ODbL)","refreshedAt":"2026-09-29T11:11:52.206Z","mappedSince":null,"osmTags":{"landuse":"industrial"}},"geometry":{"type":"Polygon","coordinates":[[[77.65279,27.532034],[77.652384,27.531685],[77.651531,27.53248],[77.651975,27.532817],[77.65279,27.532034]]]}},{"type":"Feature","id":"OSM-way-671782810","properties":{"id":"OSM-way-671782810","tag":"industrial","facilityId":null,"name":null,"cpcbCategory":null,"source":"OpenStreetMap via Overpass bulk load (© OpenStreetMap contributors, ODbL)","refreshedAt":"2026-09-29T11:11:52.206Z","mappedSince":null,"osmTags":{"landuse":"industrial"}},"geometry":{"type":"Polygon","coordinates":[[[77.648905,27.531588],[77.647964,27.530808],[77.647569,27.531162],[77.648452,27.53197],[77.648905,27.531588]]]}},{"type":"Feature","id":"OSM-way-671782811","properties":{"id":"OSM-way-671782811","tag":"industrial","facilityId":null,"name":null,"cpcbCategory":null,"source":"OpenStreetMap via Overpass bulk load (© OpenStreetMap contributors, ODbL)","refreshedAt":"2026-09-29T11:11:52.206Z","mappedSince":null,"osmTags":{"landuse":"industrial"}},"geometry":{"type":"Polygon","coordinates":[[[77.648696,27.530094],[77.649744,27.5293],[77.650072,27.529514],[77.650587,27.530054],[77.649613,27.530953],[77.6492,27.531305],[77.648419,27.530541],[77.648814,27.530203],[77.648696,27.530094]]]}},{"type":"Feature","id":"OSM-way-671884004","properties":{"id":"OSM-way-671884004","tag":"forest","facilityId":null,"name":null,"cpcbCategory":null,"source":"OpenStreetMap via Overpass bulk load (© OpenStreetMap contributors, ODbL)","refreshedAt":"2026-09-29T11:11:52.206Z","mappedSince":null,"osmTags":{"natural":"wood"}},"geometry":{"type":"Polygon","coordinates":[[[77.600174,27.492286],[77.600853,27.492041],[77.600912,27.491946],[77.600609,27.491689],[77.600325,27.491184],[77.600223,27.491044],[77.600159,27.491018],[77.600035,27.491053],[77.599863,27.491196],[77.599625,27.491422],[77.599477,27.491627],[77.599292,27.491829],[77.599171,27.491853],[77.598868,27.491781],[77.598753,27.491898],[77.59871,27.491998],[77.598844,27.492096],[77.598933,27.492205],[77.599035,27.492353],[77.599035,27.492452],[77.599064,27.492557],[77.599311,27.492531],[77.599499,27.492493],[77.599499,27.492398],[77.599391,27.492184],[77.599381,27.492067],[77.599432,27.492041],[77.599539,27.492022],[77.5997,27.491965],[77.600078,27.491855],[77.600188,27.491929],[77.600183,27.492053],[77.600065,27.492165],[77.600078,27.492238],[77.600174,27.492286]]]}},{"type":"Feature","id":"OSM-way-671884025","properties":{"id":"OSM-way-671884025","tag":"forest","facilityId":null,"name":null,"cpcbCategory":null,"source":"OpenStreetMap via Overpass bulk load (© OpenStreetMap contributors, ODbL)","refreshedAt":"2026-09-29T11:11:52.206Z","mappedSince":null,"osmTags":{"natural":"wood"}},"geometry":{"type":"Polygon","coordinates":[[[77.665739,27.503494],[77.665864,27.503216],[77.665966,27.503054],[77.66606,27.50298],[77.666114,27.502862],[77.666058,27.502776],[77.665977,27.502788],[77.665851,27.502942],[77.665811,27.503009],[77.665741,27.503021],[77.665537,27.503023],[77.665443,27.502954],[77.665406,27.5029],[77.665325,27.502838],[77.665189,27.502793],[77.665167,27.502658],[77.66512,27.502625],[77.665096,27.502559],[77.665081,27.502429],[77.665047,27.502412],[77.664928,27.502417],[77.664883,27.502486],[77.664837,27.502726],[77.664784,27.502847],[77.66473,27.50288],[77.664577,27.502907],[77.664542,27.502952],[77.664591,27.503069],[77.664794,27.503204],[77.665014,27.503328],[77.665191,27.503363],[77.665441,27.503425],[77.665739,27.503494]]]}},{"type":"Feature","id":"OSM-way-671911753","properties":{"id":"OSM-way-671911753","tag":"industrial","facilityId":null,"name":null,"cpcbCategory":null,"source":"OpenStreetMap via Overpass bulk load (© OpenStreetMap contributors, ODbL)","refreshedAt":"2026-09-29T11:11:52.206Z","mappedSince":null,"osmTags":{"landuse":"industrial"}},"geometry":{"type":"Polygon","coordinates":[[[77.627882,27.469111],[77.629113,27.468407],[77.630476,27.469602],[77.630087,27.469875],[77.629832,27.469654],[77.629765,27.469468],[77.628973,27.469873],[77.628888,27.469556],[77.628638,27.469233],[77.628118,27.469459],[77.627882,27.469111]]]}},{"type":"Feature","id":"OSM-way-671911809","properties":{"id":"OSM-way-671911809","tag":"forest","facilityId":null,"name":null,"cpcbCategory":null,"source":"OpenStreetMap via Overpass bulk load (© OpenStreetMap contributors, ODbL)","refreshedAt":"2026-09-29T11:11:52.206Z","mappedSince":null,"osmTags":{"natural":"wood"}},"geometry":{"type":"Polygon","coordinates":[[[77.637186,27.442176],[77.637511,27.442073],[77.637406,27.441766],[77.637661,27.441628],[77.637428,27.441295],[77.637221,27.441269],[77.637031,27.441293],[77.636934,27.441414],[77.636918,27.441581],[77.63691,27.441661],[77.636612,27.441852],[77.63651,27.441914],[77.636602,27.442004],[77.636913,27.441971],[77.637036,27.442052],[77.637186,27.442176]]]}},{"type":"Feature","id":"OSM-way-671990905","properties":{"id":"OSM-way-671990905","tag":"forest","facilityId":null,"name":null,"cpcbCategory":null,"source":"OpenStreetMap via Overpass bulk load (© OpenStreetMap contributors, ODbL)","refreshedAt":"2026-09-29T11:11:52.206Z","mappedSince":null,"osmTags":{"natural":"wood"}},"geometry":{"type":"Polygon","coordinates":[[[77.6966,27.400832],[77.696203,27.398308],[77.695978,27.396055],[77.695575,27.396079],[77.69571,27.395122],[77.695774,27.395074],[77.697211,27.395365],[77.697732,27.395436],[77.697877,27.395427],[77.698038,27.395522],[77.698842,27.396389],[77.69932,27.396856],[77.699534,27.396989],[77.699829,27.397146],[77.70057,27.397184],[77.700918,27.397346],[77.700988,27.397546],[77.700951,27.398213],[77.700865,27.398718],[77.700741,27.399042],[77.700833,27.399232],[77.700607,27.399613],[77.700285,27.40028],[77.699518,27.401899],[77.698794,27.40308],[77.698236,27.403547],[77.698038,27.403633],[77.697764,27.403547],[77.697442,27.403423],[77.69726,27.403576],[77.696965,27.403752],[77.696718,27.40379],[77.696793,27.404238],[77.696782,27.404376],[77.696557,27.40438],[77.696063,27.404052],[77.695956,27.403776],[77.695881,27.403437],[77.695731,27.403228],[77.695511,27.403118],[77.695103,27.403137],[77.694975,27.403009],[77.694899,27.402818],[77.694712,27.401413],[77.694781,27.401285],[77.695382,27.40118],[77.696546,27.400918],[77.6966,27.400832]]]}},{"type":"Feature","id":"OSM-way-672271054","properties":{"id":"OSM-way-672271054","tag":"forest","facilityId":null,"name":null,"cpcbCategory":null,"source":"OpenStreetMap via Overpass bulk load (© OpenStreetMap contributors, ODbL)","refreshedAt":"2026-09-29T11:11:52.206Z","mappedSince":null,"osmTags":{"natural":"wood"}},"geometry":{"type":"Polygon","coordinates":[[[77.740312,27.429737],[77.740449,27.429626],[77.740352,27.429502],[77.740355,27.429423],[77.740446,27.42934],[77.740459,27.429271],[77.740355,27.429152],[77.740296,27.42913],[77.740234,27.429259],[77.740122,27.429321],[77.740127,27.429414],[77.740183,27.429578],[77.740258,27.429709],[77.740312,27.429737]]]}},{"type":"Feature","id":"OSM-way-672271055","properties":{"id":"OSM-way-672271055","tag":"forest","facilityId":null,"name":null,"cpcbCategory":null,"source":"OpenStreetMap via Overpass bulk load (© OpenStreetMap contributors, ODbL)","refreshedAt":"2026-09-29T11:11:52.206Z","mappedSince":null,"osmTags":{"natural":"wood"}},"geometry":{"type":"Polygon","coordinates":[[[77.740819,27.428914],[77.740913,27.428928],[77.740929,27.42898],[77.741055,27.428978],[77.741133,27.42894],[77.741138,27.429128],[77.741052,27.429168],[77.741023,27.429271],[77.741103,27.429559],[77.741025,27.429592],[77.740862,27.42953],[77.740693,27.429409],[77.740663,27.429321],[77.740687,27.429235],[77.740671,27.429185],[77.740709,27.429095],[77.740752,27.429059],[77.740819,27.428914]]]}},{"type":"Feature","id":"OSM-way-672362642","properties":{"id":"OSM-way-672362642","tag":"forest","facilityId":null,"name":null,"cpcbCategory":null,"source":"OpenStreetMap via Overpass bulk load (© OpenStreetMap contributors, ODbL)","refreshedAt":"2026-09-29T11:11:52.206Z","mappedSince":null,"osmTags":{"natural":"wood"}},"geometry":{"type":"Polygon","coordinates":[[[77.600167,27.428752],[77.600134,27.428594],[77.600167,27.428483],[77.600187,27.428414],[77.600236,27.428398],[77.600306,27.428397],[77.600327,27.428453],[77.600314,27.428538],[77.600262,27.428641],[77.600213,27.42873],[77.600167,27.428752]]]}},{"type":"Feature","id":"OSM-way-672362643","properties":{"id":"OSM-way-672362643","tag":"forest","facilityId":null,"name":null,"cpcbCategory":null,"source":"OpenStreetMap via Overpass bulk load (© OpenStreetMap contributors, ODbL)","refreshedAt":"2026-09-29T11:11:52.206Z","mappedSince":null,"osmTags":{"natural":"wood"}},"geometry":{"type":"Polygon","coordinates":[[[77.599571,27.428296],[77.599572,27.428367],[77.599448,27.428434],[77.599386,27.428484],[77.599314,27.428502],[77.599244,27.428608],[77.5993,27.428727],[77.599308,27.428792],[77.599259,27.428829],[77.599209,27.428818],[77.599131,27.428667],[77.599061,27.428564],[77.599009,27.428561],[77.598915,27.428588],[77.598807,27.428569],[77.59876,27.428551],[77.598693,27.428516],[77.598521,27.42842],[77.598556,27.428349],[77.598635,27.428316],[77.598774,27.428407],[77.598847,27.42843],[77.598917,27.428386],[77.598957,27.428307],[77.599044,27.428264],[77.599095,27.428301],[77.599129,27.428354],[77.599214,27.428388],[77.599418,27.428336],[77.599491,27.428307],[77.599571,27.428296]]]}},{"type":"Feature","id":"OSM-way-672362669","properties":{"id":"OSM-way-672362669","tag":"forest","facilityId":null,"name":null,"cpcbCategory":null,"source":"OpenStreetMap via Overpass bulk load (© OpenStreetMap contributors, ODbL)","refreshedAt":"2026-09-29T11:11:52.206Z","mappedSince":null,"osmTags":{"natural":"wood"}},"geometry":{"type":"Polygon","coordinates":[[[77.585256,27.481291],[77.586487,27.480584],[77.586359,27.480436],[77.586412,27.480336],[77.586428,27.480239],[77.586383,27.48021],[77.586299,27.480251],[77.586168,27.480372],[77.586047,27.480405],[77.58587,27.480327],[77.585742,27.480344],[77.585677,27.480401],[77.585583,27.480398],[77.585436,27.48037],[77.585125,27.480493],[77.584985,27.48057],[77.584856,27.480467],[77.584746,27.480443],[77.584591,27.480486],[77.584545,27.48057],[77.584556,27.480708],[77.584425,27.48077],[77.584344,27.4808],[77.584272,27.480855],[77.584293,27.481098],[77.584476,27.481276],[77.584561,27.481262],[77.584709,27.481162],[77.584921,27.481081],[77.585098,27.481081],[77.585165,27.481145],[77.585184,27.481245],[77.585256,27.481291]]]}},{"type":"Feature","id":"OSM-way-672496400","properties":{"id":"OSM-way-672496400","tag":"forest","facilityId":null,"name":null,"cpcbCategory":null,"source":"OpenStreetMap via Overpass bulk load (© OpenStreetMap contributors, ODbL)","refreshedAt":"2026-09-29T11:11:52.206Z","mappedSince":null,"osmTags":{"natural":"wood"}},"geometry":{"type":"Polygon","coordinates":[[[77.601214,27.54136],[77.601204,27.541277],[77.601365,27.540754],[77.601585,27.540744],[77.60169,27.541006],[77.601652,27.541094],[77.601706,27.541191],[77.601808,27.54121],[77.601923,27.541158],[77.602033,27.541163],[77.602001,27.541227],[77.601918,27.541306],[77.601559,27.541332],[77.601214,27.54136]]]}},{"type":"Feature","id":"OSM-way-672971546","properties":{"id":"OSM-way-672971546","tag":"forest","facilityId":null,"name":null,"cpcbCategory":null,"source":"OpenStreetMap via Overpass bulk load (© OpenStreetMap contributors, ODbL)","refreshedAt":"2026-09-29T11:11:52.206Z","mappedSince":null,"osmTags":{"natural":"wood"}},"geometry":{"type":"Polygon","coordinates":[[[77.682872,27.56305],[77.682945,27.562995],[77.683763,27.562784],[77.683806,27.562732],[77.683715,27.562527],[77.683422,27.562035],[77.683047,27.561678],[77.68294,27.561635],[77.682824,27.561633],[77.68247,27.56184],[77.682261,27.562004],[77.682221,27.562123],[77.682159,27.562344],[77.682333,27.563107],[77.682585,27.563614],[77.682593,27.56373],[77.682612,27.563925],[77.682768,27.564018],[77.683095,27.564016],[77.683929,27.563754],[77.684101,27.563683],[77.684141,27.563609],[77.684146,27.563554],[77.68409,27.563504],[77.683798,27.563462],[77.683578,27.563523],[77.683312,27.563573],[77.683159,27.563576],[77.683103,27.563557],[77.68299,27.563471],[77.682942,27.563362],[77.682899,27.56325],[77.682872,27.56305]]]}},{"type":"Feature","id":"OSM-way-672971550","properties":{"id":"OSM-way-672971550","tag":"forest","facilityId":null,"name":null,"cpcbCategory":null,"source":"OpenStreetMap via Overpass bulk load (© OpenStreetMap contributors, ODbL)","refreshedAt":"2026-09-29T11:11:52.206Z","mappedSince":null,"osmTags":{"natural":"wood"}},"geometry":{"type":"Polygon","coordinates":[[[77.685351,27.564408],[77.686225,27.563611],[77.686324,27.563533],[77.686421,27.563476],[77.686499,27.563445],[77.686563,27.563388],[77.686517,27.563307],[77.686343,27.563252],[77.686182,27.563188],[77.686121,27.563167],[77.68607,27.563143],[77.685952,27.562979],[77.685986,27.562627],[77.686252,27.56188],[77.686295,27.561692],[77.686327,27.561547],[77.686351,27.561421],[77.686386,27.561162],[77.686381,27.561012],[77.686177,27.560898],[77.685925,27.560837],[77.685882,27.56086],[77.685447,27.561127],[77.68519,27.561162],[77.685007,27.561222],[77.684672,27.561357],[77.684447,27.561438],[77.684189,27.561588],[77.684077,27.561714],[77.683945,27.561778],[77.68379,27.561692],[77.683369,27.561217],[77.683047,27.56086],[77.682851,27.560646],[77.682781,27.560668],[77.682685,27.560863],[77.682789,27.560989],[77.683165,27.561343],[77.68375,27.561995],[77.684117,27.562579],[77.68416,27.562703],[77.684302,27.562789],[77.684796,27.562891],[77.684833,27.562993],[77.684994,27.563169],[77.685332,27.563378],[77.685555,27.563628],[77.685579,27.563749],[77.685606,27.563882],[77.685611,27.563975],[77.685361,27.564135],[77.685235,27.564211],[77.685222,27.564268],[77.685222,27.564306],[77.685351,27.564408]]]}},{"type":"Feature","id":"OSM-way-672971551","properties":{"id":"OSM-way-672971551","tag":"forest","facilityId":null,"name":null,"cpcbCategory":null,"source":"OpenStreetMap via Overpass bulk load (© OpenStreetMap contributors, ODbL)","refreshedAt":"2026-09-29T11:11:52.206Z","mappedSince":null,"osmTags":{"natural":"wood"}},"geometry":{"type":"Polygon","coordinates":[[[77.687633,27.564189],[77.687931,27.56412],[77.688113,27.564439],[77.688239,27.56446],[77.688427,27.56442],[77.688475,27.564375],[77.688414,27.564232],[77.688237,27.564089],[77.688183,27.563928],[77.688111,27.563856],[77.687998,27.563825],[77.687778,27.563771],[77.687494,27.563661],[77.687368,27.563554],[77.687226,27.563509],[77.686729,27.563566],[77.686493,27.563604],[77.686375,27.563671],[77.68552,27.564422],[77.685477,27.564474],[77.685641,27.564622],[77.685852,27.564715],[77.686035,27.56467],[77.686196,27.564598],[77.68633,27.564619],[77.686453,27.564596],[77.686595,27.564482],[77.686756,27.564394],[77.686909,27.564358],[77.686973,27.564401],[77.687038,27.564436],[77.687089,27.564439],[77.687633,27.564189]]]}},{"type":"Feature","id":"OSM-way-672984763","properties":{"id":"OSM-way-672984763","tag":"forest","facilityId":null,"name":null,"cpcbCategory":null,"source":"OpenStreetMap via Overpass bulk load (© OpenStreetMap contributors, ODbL)","refreshedAt":"2026-09-29T11:11:52.206Z","mappedSince":null,"osmTags":{"natural":"wood"}},"geometry":{"type":"Polygon","coordinates":[[[77.691139,27.573212],[77.691085,27.572651],[77.690302,27.572661],[77.689707,27.57278],[77.689401,27.572827],[77.689256,27.572699],[77.689229,27.57257],[77.689106,27.57257],[77.689031,27.572637],[77.688931,27.573338],[77.689259,27.573488],[77.690021,27.573372],[77.691139,27.573212]]]}},{"type":"Feature","id":"OSM-way-672984772","properties":{"id":"OSM-way-672984772","tag":"forest","facilityId":null,"name":null,"cpcbCategory":null,"source":"OpenStreetMap via Overpass bulk load (© OpenStreetMap contributors, ODbL)","refreshedAt":"2026-09-29T11:11:52.206Z","mappedSince":null,"osmTags":{"natural":"wood"}},"geometry":{"type":"Polygon","coordinates":[[[77.697804,27.56394],[77.69851,27.563633],[77.698622,27.563547],[77.69859,27.563426],[77.697909,27.562881],[77.697906,27.562758],[77.697751,27.562732],[77.697643,27.562891],[77.697517,27.562977],[77.697496,27.563124],[77.69756,27.563314],[77.697689,27.563616],[77.697718,27.56379],[77.697718,27.563871],[77.697804,27.56394]]]}},{"type":"Feature","id":"OSM-way-672984773","properties":{"id":"OSM-way-672984773","tag":"forest","facilityId":null,"name":null,"cpcbCategory":null,"source":"OpenStreetMap via Overpass bulk load (© OpenStreetMap contributors, ODbL)","refreshedAt":"2026-09-29T11:11:52.206Z","mappedSince":null,"osmTags":{"natural":"wood"}},"geometry":{"type":"Polygon","coordinates":[[[77.69138,27.559055],[77.691367,27.558963],[77.689623,27.558884],[77.689623,27.559003],[77.689707,27.559419],[77.689919,27.559919],[77.689814,27.560061],[77.689758,27.560185],[77.689846,27.560425],[77.689964,27.560499],[77.690366,27.56033],[77.69053,27.56029],[77.690675,27.560311],[77.690729,27.560256],[77.690836,27.560064],[77.690927,27.559888],[77.690978,27.559624],[77.691096,27.559405],[77.691246,27.559146],[77.69138,27.559055]]]}},{"type":"Feature","id":"OSM-way-672984776","properties":{"id":"OSM-way-672984776","tag":"forest","facilityId":null,"name":null,"cpcbCategory":null,"source":"OpenStreetMap via Overpass bulk load (© OpenStreetMap contributors, ODbL)","refreshedAt":"2026-09-29T11:11:52.206Z","mappedSince":null,"osmTags":{"natural":"wood"}},"geometry":{"type":"Polygon","coordinates":[[[77.689948,27.556083],[77.691584,27.555341],[77.691874,27.555598],[77.692695,27.556221],[77.694073,27.557438],[77.695227,27.558792],[77.695154,27.558899],[77.694741,27.558937],[77.694462,27.558906],[77.694393,27.558887],[77.694264,27.558725],[77.693998,27.558333],[77.693918,27.558207],[77.693985,27.558147],[77.694001,27.558114],[77.693687,27.557662],[77.693373,27.557662],[77.693161,27.557662],[77.693073,27.557565],[77.692987,27.557579],[77.692925,27.557679],[77.69288,27.557745],[77.692453,27.557886],[77.692477,27.558123],[77.692386,27.558161],[77.692362,27.558138],[77.692225,27.557826],[77.692005,27.557676],[77.691681,27.557771],[77.69163,27.557893],[77.691772,27.558092],[77.691844,27.558199],[77.691909,27.558311],[77.691638,27.558556],[77.691552,27.558739],[77.691453,27.55882],[77.691005,27.558818],[77.690691,27.558803],[77.690501,27.55878],[77.690417,27.558692],[77.690275,27.558506],[77.690074,27.55838],[77.689996,27.558266],[77.68979,27.55829],[77.689693,27.558252],[77.689672,27.558142],[77.689927,27.558042],[77.690595,27.55789],[77.690576,27.5576],[77.690125,27.556592],[77.689948,27.556083]]]}},{"type":"Feature","id":"OSM-way-672984777","properties":{"id":"OSM-way-672984777","tag":"forest","facilityId":null,"name":null,"cpcbCategory":null,"source":"OpenStreetMap via Overpass bulk load (© OpenStreetMap contributors, ODbL)","refreshedAt":"2026-09-29T11:11:52.206Z","mappedSince":null,"osmTags":{"natural":"wood"}},"geometry":{"type":"Polygon","coordinates":[[[77.683559,27.556502],[77.683908,27.556383],[77.684315,27.556112],[77.68453,27.55594],[77.684621,27.555722],[77.684605,27.55555],[77.684444,27.555398],[77.684283,27.555351],[77.684112,27.555137],[77.684015,27.55498],[77.683736,27.554918],[77.683285,27.554913],[77.683141,27.554861],[77.682856,27.55487],[77.682459,27.555089],[77.682277,27.555303],[77.682285,27.555378],[77.682458,27.555707],[77.682846,27.555227],[77.682985,27.555189],[77.683044,27.55536],[77.682787,27.555745],[77.682781,27.556074],[77.682872,27.556544],[77.683007,27.556782],[77.683017,27.556853],[77.682921,27.556901],[77.682819,27.556796],[77.682562,27.556251],[77.68248,27.556427],[77.682728,27.556953],[77.682781,27.557072],[77.682862,27.557134],[77.683055,27.557286],[77.68313,27.557277],[77.683194,27.557205],[77.683178,27.557006],[77.683253,27.556858],[77.683361,27.556835],[77.683511,27.556873],[77.683677,27.556949],[77.683956,27.556882],[77.68401,27.55673],[77.683865,27.556606],[77.683725,27.556606],[77.68343,27.556606],[77.683484,27.556487],[77.683559,27.556502]]]}},{"type":"Feature","id":"OSM-way-672984792","properties":{"id":"OSM-way-672984792","tag":"forest","facilityId":null,"name":null,"cpcbCategory":null,"source":"OpenStreetMap via Overpass bulk load (© OpenStreetMap contributors, ODbL)","refreshedAt":"2026-09-29T11:11:52.206Z","mappedSince":null,"osmTags":{"natural":"wood"}},"geometry":{"type":"Polygon","coordinates":[[[77.67827,27.551056],[77.679235,27.550452],[77.678865,27.549672],[77.679246,27.549334],[77.679445,27.549035],[77.678973,27.547622],[77.678962,27.547213],[77.678736,27.546918],[77.678211,27.546471],[77.677889,27.546186],[77.677363,27.546338],[77.677427,27.546661],[77.677975,27.546975],[77.677352,27.548069],[77.677063,27.54824],[77.676752,27.547727],[77.676419,27.547261],[77.676215,27.54708],[77.676022,27.547032],[77.676355,27.547898],[77.676247,27.548564],[77.676001,27.548802],[77.676097,27.549734],[77.676773,27.550333],[77.677352,27.550828],[77.677739,27.551075],[77.67827,27.551056]]]}},{"type":"Feature","id":"OSM-way-673573093","properties":{"id":"OSM-way-673573093","tag":"forest","facilityId":null,"name":null,"cpcbCategory":null,"source":"OpenStreetMap via Overpass bulk load (© OpenStreetMap contributors, ODbL)","refreshedAt":"2026-09-29T11:11:52.206Z","mappedSince":null,"osmTags":{"natural":"wood"}},"geometry":{"type":"Polygon","coordinates":[[[77.696978,27.564831],[77.697179,27.564741],[77.697324,27.564596],[77.69734,27.564524],[77.697348,27.56437],[77.697316,27.564301],[77.697407,27.564182],[77.697477,27.564106],[77.697507,27.563968],[77.697372,27.563899],[77.697177,27.563911],[77.696984,27.563994],[77.69686,27.563982],[77.696748,27.563944],[77.696662,27.56394],[77.696549,27.563954],[77.696468,27.56402],[77.696401,27.564439],[77.696254,27.564551],[77.696251,27.564686],[77.696359,27.564736],[77.696586,27.564762],[77.696683,27.564815],[77.696978,27.564831]]]}},{"type":"Feature","id":"OSM-way-673846761","properties":{"id":"OSM-way-673846761","tag":"forest","facilityId":null,"name":null,"cpcbCategory":null,"source":"OpenStreetMap via Overpass bulk load (© OpenStreetMap contributors, ODbL)","refreshedAt":"2026-09-29T11:11:52.206Z","mappedSince":null,"osmTags":{"natural":"wood"}},"geometry":{"type":"Polygon","coordinates":[[[77.674764,27.519837],[77.67503,27.519825],[77.67514,27.519742],[77.675204,27.519469],[77.67518,27.519133],[77.675048,27.51904],[77.674799,27.519026],[77.674708,27.51904],[77.674646,27.519107],[77.674542,27.519152],[77.674407,27.519164],[77.67434,27.519176],[77.674241,27.519207],[77.674276,27.519309],[77.674214,27.519407],[77.674051,27.519376],[77.673941,27.519395],[77.67389,27.519588],[77.674018,27.519799],[77.673927,27.51994],[77.673898,27.520032],[77.673946,27.520275],[77.674,27.520361],[77.67415,27.520375],[77.674289,27.520465],[77.674367,27.520546],[77.674472,27.520584],[77.674595,27.520598],[77.674737,27.520598],[77.674887,27.520572],[77.674941,27.520522],[77.674836,27.520363],[77.674804,27.520263],[77.674767,27.520177],[77.674737,27.520075],[77.674713,27.519959],[77.674764,27.519837]]]}},{"type":"Feature","id":"OSM-way-673949382","properties":{"id":"OSM-way-673949382","tag":"forest","facilityId":null,"name":null,"cpcbCategory":null,"source":"OpenStreetMap via Overpass bulk load (© OpenStreetMap contributors, ODbL)","refreshedAt":"2026-09-29T11:11:52.206Z","mappedSince":null,"osmTags":{"natural":"wood"}},"geometry":{"type":"Polygon","coordinates":[[[77.66734,27.514823],[77.667391,27.514259],[77.667474,27.514157],[77.667672,27.514107],[77.667812,27.514069],[77.667949,27.514069],[77.668099,27.514059],[77.668244,27.513836],[77.668464,27.513567],[77.668689,27.513565],[77.669558,27.513914],[77.669719,27.514028],[77.66995,27.514131],[77.670537,27.514392],[77.670604,27.514521],[77.670534,27.514899],[77.670416,27.51502],[77.669984,27.51512],[77.669644,27.51518],[77.669437,27.515175],[77.669327,27.515137],[77.669043,27.514647],[77.668729,27.514687],[77.66848,27.514782],[77.667994,27.514823],[77.667691,27.51482],[77.667541,27.514835],[77.66745,27.514851],[77.66734,27.514823]]]}},{"type":"Feature","id":"OSM-way-674201636","properties":{"id":"OSM-way-674201636","tag":"forest","facilityId":null,"name":null,"cpcbCategory":null,"source":"OpenStreetMap via Overpass bulk load (© OpenStreetMap contributors, ODbL)","refreshedAt":"2026-09-29T11:11:52.206Z","mappedSince":null,"osmTags":{"natural":"wood"}},"geometry":{"type":"Polygon","coordinates":[[[77.706181,27.577596],[77.706307,27.578412],[77.706347,27.578474],[77.707278,27.578364],[77.70731,27.578291],[77.707243,27.577658],[77.70712,27.577169],[77.706868,27.577164],[77.70676,27.577169],[77.706613,27.576974],[77.706505,27.576477],[77.706342,27.576484],[77.706132,27.576584],[77.705982,27.576679],[77.705963,27.57686],[77.706012,27.577513],[77.706143,27.577541],[77.706181,27.577568],[77.706181,27.577596]]]}},{"type":"Feature","id":"OSM-way-674929172","properties":{"id":"OSM-way-674929172","tag":"forest","facilityId":null,"name":null,"cpcbCategory":null,"source":"OpenStreetMap via Overpass bulk load (© OpenStreetMap contributors, ODbL)","refreshedAt":"2026-09-29T11:11:52.206Z","mappedSince":null,"osmTags":{"natural":"wood"}},"geometry":{"type":"Polygon","coordinates":[[[77.640268,27.525694],[77.640485,27.525482],[77.640461,27.525377],[77.640212,27.525323],[77.639742,27.525135],[77.63949,27.525104],[77.63849,27.525634],[77.638302,27.525625],[77.637632,27.524883],[77.636441,27.525273],[77.636438,27.525358],[77.636988,27.52641],[77.63742,27.526224],[77.637825,27.527037],[77.637913,27.527023],[77.640268,27.525694]]]}},{"type":"Feature","id":"OSM-way-674936080","properties":{"id":"OSM-way-674936080","tag":"industrial","facilityId":null,"name":null,"cpcbCategory":null,"source":"OpenStreetMap via Overpass bulk load (© OpenStreetMap contributors, ODbL)","refreshedAt":"2026-09-29T11:11:52.206Z","mappedSince":null,"osmTags":{"landuse":"industrial"}},"geometry":{"type":"Polygon","coordinates":[[[77.657885,27.478645],[77.658818,27.478849],[77.659382,27.479168],[77.65928,27.479392],[77.660299,27.479663],[77.660916,27.477826],[77.660275,27.477609],[77.660556,27.476774],[77.66024,27.47665],[77.660272,27.47645],[77.65965,27.476227],[77.659746,27.475832],[77.659205,27.475446],[77.659414,27.47468],[77.659151,27.474599],[77.658456,27.476598],[77.657885,27.478645]]]}},{"type":"Feature","id":"OSM-way-675021039","properties":{"id":"OSM-way-675021039","tag":"forest","facilityId":null,"name":null,"cpcbCategory":null,"source":"OpenStreetMap via Overpass bulk load (© OpenStreetMap contributors, ODbL)","refreshedAt":"2026-09-29T11:11:52.206Z","mappedSince":null,"osmTags":{"natural":"wood"}},"geometry":{"type":"Polygon","coordinates":[[[77.695436,27.448595],[77.696128,27.448653],[77.697394,27.44941],[77.697474,27.449414],[77.697667,27.448805],[77.697721,27.4487],[77.698343,27.445849],[77.698751,27.444297],[77.698928,27.443259],[77.697812,27.443126],[77.697748,27.442983],[77.697501,27.442849],[77.697989,27.441407],[77.697651,27.441288],[77.697603,27.441088],[77.697748,27.440755],[77.697721,27.440636],[77.697099,27.440359],[77.697013,27.44005],[77.696519,27.439921],[77.696493,27.439869],[77.696519,27.439379],[77.695785,27.439193],[77.696005,27.438674],[77.694068,27.438293],[77.693263,27.441316],[77.692303,27.44512],[77.691407,27.448438],[77.690962,27.449862],[77.691171,27.449962],[77.691423,27.449976],[77.691509,27.449543],[77.691767,27.448643],[77.692003,27.448624],[77.692271,27.448724],[77.69262,27.448781],[77.692797,27.448762],[77.69292,27.448643],[77.693022,27.448291],[77.693188,27.448253],[77.693746,27.448305],[77.693934,27.448338],[77.694014,27.448595],[77.694637,27.448762],[77.694926,27.448829],[77.695205,27.448814],[77.695436,27.448595]]]}},{"type":"Feature","id":"OSM-way-675021086","properties":{"id":"OSM-way-675021086","tag":"forest","facilityId":null,"name":null,"cpcbCategory":null,"source":"OpenStreetMap via Overpass bulk load (© OpenStreetMap contributors, ODbL)","refreshedAt":"2026-09-29T11:11:52.206Z","mappedSince":null,"osmTags":{"natural":"wood"}},"geometry":{"type":"Polygon","coordinates":[[[77.722309,27.44128],[77.722502,27.441168],[77.722557,27.441183],[77.722564,27.441172],[77.722558,27.441119],[77.722489,27.441091],[77.722405,27.440878],[77.722416,27.440856],[77.722208,27.440555],[77.722004,27.440706],[77.721821,27.440553],[77.721685,27.440674],[77.721717,27.44077],[77.721773,27.440791],[77.721883,27.440731],[77.721912,27.440733],[77.721953,27.440828],[77.721952,27.440872],[77.722112,27.440994],[77.722309,27.44128]]]}},{"type":"Feature","id":"OSM-way-675021091","properties":{"id":"OSM-way-675021091","tag":"forest","facilityId":null,"name":null,"cpcbCategory":null,"source":"OpenStreetMap via Overpass bulk load (© OpenStreetMap contributors, ODbL)","refreshedAt":"2026-09-29T11:11:52.206Z","mappedSince":null,"osmTags":{"natural":"wood"}},"geometry":{"type":"Polygon","coordinates":[[[77.717231,27.426105],[77.717033,27.425366],[77.718497,27.424428],[77.719549,27.424148],[77.719694,27.4244],[77.721105,27.424476],[77.721475,27.425324],[77.721705,27.425357],[77.72185,27.425843],[77.721523,27.426123],[77.721276,27.4261],[77.720911,27.425762],[77.719924,27.425957],[77.719662,27.425852],[77.719093,27.425976],[77.718964,27.4261],[77.719055,27.426333],[77.719313,27.426557],[77.719216,27.426824],[77.718852,27.426819],[77.718696,27.426566],[77.718599,27.425985],[77.718417,27.425819],[77.718095,27.425862],[77.71772,27.426057],[77.717398,27.4261],[77.717231,27.426105]]]}},{"type":"Feature","id":"OSM-way-675139569","properties":{"id":"OSM-way-675139569","tag":"forest","facilityId":null,"name":null,"cpcbCategory":null,"source":"OpenStreetMap via Overpass bulk load (© OpenStreetMap contributors, ODbL)","refreshedAt":"2026-09-29T11:11:52.206Z","mappedSince":null,"osmTags":{"natural":"wood"}},"geometry":{"type":"Polygon","coordinates":[[[77.706041,27.469816],[77.705682,27.468179],[77.70558,27.467664],[77.705333,27.467669],[77.705344,27.468131],[77.704298,27.468326],[77.704464,27.46944],[77.704341,27.469521],[77.704341,27.470011],[77.704309,27.470335],[77.704362,27.470577],[77.704346,27.470892],[77.704089,27.471163],[77.703978,27.471217],[77.70374,27.471334],[77.703129,27.471601],[77.702656,27.471786],[77.702501,27.471886],[77.702533,27.472029],[77.702849,27.472015],[77.703214,27.471886],[77.703273,27.472096],[77.703273,27.472243],[77.703418,27.472334],[77.703525,27.472243],[77.703804,27.471991],[77.70403,27.471934],[77.70433,27.472119],[77.704502,27.472419],[77.70433,27.472667],[77.704083,27.472905],[77.703139,27.473628],[77.70271,27.474266],[77.702597,27.474485],[77.702555,27.474742],[77.702731,27.474851],[77.70301,27.474975],[77.703273,27.474966],[77.70337,27.474642],[77.7033,27.474228],[77.703338,27.474042],[77.703429,27.473833],[77.70359,27.473671],[77.704545,27.472962],[77.704915,27.472672],[77.705183,27.472215],[77.705725,27.471277],[77.706025,27.470278],[77.70609,27.470125],[77.706041,27.469816]]]}},{"type":"Feature","id":"OSM-way-675139574","properties":{"id":"OSM-way-675139574","tag":"forest","facilityId":null,"name":null,"cpcbCategory":null,"source":"OpenStreetMap via Overpass bulk load (© OpenStreetMap contributors, ODbL)","refreshedAt":"2026-09-29T11:11:52.206Z","mappedSince":null,"osmTags":{"natural":"wood"}},"geometry":{"type":"Polygon","coordinates":[[[77.709453,27.466113],[77.709389,27.464623],[77.710054,27.46458],[77.710134,27.464461],[77.7108,27.464375],[77.710864,27.464323],[77.710977,27.462062],[77.709625,27.462005],[77.709544,27.460886],[77.712811,27.458835],[77.713106,27.458664],[77.712956,27.458073],[77.713208,27.457926],[77.71338,27.457907],[77.713455,27.458202],[77.713407,27.458692],[77.71338,27.459401],[77.713187,27.459868],[77.712951,27.461005],[77.712564,27.462571],[77.712521,27.464618],[77.71264,27.465489],[77.712607,27.465613],[77.711701,27.465651],[77.711615,27.465746],[77.711674,27.467231],[77.712511,27.467188],[77.712082,27.468145],[77.711218,27.469735],[77.710451,27.471025],[77.708724,27.475023],[77.708563,27.475256],[77.708418,27.475318],[77.708364,27.475213],[77.708471,27.474985],[77.70852,27.474809],[77.708563,27.474632],[77.708595,27.474466],[77.708552,27.474337],[77.708546,27.474252],[77.708675,27.474194],[77.708772,27.474147],[77.708938,27.473623],[77.708884,27.473481],[77.708858,27.473295],[77.70904,27.473224],[77.709169,27.473152],[77.709356,27.47279],[77.709775,27.471862],[77.709737,27.471672],[77.709351,27.471529],[77.709088,27.471382],[77.706749,27.470596],[77.70668,27.470454],[77.706733,27.470396],[77.706674,27.470182],[77.70609,27.470125],[77.706041,27.469816],[77.707259,27.469668],[77.707082,27.470554],[77.707361,27.470639],[77.707801,27.470763],[77.70845,27.470972],[77.708686,27.471001],[77.708954,27.470963],[77.709019,27.47083],[77.70904,27.469487],[77.709196,27.469392],[77.709598,27.469359],[77.709716,27.469249],[77.709721,27.468245],[77.710666,27.468169],[77.710612,27.466922],[77.710537,27.46606],[77.709453,27.466113]]]}},{"type":"Feature","id":"OSM-way-675157298","properties":{"id":"OSM-way-675157298","tag":"forest","facilityId":null,"name":null,"cpcbCategory":null,"source":"OpenStreetMap via Overpass bulk load (© OpenStreetMap contributors, ODbL)","refreshedAt":"2026-09-29T11:11:52.206Z","mappedSince":null,"osmTags":{"natural":"wood"}},"geometry":{"type":"Polygon","coordinates":[[[77.671135,27.511875],[77.670226,27.511871],[77.669502,27.511992],[77.66933,27.512458],[77.669673,27.512591],[77.669692,27.512744],[77.669893,27.512739],[77.669936,27.513039],[77.669992,27.513162],[77.67025,27.513162],[77.670341,27.513122],[77.670548,27.512965],[77.671049,27.512834],[77.671106,27.512791],[77.671127,27.512727],[77.671135,27.511875]]]}},{"type":"Feature","id":"OSM-way-675596743","properties":{"id":"OSM-way-675596743","tag":"industrial","facilityId":null,"name":null,"cpcbCategory":null,"source":"OpenStreetMap via Overpass bulk load (© OpenStreetMap contributors, ODbL)","refreshedAt":"2026-09-29T11:11:52.206Z","mappedSince":null,"osmTags":{"landuse":"industrial"}},"geometry":{"type":"Polygon","coordinates":[[[77.657829,27.523696],[77.659333,27.527849],[77.659435,27.52871],[77.65929,27.529509],[77.659022,27.530058],[77.658113,27.529816],[77.658448,27.529059],[77.658336,27.52904],[77.658378,27.527963],[77.657354,27.527872],[77.657869,27.526652],[77.655948,27.526562],[77.655986,27.526438],[77.654897,27.526222],[77.655299,27.525772],[77.655981,27.525984],[77.656077,27.525558],[77.656598,27.525556],[77.656665,27.52513],[77.656718,27.525087],[77.656364,27.524678],[77.657829,27.523696]]]}},{"type":"Feature","id":"OSM-way-675685889","properties":{"id":"OSM-way-675685889","tag":"industrial","facilityId":null,"name":null,"cpcbCategory":null,"source":"OpenStreetMap via Overpass bulk load (© OpenStreetMap contributors, ODbL)","refreshedAt":"2026-09-29T11:11:52.206Z","mappedSince":null,"osmTags":{"landuse":"industrial"}},"geometry":{"type":"Polygon","coordinates":[[[77.660806,27.452323],[77.661973,27.45174],[77.663378,27.453101],[77.662112,27.454046],[77.660806,27.452323]]]}},{"type":"Feature","id":"OSM-way-678150708","properties":{"id":"OSM-way-678150708","tag":"forest","facilityId":null,"name":null,"cpcbCategory":null,"source":"OpenStreetMap via Overpass bulk load (© OpenStreetMap contributors, ODbL)","refreshedAt":"2026-09-29T11:11:52.206Z","mappedSince":null,"osmTags":{"natural":"wood"}},"geometry":{"type":"Polygon","coordinates":[[[77.584486,27.517647],[77.584358,27.517532],[77.584819,27.517209],[77.584937,27.516633],[77.584561,27.516586],[77.584497,27.516559],[77.58435,27.516269],[77.584119,27.516169],[77.58403,27.516043],[77.584151,27.515972],[77.584181,27.515879],[77.584076,27.51587],[77.583945,27.515872],[77.583899,27.515832],[77.583875,27.515636],[77.583936,27.515501],[77.584073,27.515491],[77.584218,27.515556],[77.584172,27.515772],[77.584229,27.515862],[77.584283,27.515927],[77.584862,27.51615],[77.585031,27.516167],[77.585237,27.516231],[77.585347,27.516217],[77.585492,27.516264],[77.585414,27.51649],[77.585549,27.516664],[77.585511,27.516788],[77.585401,27.516788],[77.585149,27.516809],[77.585001,27.517221],[77.584781,27.517378],[77.584532,27.517601],[77.584486,27.517647]]]}},{"type":"Feature","id":"OSM-way-679447841","properties":{"id":"OSM-way-679447841","tag":"forest","facilityId":null,"name":null,"cpcbCategory":null,"source":"OpenStreetMap via Overpass bulk load (© OpenStreetMap contributors, ODbL)","refreshedAt":"2026-09-29T11:11:52.206Z","mappedSince":null,"osmTags":{"natural":"wood"}},"geometry":{"type":"Polygon","coordinates":[[[77.682651,27.569505],[77.682722,27.569407],[77.682653,27.569356],[77.682563,27.569315],[77.682551,27.569279],[77.682533,27.569222],[77.682396,27.569155],[77.682297,27.569112],[77.682248,27.569137],[77.682183,27.569295],[77.68217,27.569378],[77.682296,27.569482],[77.682422,27.569518],[77.682486,27.569505],[77.682579,27.569488],[77.682651,27.569505]]]}},{"type":"Feature","id":"OSM-way-679447864","properties":{"id":"OSM-way-679447864","tag":"forest","facilityId":null,"name":null,"cpcbCategory":null,"source":"OpenStreetMap via Overpass bulk load (© OpenStreetMap contributors, ODbL)","refreshedAt":"2026-09-29T11:11:52.206Z","mappedSince":null,"osmTags":{"natural":"wood"}},"geometry":{"type":"Polygon","coordinates":[[[77.695031,27.576346],[77.695111,27.576384],[77.695152,27.576365],[77.695109,27.576313],[77.693663,27.5755],[77.692346,27.574746],[77.692268,27.57476],[77.692056,27.575019],[77.69211,27.575081],[77.693282,27.575747],[77.693462,27.575847],[77.693639,27.575951],[77.693792,27.57603],[77.693912,27.576075],[77.694025,27.576094],[77.694119,27.576092],[77.694199,27.576051],[77.694258,27.576004],[77.694368,27.575999],[77.694642,27.576165],[77.695031,27.576346]]]}},{"type":"Feature","id":"OSM-way-679447867","properties":{"id":"OSM-way-679447867","tag":"forest","facilityId":null,"name":null,"cpcbCategory":null,"source":"OpenStreetMap via Overpass bulk load (© OpenStreetMap contributors, ODbL)","refreshedAt":"2026-09-29T11:11:52.206Z","mappedSince":null,"osmTags":{"natural":"wood"}},"geometry":{"type":"Polygon","coordinates":[[[77.696284,27.577849],[77.696568,27.577582],[77.696356,27.577219],[77.696219,27.577045],[77.69612,27.576993],[77.695865,27.576869],[77.695441,27.576598],[77.695329,27.576553],[77.69513,27.576558],[77.694926,27.576493],[77.69483,27.576441],[77.694698,27.576384],[77.694588,27.576477],[77.694634,27.576548],[77.694722,27.576612],[77.694915,27.576674],[77.694945,27.576802],[77.694857,27.576845],[77.69461,27.57675],[77.694352,27.576615],[77.694173,27.57656],[77.694114,27.576569],[77.694143,27.576636],[77.694288,27.576724],[77.695342,27.577306],[77.69546,27.577328],[77.69565,27.577287],[77.695742,27.577326],[77.695763,27.577423],[77.695876,27.577528],[77.696005,27.577663],[77.696152,27.577725],[77.696216,27.577799],[77.696284,27.577849]]]}},{"type":"Feature","id":"OSM-way-679447914","properties":{"id":"OSM-way-679447914","tag":"farmland","facilityId":null,"name":null,"cpcbCategory":null,"source":"OpenStreetMap via Overpass bulk load (© OpenStreetMap contributors, ODbL)","refreshedAt":"2026-09-29T11:11:52.206Z","mappedSince":null,"osmTags":{"landuse":"farmland"}},"geometry":{"type":"Polygon","coordinates":[[[77.699833,27.572317],[77.701074,27.571328],[77.700562,27.570857],[77.700386,27.570973],[77.70022,27.57084],[77.69896,27.571656],[77.699564,27.572301],[77.699833,27.572317]]]}},{"type":"Feature","id":"OSM-way-679447918","properties":{"id":"OSM-way-679447918","tag":"forest","facilityId":null,"name":null,"cpcbCategory":null,"source":"OpenStreetMap via Overpass bulk load (© OpenStreetMap contributors, ODbL)","refreshedAt":"2026-09-29T11:11:52.206Z","mappedSince":null,"osmTags":{"natural":"wood"}},"geometry":{"type":"Polygon","coordinates":[[[77.697627,27.571577],[77.697748,27.571489],[77.69767,27.571054],[77.697627,27.571016],[77.697445,27.571151],[77.697225,27.571025],[77.697093,27.571063],[77.696989,27.57113],[77.697153,27.571258],[77.697297,27.571282],[77.697402,27.571384],[77.697627,27.571577]]]}},{"type":"Feature","id":"OSM-way-679447920","properties":{"id":"OSM-way-679447920","tag":"forest","facilityId":null,"name":null,"cpcbCategory":null,"source":"OpenStreetMap via Overpass bulk load (© OpenStreetMap contributors, ODbL)","refreshedAt":"2026-09-29T11:11:52.206Z","mappedSince":null,"osmTags":{"natural":"wood"}},"geometry":{"type":"Polygon","coordinates":[[[77.697823,27.571077],[77.697874,27.571051],[77.698386,27.571574],[77.698059,27.571821],[77.697973,27.571696],[77.697823,27.571077]]]}},{"type":"Feature","id":"OSM-way-1500206488","properties":{"id":"OSM-way-1500206488","tag":"farmland","facilityId":null,"name":null,"cpcbCategory":null,"source":"OpenStreetMap via Overpass bulk load (© OpenStreetMap contributors, ODbL)","refreshedAt":"2026-09-29T11:11:52.206Z","mappedSince":null,"osmTags":{"landuse":"farmland"}},"geometry":{"type":"Polygon","coordinates":[[[77.681481,27.406089],[77.680582,27.40729],[77.679445,27.40869],[77.677363,27.410367],[77.676913,27.410667],[77.676516,27.4113],[77.676516,27.411376],[77.676033,27.411529],[77.674123,27.413614],[77.674391,27.41491],[77.674252,27.414986],[77.674295,27.41571],[77.67423,27.415824],[77.674338,27.416338],[77.674166,27.416395],[77.674316,27.417367],[77.674552,27.417291],[77.674831,27.417748],[77.674295,27.418072],[77.674617,27.418967],[77.674273,27.4191],[77.674252,27.420719],[77.674402,27.424871],[77.674453,27.428017],[77.675346,27.427795],[77.675346,27.427623],[77.6757,27.427223],[77.675099,27.426842],[77.675679,27.426214],[77.676215,27.426642],[77.676301,27.426557],[77.676837,27.42729],[77.677159,27.427871],[77.677932,27.427671],[77.680566,27.427771],[77.680415,27.426447],[77.680882,27.42639],[77.680475,27.425671],[77.679487,27.424528],[77.68041,27.423157],[77.680603,27.422814],[77.682084,27.423976],[77.682406,27.4235],[77.682127,27.423214],[77.682771,27.422662],[77.684659,27.423043],[77.685454,27.422759],[77.685259,27.420419],[77.687631,27.420415],[77.688714,27.417214],[77.688934,27.415653],[77.687244,27.414138],[77.686708,27.414386],[77.68615,27.413471],[77.685893,27.413548],[77.685614,27.411586],[77.687287,27.411548],[77.687436,27.410295],[77.686772,27.410281],[77.68674,27.409857],[77.687148,27.40981],[77.68711,27.409447],[77.687598,27.4094],[77.68758,27.40904],[77.68832,27.409021],[77.688382,27.408488],[77.688993,27.408564],[77.689752,27.408719],[77.689835,27.408355],[77.689173,27.408212],[77.689095,27.407509],[77.688985,27.407516],[77.68872,27.407435],[77.687295,27.40744],[77.685321,27.406985],[77.683712,27.406988],[77.683717,27.406733],[77.683377,27.406728],[77.683377,27.406581],[77.682478,27.406421],[77.681481,27.406089]]]}}]}